# File: ModelUsed.dat
# Creation time: 2026-03-02T14:35:42.613  +0100
#
# Inner population model.
# Version OSSOS 1.0, 2026-02-25
#
# Seed:  123476790
#
# Epoch: 2453157.50000
#
# Colors for hot:   0.60  0.00 -0.50 -1.00  1.50  1.20  0.80 -0.10 -0.50  0.00
#
# Parameters for inclination distribution:   0.00 14.00
# Parameters for q distribution:  40.00  1.00 35.00  1.00
# Parameters for a distribution:   -2.50  37.70  39.00
#
# Hot H-dist. parameter:            8.66  1.00  0.40  8.66
#
# Phase effect parameter G:  0.15
#
# lightcurve initial phase:  0.000
# lightcurve period [day]:  0.600
# lightcurve amplitude:  0.000
#
#   a        e        i      Omega    omega      M        H       epoch        dist    comment 
  38.8731   0.0934  21.1441 198.8689 273.8676 228.5464   8.15 2453157.50000   41.4506    inner_
  38.2838   0.0865  38.3965 303.0454 162.4649 156.3157   6.87 2453157.50000   41.3559    inner_
  38.1554   0.0374  26.3736 192.0752  11.1831 285.2230   8.31 2453157.50000   37.8311    inner_
  37.8186   0.0582  22.4573 300.0013 348.3736 296.6821   6.97 2453157.50000   36.9358    inner_
  38.5676   0.0091   1.2985  67.6399 309.5915 185.8680   8.60 2453157.50000   38.9176    inner_
  38.5869   0.1092  22.2308 113.1900 357.3381  23.9276   8.34 2453157.50000   34.8247    inner_
  38.3964   0.0245  27.6824 186.9724  28.9100 289.4006   7.62 2453157.50000   38.1051    inner_
  38.2677   0.0299   6.5362 223.3389 267.7752 285.0153   8.49 2453157.50000   38.0031    inner_
  38.7296   0.0265   2.3510 256.0519 199.0080  19.5050   7.80 2453157.50000   37.7652    inner_
  38.2775   0.0839  27.9411  96.2673  37.5983 228.5460   8.08 2453157.50000   40.5437    inner_
  38.6994   0.0134  26.3578  83.6551 139.9313 298.5398   8.36 2453157.50000   38.4567    inner_
  38.2006   0.0601  26.5937 316.0745  53.6852 193.9218   8.35 2453157.50000   40.4346    inner_
  38.2504   0.0284  28.3381 312.6373 293.8498 176.5072   8.25 2453157.50000   39.3367    inner_
  38.4612   0.0258   6.8962 143.9343  58.2379  19.3227   8.52 2453157.50000   37.5272    inner_
  37.9786   0.0452  21.2913 285.0062 317.6359  14.2411   7.86 2453157.50000   36.3215    inner_
  38.7812   0.0181  26.8035 284.3047   6.2394 347.1870   8.58 2453157.50000   38.0972    inner_
  38.1626   0.0515  23.6762  50.4268 156.8520 146.4100   8.12 2453157.50000   39.8287    inner_
  37.8049   0.0781  23.9191 163.9983  27.8405  77.9592   8.28 2453157.50000   37.4140    inner_
  38.6568   0.0627   8.1608 180.0858 175.0549   5.7630   7.13 2453157.50000   36.2455    inner_
  37.8661   0.0056  26.0347  81.7330 113.8271 266.6682   8.50 2453157.50000   37.8797    inner_
  38.6521   0.0273  37.7958  26.6639 207.3010 287.7034   8.37 2453157.50000   38.3573    inner_
  38.5226   0.0022  24.2687  78.9712 124.0417  68.4992   8.37 2453157.50000   38.4913    inner_
  38.0455   0.0180  19.3164 358.5674  22.3888 282.1322   8.51 2453157.50000   37.9134    inner_
  38.2045   0.0744  28.9211 251.8677 285.6178 333.2789   8.33 2453157.50000   35.7146    inner_
  38.1283   0.0354  32.0881 287.5089  59.6761 311.6237   8.41 2453157.50000   37.2590    inner_
  37.9675   0.0058  28.5695 272.6781 238.5077 127.3669   8.51 2453157.50000   38.1015    inner_
  38.9358   0.1277  29.7603 331.8956  86.5229 357.3055   7.58 2453157.50000   33.9699    inner_
  38.8564   0.0493  23.5554 137.8975  72.4582  87.2044   8.60 2453157.50000   38.8573    inner_
  37.7048   0.1090  48.9331 124.7161 118.9955  79.6754   6.86 2453157.50000   37.4114    inner_
  37.8791   0.0036  27.7031  96.9887 224.4312  89.2989   8.49 2453157.50000   37.8779    inner_
  38.7400   0.0418   4.4276 238.3842   1.2754 312.6551   8.33 2453157.50000   37.6811    inner_
  37.9351   0.0105  30.9530 153.1228 160.2599 356.8052   8.47 2453157.50000   37.5373    inner_
  38.5649   0.0504   1.2658 355.5678 209.5046 242.6515   8.19 2453157.50000   39.5315    inner_
  38.6885   0.0111  21.2942  52.3020 237.7518 133.3290   7.38 2453157.50000   38.9867    inner_
  38.5721   0.0072  26.2670 230.2820  92.4396 111.7764   8.65 2453157.50000   38.6768    inner_
  38.1437   0.0249  38.1365  40.6133 215.2553 247.9102   8.24 2453157.50000   38.5212    inner_
  38.0816   0.0236   4.8726 231.6357 114.8847 142.2510   8.64 2453157.50000   38.7987    inner_
  38.9015   0.0170  27.9817 183.7449 119.3312 300.3411   7.11 2453157.50000   38.5755    inner_
  38.4000   0.0628  30.6312 203.8744  97.9837 173.1352   8.07 2453157.50000   40.7965    inner_
  38.1405   0.0535   4.0111  30.4797 182.4037 355.1025   6.94 2453157.50000   36.1101    inner_
  38.6030   0.0543   4.2563 299.6549 238.0846  93.4382   8.45 2453157.50000   38.8415    inner_
  38.7597   0.0484  26.3811  91.5534  69.4920 280.7777   8.33 2453157.50000   38.4976    inner_
  38.9366   0.1008  31.7262 285.6739  54.4903  57.2233   7.67 2453157.50000   37.1142    inner_
  38.5288   0.0349   4.3041   3.0930   2.2755 117.7695   6.97 2453157.50000   39.1921    inner_
  38.1238   0.0468  24.1950 243.5130  82.7679 177.8131   8.61 2453157.50000   39.9064    inner_
  37.7909   0.0386   7.8055 100.2624  31.6719 147.2202   7.58 2453157.50000   39.0340    inner_
  38.4286   0.0526  24.3765 291.3722 244.9042 149.4165   8.21 2453157.50000   40.1941    inner_
  37.8233   0.0618  22.0170  81.3858  14.4848 259.2924   7.93 2453157.50000   38.3949    inner_
  38.2661   0.0732  20.9454 237.7288 240.9129 192.7567   8.46 2453157.50000   41.0089    inner_
  38.7494   0.0243  20.6273 250.7874  64.0625 197.5421   8.17 2453157.50000   39.6497    inner_
  38.4757   0.0637  23.9756  96.2053 250.2285 224.3293   8.33 2453157.50000   40.3006    inner_
  38.7775   0.0198  26.8879 343.7604 304.5412 198.3151   8.26 2453157.50000   39.5064    inner_
  38.1288   0.0773  22.3531 105.3955  52.6952 342.5257   7.73 2453157.50000   35.3415    inner_
  38.5790   0.0461  21.8722 282.4298 101.4472 228.5837   8.30 2453157.50000   39.8006    inner_
  38.5938   0.0941  27.7533 240.7293  76.3038  81.6955   8.50 2453157.50000   38.4087    inner_
  37.9594   0.0633  26.8482 351.3236 199.8583 310.4188   7.86 2453157.50000   36.4949    inner_
  38.7347   0.0068  38.8657 132.6554  28.8223  33.9313   8.28 2453157.50000   38.5180    inner_
  38.6267   0.0323  26.0250 161.7791 119.8529 150.4653   8.15 2453157.50000   39.7204    inner_
  38.1498   0.0468  32.4480  67.7280 201.4161 160.1247   8.25 2453157.50000   39.8363    inner_
  38.3838   0.0665  22.8324  80.1336  23.2367 308.5944   8.38 2453157.50000   36.9027    inner_
  37.7084   0.0775  29.6053  59.9505 192.1252 144.9916   7.88 2453157.50000   40.1712    inner_
  38.7256   0.0616  23.2856 223.2737 242.0251 326.6214   8.52 2453157.50000   36.7809    inner_
  38.9316   0.0403  18.9048 294.1133   2.0895 211.2928   8.47 2453157.50000   40.2902    inner_
  37.8390   0.0146  32.8363  90.1064 281.2674 185.4316   7.00 2453157.50000   38.3904    inner_
  38.5643   0.0176  28.7946 141.7577 353.9590 207.1559   8.19 2453157.50000   39.1698    inner_
  38.5795   0.0514  24.5796 150.9036  28.8513 158.3002   8.60 2453157.50000   40.4351    inner_
  38.8273   0.0393   7.3942 184.7651 130.4334 134.5845   8.13 2453157.50000   39.9280    inner_
  38.6823   0.0416  26.6714 115.9268  40.0596 339.7153   8.53 2453157.50000   37.1815    inner_
  37.9581   0.0203  30.9404 125.7586  21.0172 275.8962   8.14 2453157.50000   37.8943    inner_
  38.6182   0.0705  30.6956 292.0478 263.5356 206.8818   8.36 2453157.50000   41.0826    inner_
  38.6668   0.0260  39.3652  52.4299 200.9573 291.9522   8.17 2453157.50000   38.3140    inner_
  38.1925   0.0938  28.1284 337.1437 244.8173 126.0789   8.42 2453157.50000   40.5049    inner_
  38.3466   0.0523  20.0023 305.8057 195.3047  36.5326   7.88 2453157.50000   36.7737    inner_
  38.4181   0.0822  24.4965 170.3174 262.4781 112.0714   8.56 2453157.50000   39.8168    inner_
  38.8452   0.0011   3.7595 107.5356  46.2709  10.4053   8.37 2453157.50000   38.8026    inner_
  38.7587   0.0133  24.9533 248.1111 248.7124  90.7356   8.30 2453157.50000   38.7721    inner_
  38.8376   0.0493  34.2042 299.2184  29.6843 199.5185   8.48 2453157.50000   40.6507    inner_
  38.8224   0.0516   7.3222 171.9246 323.5454 162.5897   7.44 2453157.50000   40.7431    inner_
  38.5597   0.0122  29.6556  55.5066 102.8622  49.4274   8.60 2453157.50000   38.2582    inner_
  38.5779   0.1385  24.0258 114.1130 241.3510 205.6160   7.37 2453157.50000   43.5108    inner_
  37.9811   0.0116  24.7235 210.1534 310.4904 299.1536   4.97 2453157.50000   37.7699    inner_
  38.5915   0.0729  21.6490 236.7206   5.3896 175.7989   8.22 2453157.50000   41.3965    inner_
  38.5384   0.0032   2.7015 178.6041 147.1428 175.1417   8.55 2453157.50000   38.6619    inner_
  38.7870   0.0908  24.1265  64.4175  68.7748  18.5854   8.19 2453157.50000   35.4866    inner_
  38.4477   0.0255   6.5236 190.8847 176.0424 328.0986   8.31 2453157.50000   37.6218    inner_
  38.8081   0.0479  22.6897 239.6923 193.5256 358.2470   8.37 2453157.50000   36.9488    inner_
  37.9117   0.0055  23.6522 306.9770 265.9171 229.6892   6.95 2453157.50000   38.0466    inner_
  38.7808   0.0235  32.7066 104.2953 171.3170 177.5519   8.56 2453157.50000   39.6910    inner_
  38.3220   0.0771  22.8427 116.9293  73.5916  64.1856   8.62 2453157.50000   37.2286    inner_
  38.6176   0.0144   8.4433 164.3799 225.9641 294.5246   7.38 2453157.50000   38.3939    inner_
  38.0444   0.0374  27.9984  62.4978 250.4326 279.3404   8.10 2453157.50000   37.8656    inner_
  38.0643   0.0582  22.8711 292.3354  88.2036  92.6389   8.54 2453157.50000   38.2943    inner_
  38.0327   0.0425  48.9515 114.2739  71.9663 199.7585   8.42 2453157.50000   39.5604    inner_
  38.9260   0.0563  27.9854 200.4981  25.4691 345.9220   7.50 2453157.50000   36.8092    inner_
  38.7594   0.0148  20.9896 212.9458 162.2398 222.7057   8.17 2453157.50000   39.1839    inner_
  38.3712   0.0655  35.2217 100.5044 195.2551 303.4799   7.57 2453157.50000   37.1059    inner_
  38.5290   0.0037  27.1287  24.3912 315.9506 248.8685   7.97 2453157.50000   38.5813    inner_
  38.7286   0.0078  25.2013  94.9656 106.3024   1.9473   8.57 2453157.50000   38.4257    inner_
  37.9779   0.1215  27.2920  14.5435 339.7017 323.5405   7.86 2453157.50000   34.4980    inner_
  38.3715   0.0883  20.3441  37.4423 297.1960 238.9114   8.06 2453157.50000   40.3265    inner_
  37.9264   0.0731  20.2581 213.5919 142.2469  39.4913   8.40 2453157.50000   35.8774    inner_
  38.4360   0.0055  22.0875 107.3286 187.6172  33.7963   8.07 2453157.50000   38.2611    inner_
  37.8145   0.0465  24.5315  27.2014 161.7675 187.6536   8.23 2453157.50000   39.5593    inner_
  38.5491   0.0263  26.9398 319.9210 348.5624 232.9663   8.63 2453157.50000   39.1768    inner_
  38.9098   0.0678   5.6630 269.5210 327.7090 273.7295   8.59 2453157.50000   38.9170    inner_
  37.8622   0.0081   7.2529 139.0490 174.6851 135.8870   8.47 2453157.50000   38.0839    inner_
  38.5340   0.0459   7.8087  98.6552  77.1602 248.5889   8.45 2453157.50000   39.2482    inner_
  38.2617   0.1068  24.1912 216.0728 140.7291   8.6325   7.74 2453157.50000   34.2330    inner_
  38.9402   0.0264  29.4517 212.1849 276.4096  44.5894   7.83 2453157.50000   38.2227    inner_
  37.7091   0.0045   5.4985 107.0601 268.6406 343.7797   8.10 2453157.50000   37.5475    inner_
  38.6532   0.0555  24.6955 261.0420 238.1668  72.9421   8.30 2453157.50000   38.1350    inner_
  38.2006   0.0581  34.5960 167.7314  37.0252 219.2015   7.48 2453157.50000   39.9688    inner_
  38.6187   0.0344  21.9857   4.4940 294.7037 350.0539   8.04 2453157.50000   37.3105    inner_
  38.0642   0.0278   3.4114 193.6520 356.4844 113.8330   8.00 2453157.50000   38.5164    inner_
  38.6531   0.0595   6.5301 133.8122  15.5576  74.9349   7.32 2453157.50000   38.1858    inner_
  38.2390   0.0355  22.9722 230.7576 133.7019 215.0176   7.58 2453157.50000   39.3657    inner_
  38.2850   0.0632  25.9128  93.9916 170.0944 290.2373   7.68 2453157.50000   37.5869    inner_
  38.1314   0.0576   5.0557 258.2092 179.8069 155.1229   8.40 2453157.50000   40.1451    inner_
  38.7452   0.0503  29.0192  43.5168 221.9813 345.2995   7.42 2453157.50000   36.8678    inner_
  38.5985   0.0330  34.0913 296.3195 353.5989  32.4133   7.67 2453157.50000   37.5371    inner_
  38.5052   0.0317  22.0819 191.5522  72.6005  94.6641   8.58 2453157.50000   38.6426    inner_
  38.4911   0.1403  29.1051 220.1516 272.4438 184.3237   7.79 2453157.50000   43.8788    inner_
  38.7554   0.0706   8.5513 181.5412 274.2574 288.5525   8.31 2453157.50000   38.0638    inner_
  38.9783   0.0106  29.0060 306.0366 131.5131 199.3123   8.34 2453157.50000   39.3702    inner_
  38.1304   0.0834  23.2853 162.6301  49.8623 354.5422   8.53 2453157.50000   34.9667    inner_
  38.4780   0.0340   4.6612  11.4960 205.4474 314.4423   7.65 2453157.50000   37.5852    inner_
  38.7587   0.0739  36.7140 133.5909 167.8930 257.3940   8.24 2453157.50000   39.5806    inner_
  37.7497   0.0329  27.4031 272.7489 110.7118 286.9816   8.65 2453157.50000   37.4244    inner_
  37.8823   0.0129  22.5389  10.0584 199.8953 100.5101   7.43 2453157.50000   37.9772    inner_
  38.7594   0.0157  20.8931 326.9175  38.7647 138.7431   6.43 2453157.50000   39.2209    inner_
  38.1176   0.0086   4.6780 280.4575   8.1921 124.6607   8.48 2453157.50000   38.3062    inner_
  38.8654   0.1391  34.2095 220.0166 170.1707 179.4144   8.61 2453157.50000   44.2719    inner_
  38.3159   0.0147   7.7749 117.4033 205.5040 344.1732   6.89 2453157.50000   37.7739    inner_
  38.8289   0.0848  38.6010 216.6736 239.8038 208.5672   8.26 2453157.50000   41.7791    inner_
  38.7840   0.1072  36.1634 150.1736 155.5834 244.7613   8.04 2453157.50000   40.8966    inner_
  38.2607   0.0109  22.4977 319.8221 165.5569 100.4997   8.62 2453157.50000   38.3413    inner_
  38.4912   0.0741  25.4417 185.9665 123.3556 234.5387   7.16 2453157.50000   40.2768    inner_
  38.0836   0.0723  37.5707 208.9241 339.6163 135.9354   8.00 2453157.50000   40.1498    inner_
  37.9562   0.0053   5.9162 258.1819 208.3503  52.8286   7.33 2453157.50000   37.8357    inner_
  37.7100   0.0123  37.8300  20.6667 164.4688 296.1992   7.53 2453157.50000   37.5095    inner_
  38.0939   0.0367  21.3288 276.3019  95.7253 196.5674   8.07 2453157.50000   39.4361    inner_
  38.5046   0.0697  19.7057 232.3098 157.2289  46.6835   8.01 2453157.50000   36.7696    inner_
  38.8742   0.0353  28.3977  35.7745 326.1404   8.6610   8.53 2453157.50000   37.5207    inner_
  38.3359   0.0356  37.1650  48.2152 346.5322  73.0341   7.20 2453157.50000   37.9827    inner_
  38.2817   0.0641  23.7335  94.8670 328.3116  39.2809   8.41 2453157.50000   36.4502    inner_
  37.8330   0.0868  31.7839 229.3541 349.1820 197.6528   8.62 2453157.50000   40.9873    inner_
  38.7475   0.0013  23.7398 339.9810 102.8409 123.5333   7.90 2453157.50000   38.7761    inner_
  37.8973   0.0442  20.2613 234.2752 171.6395  80.7289   8.61 2453157.50000   37.7002    inner_
  37.9413   0.0702  29.4792 200.3436  40.4710 195.3570   7.95 2453157.50000   40.5232    inner_
  38.4659   0.0104   6.9517 114.4704 306.5470 168.6189   7.37 2453157.50000   38.8573    inner_
  37.7589   0.0529  23.2819 168.5805  62.8946 174.6195   7.94 2453157.50000   39.7482    inner_
  38.7638   0.0795  37.4946 233.0725 247.9145 292.3931   7.20 2453157.50000   37.8081    inner_
  37.8086   0.0321  36.7124 200.8647  27.3143   9.1951   8.18 2453157.50000   36.6115    inner_
  37.8963   0.0785  22.7400 238.8061 313.7731 320.9466   8.50 2453157.50000   35.6866    inner_
  38.5372   0.0275  21.4782  67.5169 315.8728 135.0092   8.11 2453157.50000   39.3015    inner_
  38.3763   0.0109  18.8845 251.2470  46.8786 112.2653   8.34 2453157.50000   38.5391    inner_
  38.5754   0.0555  34.0646  70.0201 209.7713 296.3639   8.12 2453157.50000   37.7239    inner_
  38.1052   0.0486  27.4249 180.6789 355.4172 181.9953   8.06 2453157.50000   39.9547    inner_
  38.3863   0.0609  24.3952 226.3297  69.1759  45.4874   8.42 2453157.50000   36.8238    inner_
  38.4260   0.0637   7.6199 164.6379 178.4943 172.6588   8.62 2453157.50000   40.8552    inner_
  37.7581   0.0436  23.4518 278.9648 115.1841 311.5144   6.73 2453157.50000   36.7085    inner_
  38.2091   0.0452  19.9991 241.8030  90.4596 267.4790   8.26 2453157.50000   38.3624    inner_
  38.9975   0.0410  27.0980 100.0863 295.6983 355.8610   8.61 2453157.50000   37.4016    inner_
  38.1521   0.0781  19.4876 243.4865 313.0112 338.0767   8.28 2453157.50000   35.4245    inner_
  38.7893   0.0344   2.1161 267.8653  76.9680 280.6649   8.63 2453157.50000   38.5873    inner_
  38.2581   0.0612   5.8218  63.6833  32.3905  17.2064   7.37 2453157.50000   36.0359    inner_
  38.4410   0.0253   6.2818 118.8407 312.5119  41.1115   8.29 2453157.50000   37.7182    inner_
  37.8544   0.0110  21.3455  63.6326 226.9755  85.9847   8.17 2453157.50000   37.8298    inner_
  38.2228   0.0597  23.1413 167.8035  61.2972 149.1406   7.57 2453157.50000   40.2139    inner_
  38.4857   0.0644  23.6356   9.5572 246.3211 262.0395   8.24 2453157.50000   38.9827    inner_
  38.4933   0.0240  21.0624 337.8843  78.8247 210.0895   8.59 2453157.50000   39.2978    inner_
  38.9016   0.1078  20.4488 271.4328  92.4190  40.2869   7.59 2453157.50000   35.9182    inner_
  37.9097   0.0722  26.9118 321.7530 351.0217  79.6170   8.03 2453157.50000   37.6107    inner_
  38.8542   0.1101  28.1157 159.9044  83.2778 199.4833   7.90 2453157.50000   42.9320    inner_
  38.0695   0.0871  26.1264  79.4105  15.5148 194.2112   8.45 2453157.50000   41.3011    inner_
  38.2940   0.1225  26.0224 222.0170 247.2449 157.0617   7.95 2453157.50000   42.6878    inner_
  38.7149   0.0166  25.1205 138.0664 131.3845 209.0765   7.86 2453157.50000   39.2795    inner_
  37.9224   0.0519   6.3778  64.7570 132.2514 325.3397   7.81 2453157.50000   36.3390    inner_
  37.9476   0.0043  25.2670 168.4791 298.8608  69.2398   8.43 2453157.50000   37.8908    inner_
  38.8988   0.0830  23.1134 182.1254  60.4734 281.5530   8.52 2453157.50000   38.5148    inner_
  37.8588   0.0532  29.3815 161.9892 326.3955 339.5797   7.63 2453157.50000   35.9858    inner_
  38.4609   0.0932  36.8964 191.0957  76.0184  39.4540   7.86 2453157.50000   35.8446    inner_
  38.3373   0.0026   6.1440 111.8757 284.2309 158.0405   7.97 2453157.50000   38.4307    inner_
  38.8518   0.0833  23.9688 165.2027 319.2801 114.2737   8.15 2453157.50000   40.3952    inner_
  38.4591   0.0003  25.7520  12.1985  51.9059 273.6522   8.38 2453157.50000   38.4582    inner_
  38.1053   0.0432  19.9686 309.7922  13.2734 312.3146   7.82 2453157.50000   37.0371    inner_
  37.8468   0.0582  38.8655 138.4583 146.8867 349.6312   7.99 2453157.50000   35.6846    inner_
  38.9104   0.1199  27.8853 240.6864 324.7641 205.9685   7.96 2453157.50000   43.1985    inner_
  38.7568   0.0090  28.5606 348.9082  22.0861  68.3825   8.63 2453157.50000   38.6308    inner_
  37.8254   0.0301  23.6588 123.9865  64.9980   2.8390   8.46 2453157.50000   36.6883    inner_
  38.7562   0.0054  25.3672 200.0156 113.7005 348.5427   7.23 2453157.50000   38.5495    inner_
  38.9102   0.0241   2.7647 112.6245 324.9443  30.6203   5.93 2453157.50000   38.1097    inner_
  38.7255   0.1437  26.6911  98.5601 285.2659 160.2322   8.40 2453157.50000   44.0388    inner_
  38.8943   0.1038  20.7593 242.4380  71.0416 184.5118   8.28 2453157.50000   42.9199    inner_
  37.9727   0.0249  23.2054  67.0269  19.7948 180.1900   7.46 2453157.50000   38.9188    inner_
  38.4177   0.0164  32.7328  71.3620 143.3217 321.2149   8.14 2453157.50000   37.9298    inner_
  38.1175   0.0082  21.4492  44.0480 249.0712 133.9486   7.05 2453157.50000   38.3351    inner_
  37.7871   0.0130   2.5501  67.5544 277.3329  83.9888   8.39 2453157.50000   37.7419    inner_
  38.1957   0.0305   6.7676 111.2844 190.7460 229.7718   8.56 2453157.50000   38.9678    inner_
  38.5076   0.0661  29.9822 314.3450  36.2147 193.8650   7.73 2453157.50000   40.9893    inner_
  38.0392   0.0176  28.5480 205.4702 178.9286 191.7709   8.49 2453157.50000   38.6944    inner_
  37.7683   0.0020   7.5218  96.8205 193.6750  67.5290   7.50 2453157.50000   37.7398    inner_
  38.2605   0.0411  23.9030  43.3287  35.8136   7.0059   8.13 2453157.50000   36.7012    inner_
  37.8590   0.0777  25.3321  50.8521 185.3818  40.0882   8.27 2453157.50000   35.7134    inner_
  38.3872   0.0146   8.0901 108.9383 259.3896 269.2375   7.61 2453157.50000   38.4029    inner_
  38.9957   0.0757  25.5212  26.1575 359.9065 280.3606   7.95 2453157.50000   38.6847    inner_
  38.1976   0.0585  39.4042 145.4586 245.5267 318.5011   8.11 2453157.50000   36.5853    inner_
  38.9236   0.0984  40.6975 336.5555 259.8473 155.9828   8.08 2453157.50000   42.4758    inner_
  38.1007   0.0350  33.0105   7.9421 159.5344   8.3011   7.21 2453157.50000   36.7822    inner_
  38.2747   0.0323  27.8609 156.0378 296.6324 242.2866   8.59 2453157.50000   38.8794    inner_
  38.1479   0.0142  29.0417  28.9090 274.1214 221.6235   8.47 2453157.50000   38.5562    inner_
  37.8637   0.0524   5.7905  49.0310 115.8252  29.7061   8.44 2453157.50000   36.1684    inner_
  38.7842   0.0426  26.6120 310.1528 270.2900 356.0832   8.36 2453157.50000   37.1349    inner_
  38.9298   0.0977  22.6662 327.9971  44.4022 313.1418   8.23 2453157.50000   36.5467    inner_
  38.2189   0.0259  35.1944 106.2533  54.2916 105.4080   8.06 2453157.50000   38.5054    inner_
  38.4219   0.0107  21.4302 202.9185 147.3205  38.7482   8.60 2453157.50000   38.1018    inner_
  38.8693   0.0808  21.2809 292.3951 259.1080 110.7025   8.54 2453157.50000   40.1913    inner_
  38.1013   0.0659  28.2027 231.0937 173.7177 322.2603   8.12 2453157.50000   36.1833    inner_
  38.8892   0.0502   3.6248  78.2014  85.3017  11.9281   8.56 2453157.50000   36.9825    inner_
  38.7612   0.0753  27.2516 336.5418 333.6089 140.2982   8.57 2453157.50000   41.0887    inner_
  37.8328   0.0977  24.8914  16.7214 124.7764 302.1790   8.00 2453157.50000   36.1431    inner_
  38.8490   0.0109   7.7871 123.5144  71.4129 263.7528   7.94 2453157.50000   38.8997    inner_
  38.2711   0.1213  26.9230  77.1498  37.6844 329.7017   8.36 2453157.50000   34.4316    inner_
  37.9521   0.1079  23.6466 245.3920  80.1486 221.6049   8.64 2453157.50000   41.1879    inner_
  38.6548   0.1065  22.4977  62.4026   5.8150 154.6622   7.11 2453157.50000   42.4454    inner_
  38.9466   0.0417  32.4219  59.7817  12.2973 293.4329   8.49 2453157.50000   38.3589    inner_
  38.1190   0.0060  26.4557 335.4504 261.8980 286.1891   8.64 2453157.50000   38.0561    inner_
  38.1916   0.0133  24.1306 204.6289 125.8064  70.8195   8.46 2453157.50000   38.0303    inner_
  37.9091   0.0171  21.9120 145.4728 135.1746 321.8771   7.17 2453157.50000   37.4035    inner_
  38.5761   0.0092  20.1044  30.8472 183.1011   1.3782   7.43 2453157.50000   38.2195    inner_
  38.8729   0.0273   3.8988 130.7632 294.8753 196.7046   8.31 2453157.50000   39.8902    inner_
  38.2270   0.0173  29.1491 227.7260 302.4112 213.0242   8.07 2453157.50000   38.7833    inner_
  37.8688   0.0719  21.5962 356.7558  94.6365   8.8379   7.64 2453157.50000   35.1850    inner_
  38.2400   0.1255  27.4649  38.6621 293.8285  89.4845   8.00 2453157.50000   38.7937    inner_
  38.6400   0.0670  23.0563  10.3948  99.3055 147.6944   7.99 2453157.50000   40.8748    inner_
  38.2969   0.0355  21.6885 252.5085 154.0149 294.1135   8.65 2453157.50000   37.7819    inner_
  38.5944   0.0183  25.6665 169.8378 147.5913  82.4811   7.76 2453157.50000   38.5148    inner_
  38.5419   0.0528  40.6668 357.8744   5.4178 330.7267   8.57 2453157.50000   36.7956    inner_
  38.1103   0.0553  29.8731 324.3575  88.6153 222.1251   8.25 2453157.50000   39.7216    inner_
  37.9556   0.0871  22.3761 139.3129 326.9934 174.3965   8.48 2453157.50000   41.2485    inner_
  38.0348   0.0334   0.7088 328.6473 120.5258  70.7503   8.08 2453157.50000   37.6548    inner_
  37.7042   0.0215   7.1021 150.1454  16.8702  73.3246   8.18 2453157.50000   37.4878    inner_
  37.9475   0.0161   0.3980 157.6107  40.1752 172.8128   7.80 2453157.50000   38.5536    inner_
  38.3334   0.0128   5.3458 262.4005 249.5958 202.8762   7.22 2453157.50000   38.7852    inner_
  38.5832   0.0326   4.8252 282.5443 203.9144  83.0292   6.33 2453157.50000   38.4711    inner_
  38.7763   0.0059   6.2701 195.7110  60.1269 144.3619   7.31 2453157.50000   38.9621    inner_
  38.2945   0.0769  27.4154  40.5846 283.2387 142.8544   8.60 2453157.50000   40.7187    inner_
  38.0097   0.0391   6.5686 184.8699  44.2970 307.8960   7.56 2453157.50000   37.1345    inner_
  37.9813   0.0097   6.6882 196.1069 112.7327  66.1514   8.36 2453157.50000   37.8360    inner_
  38.9307   0.0325  19.7585 315.1593 236.8338 320.0235   7.27 2453157.50000   37.9797    inner_
  38.4961   0.0478  28.4983 160.8141  33.7154  17.1840   7.65 2453157.50000   36.7472    inner_
  37.7544   0.0970  36.2719 125.4330 132.0942  67.4392   7.32 2453157.50000   36.6681    inner_
  38.2375   0.0430  22.3800  22.1060 325.8820 196.7065   8.57 2453157.50000   39.8193    inner_
  38.7514   0.0859  33.5349 115.6413  35.0160 246.8898   7.82 2453157.50000   40.2865    inner_
  38.9940   0.0669   7.4135 133.6477 223.1124 277.7175   7.73 2453157.50000   38.8169    inner_
  38.8757   0.0833  26.3516 163.3469 274.5658 279.0807   8.44 2453157.50000   38.6317    inner_
  37.7914   0.0138  23.1096 354.0207 204.8543 215.9268   8.54 2453157.50000   38.2170    inner_
  37.7168   0.0984  35.2948  38.6734  58.8308 167.6861   8.25 2453157.50000   41.3557    inner_
  38.5581   0.0259  24.5191 352.3017 107.7071 251.7699   7.24 2453157.50000   38.8942    inner_
  38.7334   0.0941  40.5509 185.0611 335.5766  79.2037   8.44 2453157.50000   38.3885    inner_
  38.3648   0.0167  31.9479 149.5998  29.7921 354.4468   8.61 2453157.50000   37.7266    inner_
  38.1966   0.0758  32.3939 311.8081 223.2695  16.3184   7.66 2453157.50000   35.4390    inner_
  38.1806   0.0424  28.4021 123.0525 177.8215 120.9265   7.87 2453157.50000   39.0624    inner_
  37.8171   0.0290  21.8949  59.9531   9.5087 188.3647   7.57 2453157.50000   38.9028    inner_
  37.8267   0.0062  30.1596  60.0710 183.0433  69.8874   8.37 2453157.50000   37.7471    inner_
  37.8448   0.0231   6.9491  67.9440 246.7737 245.4458   8.53 2453157.50000   38.2250    inner_
  38.2208   0.1210  20.5267  13.6695 218.2357 295.3575   6.97 2453157.50000   36.7305    inner_
  38.8338   0.1450  31.4798 236.0885 247.1547 264.6480   7.22 2453157.50000   40.1418    inner_
  38.6399   0.0098  18.9875 323.0698 110.2302 291.5020   8.32 2453157.50000   38.5041    inner_
  37.9583   0.0129  20.5706  38.7456 199.2592   7.1090   6.61 2453157.50000   37.4734    inner_
  38.0262   0.0072  28.1693 250.5862 170.5203 284.5406   7.09 2453157.50000   37.9597    inner_
  38.1463   0.0351  21.6573 341.9944 176.9313  63.5881   8.35 2453157.50000   37.5887    inner_
  38.8411   0.0195  31.2741 164.5419 240.9615 282.3056   8.63 2453157.50000   38.6941    inner_
  38.0868   0.0822  38.5832 251.1738  94.8153 162.9599   6.60 2453157.50000   41.0992    inner_
  37.8164   0.0094  22.6078  16.9726  13.4453  84.4795   8.31 2453157.50000   37.7856    inner_
  38.9444   0.0208  26.7106 160.7012  56.0659 313.9895   8.31 2453157.50000   38.3914    inner_
  38.0412   0.0523  42.5615  42.1754  66.7847   4.4693   7.88 2453157.50000   36.0600    inner_
  38.5775   0.0233  33.4107 248.0645 249.5223  11.4102   8.63 2453157.50000   37.6962    inner_
  38.3731   0.0128  27.3230  20.8280 238.5611 104.6697   8.18 2453157.50000   38.5030    inner_
  37.7446   0.0780  25.0830  80.1132 248.3049 204.0283   7.77 2453157.50000   40.4676    inner_
  38.2463   0.1086  27.3620 251.0340 173.1317 209.3198   7.26 2453157.50000   41.9631    inner_
  38.1073   0.0460  31.2481 135.1607  55.8792  37.4153   8.14 2453157.50000   36.7469    inner_
  38.3393   0.0643  19.8444 314.8153  99.4861 114.1445   7.55 2453157.50000   39.4753    inner_
  38.9504   0.0409  26.3913 137.6799 317.6601 260.2787   8.61 2453157.50000   39.2821    inner_
  37.9587   0.0481  33.7494 350.4541 185.1308  67.2544   6.56 2453157.50000   37.3293    inner_
  38.7092   0.0428  27.1311  80.1600 345.9678 185.4738   7.05 2453157.50000   40.3592    inner_
  38.3182   0.1355  25.3672 114.1930  81.1717 253.8691   8.13 2453157.50000   40.3686    inner_
  38.1999   0.0429   7.4968 165.0997 238.2139 106.2981   8.50 2453157.50000   38.7228    inner_
  38.7078   0.0452   5.6942 167.5551  98.4739 359.8418   8.49 2453157.50000   36.9601    inner_
  38.7283   0.1197  29.8761  16.7404 329.5451 305.2362   8.65 2453157.50000   36.4625    inner_
  38.1148   0.0334  30.9664 212.7047 140.1305 134.3968   8.06 2453157.50000   39.0258    inner_
  37.8948   0.0093  30.2921 309.8956 278.7510 189.8237   8.65 2453157.50000   38.2429    inner_
  37.9110   0.0343   0.7306  61.2497  56.5505 331.8404   7.43 2453157.50000   36.7753    inner_
  37.8673   0.0280   4.2365 279.0298 265.2895 129.4595   8.51 2453157.50000   38.5585    inner_
  38.0012   0.0010   1.2516 325.8656 314.9681 276.4744   8.50 2453157.50000   37.9969    inner_
  38.3446   0.0100   3.2666 237.8919 357.3083 251.2010   7.99 2453157.50000   38.4720    inner_
  38.3588   0.0886  24.8943  76.0137  29.7348 265.1499   8.65 2453157.50000   38.9403    inner_
  38.3510   0.0286  24.0039 346.3267 321.3057 224.9066   8.58 2453157.50000   39.1425    inner_
  38.7705   0.0045  28.5395 193.9802 165.8322 191.3046   8.59 2453157.50000   38.9424    inner_
  38.5092   0.0066  21.3541 167.3993  70.1056  16.0008   8.48 2453157.50000   38.2639    inner_
  37.9521   0.0184  23.6602  25.9122  44.2091 212.5659   7.57 2453157.50000   38.5433    inner_
  37.9207   0.0588  29.5418  87.2530  41.8751 218.5503   8.65 2453157.50000   39.7109    inner_
  38.7290   0.0824  31.4549  39.4850 304.9080 221.2453   7.00 2453157.50000   41.2329    inner_
  38.6279   0.0224  30.1407  96.6126  83.5027 274.6403   8.59 2453157.50000   38.5772    inner_
  38.2532   0.0341  26.9886 351.2602 275.1390  15.0340   8.21 2453157.50000   36.9968    inner_
  38.2459   0.0223  23.0199 151.3688  18.7240 227.2618   8.47 2453157.50000   38.8343    inner_
  38.8743   0.0057  32.4454  79.1420 150.2068 196.5034   8.51 2453157.50000   39.0882    inner_
  38.6841   0.1147  31.0499 138.2073 131.6574 197.5318   8.38 2453157.50000   42.9553    inner_
  38.1464   0.0792  24.9570 312.7871 320.6356 359.2555   5.80 2453157.50000   35.1252    inner_
  37.7625   0.0031  27.4987 226.1821 299.3633 345.8813   7.28 2453157.50000   37.6504    inner_
  38.0793   0.0828  28.0707  91.7433 131.9675 348.5190   8.04 2453157.50000   34.9997    inner_
  37.9098   0.0301  19.7677 285.3214 173.6854 255.6207   8.47 2453157.50000   38.2246    inner_
  38.9096   0.0204  45.7859 147.2386 342.0545  31.4657   7.89 2453157.50000   38.2358    inner_
  37.7246   0.0135  24.2719  40.5515 131.4776 179.2702   8.22 2453157.50000   38.2341    inner_
  37.9403   0.0677  22.2072 308.1058 332.9176  32.9190   8.49 2453157.50000   35.8393    inner_
  38.0706   0.0792  23.2895  44.2482 194.6607 290.2009   8.14 2453157.50000   37.2476    inner_
  38.1482   0.0731  29.5337 159.3124 335.1647 358.5805   7.42 2453157.50000   35.3593    inner_
  38.3611   0.0384  31.4827 157.3025 143.9843 161.8521   8.12 2453157.50000   39.7653    inner_
  38.6198   0.0385   2.8223 128.0949 174.4747 252.6015   8.52 2453157.50000   39.1151    inner_
  37.9199   0.0197  21.0625 235.0727 245.2645 215.8147   7.71 2453157.50000   38.5297    inner_
  38.3026   0.0700  33.2745 261.6153  60.6565 303.8799   8.00 2453157.50000   36.9447    inner_
  38.8352   0.1361  20.3272 324.4967  80.4951 162.9941   7.32 2453157.50000   43.9397    inner_
  37.9597   0.0056  30.1344  98.7389  12.5222  97.8184   8.55 2453157.50000   37.9900    inner_
  38.5667   0.0136  24.6020 127.3399  71.5172 277.3960   8.26 2453157.50000   38.5062    inner_
  38.0588   0.0212  36.4413  51.3253 197.0435 252.1943   7.85 2453157.50000   38.3211    inner_
  38.8954   0.0068   7.8052 142.9987  62.1368 327.2489   7.99 2453157.50000   38.6741    inner_
  38.5135   0.0222  20.7060 193.7163 282.7539 214.2725   8.38 2453157.50000   39.2244    inner_
  38.9512   0.1349  29.5907  94.1387 101.0856 127.2718   8.00 2453157.50000   42.5293    inner_
  38.7045   0.1015  30.0006 301.4948 229.8545  99.2195   7.51 2453157.50000   39.7111    inner_
  38.2198   0.0377  29.7394  15.9949 181.2083   3.3257   7.22 2453157.50000   36.7802    inner_
  38.9560   0.0525  31.5780 191.7420 133.1103 314.7468   8.58 2453157.50000   37.5728    inner_
  38.5201   0.0573  23.7313 136.9570 330.1912 139.1597   8.53 2453157.50000   40.2392    inner_
  38.5563   0.0886  24.3047 107.7817 147.5987 259.5257   8.48 2453157.50000   39.4613    inner_
  37.8844   0.0418  43.8380 153.2227 347.4005 166.4416   8.06 2453157.50000   39.4288    inner_
  38.9970   0.0331   2.6925 164.8925  62.0042 277.0190   7.48 2453157.50000   38.8817    inner_
  38.1009   0.0552  24.1358 145.9333 106.1621 335.6388   8.46 2453157.50000   36.2055    inner_
  37.8707   0.0295  24.4031 251.4562 150.5629 291.2295   7.28 2453157.50000   37.4951    inner_
  38.1804   0.0362  21.2331 238.3668 274.6931 117.4556   8.53 2453157.50000   38.8568    inner_
  37.7503   0.0858  27.6853  12.5465 148.5321  78.4005   8.39 2453157.50000   37.3715    inner_
  38.7948   0.1277  26.2444  67.8694   1.0259 111.2206   7.83 2453157.50000   41.0966    inner_
  38.9167   0.1370  20.5396 338.9344 168.9331 120.5029   8.63 2453157.50000   42.1085    inner_
  38.4036   0.0585  21.1446 209.7498  19.5709 314.5690   8.58 2453157.50000   36.8989    inner_
  38.9721   0.0284   7.9416 194.1754 220.3949 293.7515   8.04 2453157.50000   38.5534    inner_
  38.6022   0.0395  23.3370 267.4815 171.8960 316.3016   8.58 2453157.50000   37.5309    inner_
  38.2982   0.0089  23.8886 161.4401 298.5650 230.0767   8.20 2453157.50000   38.5191    inner_
  38.1178   0.0680  25.5639 269.8474 329.9167 254.6118   6.91 2453157.50000   38.9645    inner_
  37.9649   0.0186   3.0232 348.2253 196.6314 157.7383   8.33 2453157.50000   38.6211    inner_
  38.2505   0.0690  28.2140 166.2492 188.7414 292.1023   7.98 2453157.50000   37.4199    inner_
  38.7832   0.0530  24.0751 219.8131 112.9875 159.7166   7.98 2453157.50000   40.7229    inner_
  38.8389   0.0672  26.4762  63.0164 198.5952  49.9989   7.38 2453157.50000   37.2705    inner_
  38.0391   0.0558  32.7856 203.8197 347.5114  24.1993   8.22 2453157.50000   36.1259    inner_
  38.2535   0.0369  32.2705 271.8625  74.7311 252.8780   7.26 2453157.50000   38.7165    inner_
  38.8969   0.0442   1.9838  35.1152 207.6756  97.0463   7.96 2453157.50000   39.1817    inner_
  38.0713   0.0355   3.6152 134.4007 341.9826 268.1609   7.95 2453157.50000   38.1626    inner_
  38.0922   0.0912  20.1992 306.3753 159.0281 329.1729   7.94 2453157.50000   35.2033    inner_
  37.8925   0.0162  28.0389  47.6977 304.6792  95.3847   6.69 2453157.50000   37.9599    inner_
  37.7656   0.1075  18.8034 320.8040  94.5188 203.0378   7.80 2453157.50000   41.5603    inner_
  37.7800   0.0672  35.6809  46.8497 302.2311 161.0063   5.98 2453157.50000   40.1969    inner_
  38.7832   0.0149  28.6845  15.0012  28.7440 327.7432   7.23 2453157.50000   38.2972    inner_
  38.6543   0.0215   6.5011 113.8372 123.3085 107.3195   8.44 2453157.50000   38.9174    inner_
  38.3170   0.0692  23.1639 112.5000 201.3846  27.1046   8.58 2453157.50000   35.9971    inner_
  38.8055   0.0465  32.7602  97.8987  28.7168  41.2905   8.00 2453157.50000   37.4895    inner_
  38.5490   0.0195  27.0413  69.9908  70.5986 310.9759   7.54 2453157.50000   38.0650    inner_
  38.6255   0.0019  22.6476 153.9735 143.2239 196.5164   8.19 2453157.50000   38.6976    inner_
  38.3709   0.0206  20.5986 279.5300 309.7920   6.8296   7.94 2453157.50000   37.5877    inner_
  38.9251   0.0541   7.6237 123.0233 179.3389 311.9496   8.58 2453157.50000   37.5842    inner_
  38.5908   0.0377  21.5262 175.7896 345.7992 111.7475   7.59 2453157.50000   39.1757    inner_
  38.3882   0.0575  33.1275 184.9548 222.3097 274.2943   7.89 2453157.50000   38.3496    inner_
  38.4687   0.0021  24.0414 187.9105 211.7441 240.5095   7.11 2453157.50000   38.5095    inner_
  38.6091   0.0776  36.7243 185.5033  58.6485 128.3968   8.25 2453157.50000   40.6030    inner_
  38.6475   0.0370  31.1687  36.8061  11.7241 319.0843   8.48 2453157.50000   37.5895    inner_
  38.9679   0.0735  33.4793 159.6701 104.5402 112.7211   8.59 2453157.50000   40.2456    inner_
  38.2612   0.0178  28.6548 221.6589  76.2006 143.7593   8.37 2453157.50000   38.8139    inner_
  38.9795   0.0597   0.3458 218.7518  56.1842 225.0695   8.14 2453157.50000   40.6899    inner_
  38.0700   0.0507   3.7598 290.8233 349.6737 139.6356   8.41 2453157.50000   39.5796    inner_
  38.7463   0.0091  26.2912  52.4704  52.0154  69.5971   8.27 2453157.50000   38.6257    inner_
  38.3279   0.0238  24.9151  24.3027 241.2282  29.2148   8.52 2453157.50000   37.5355    inner_
  37.7928   0.0147   6.9821  70.5129 175.5214  85.1880   8.43 2453157.50000   37.7543    inner_
  38.6057   0.1141  30.0480 140.6189 343.2616  14.2705   8.05 2453157.50000   34.3722    inner_
  38.4274   0.0397  25.1929 240.5574 340.8092 138.1712   7.90 2453157.50000   39.5903    inner_
  38.4615   0.1076  22.0504 352.5788 262.6044 295.4835   7.28 2453157.50000   37.0677    inner_
  38.7532   0.0257  32.1899 102.4115 259.1570 310.6176   8.56 2453157.50000   38.1196    inner_
  38.6428   0.0770  27.3027  66.5189 151.3658 199.5863   8.34 2453157.50000   41.4708    inner_
  38.9216   0.0004  34.6635 331.9576 149.3216 296.1231   8.61 2453157.50000   38.9153    inner_
  38.1993   0.0053  18.9220 309.0608 283.4354 299.9081   8.47 2453157.50000   38.0994    inner_
  38.2607   0.0088  36.8240 224.4975  65.6855  92.1522   8.50 2453157.50000   38.2764    inner_
  38.0550   0.0410  22.1276 133.3249 170.1827  18.2457   8.12 2453157.50000   36.5797    inner_
  38.6360   0.0098  38.9109 138.5425 210.0635 294.2555   6.77 2453157.50000   38.4831    inner_
  38.2060   0.0014  23.7276  11.6551 110.2256 271.0299   8.55 2453157.50000   38.2051    inner_
  37.7980   0.0195   5.0998 355.3999  55.0185 257.0704   7.42 2453157.50000   37.9763    inner_
  38.9501   0.0612  24.2207 247.1784 191.1952 202.0282   7.84 2453157.50000   41.1774    inner_
  37.7937   0.1181  29.9337   8.0281 159.3951  17.0861   8.08 2453157.50000   33.5821    inner_
  38.6529   0.0487   6.6653 113.1421 331.7940 171.3880   8.27 2453157.50000   40.5170    inner_
  37.8095   0.0234  18.6285 276.9361 188.0358 189.9186   8.10 2453157.50000   38.6832    inner_
  38.6894   0.0744  27.4711 317.0053  92.1951 350.4816   8.36 2453157.50000   35.8563    inner_
  37.8048   0.0280   5.7671  34.0293  83.9056  52.0160   8.15 2453157.50000   37.1714    inner_
  38.6929   0.1247  38.0884 106.9605 229.6588 179.5456   7.33 2453157.50000   43.5171    inner_
  38.4900   0.0520  28.1910 164.6734 269.7928  61.7322   8.10 2453157.50000   37.6260    inner_
  38.3129   0.0301  33.4974  54.0549 102.7525 248.1782   7.79 2453157.50000   38.7702    inner_
  38.0993   0.0357  50.0234 270.8101 317.4049  10.3730   7.90 2453157.50000   36.7626    inner_
  38.6292   0.0688  25.2030  52.9666 287.4792  22.4033   8.48 2453157.50000   36.2015    inner_
  38.4543   0.0992  19.9595 350.0163  52.5625  58.2436   8.37 2453157.50000   36.7423    inner_
  38.5853   0.1077  33.2919 262.4811 158.2645  91.9763   6.43 2453157.50000   39.1702    inner_
  38.1647   0.0884  28.5302 129.1517 210.3657 297.1281   8.46 2453157.50000   36.8765    inner_
  38.9202   0.1099  25.0388 227.3221   3.0202 327.6846   8.40 2453157.50000   35.4608    inner_
  38.7994   0.0485  30.1166 100.4569 133.8634 296.5768   7.88 2453157.50000   38.0326    inner_
  38.0290   0.0727  39.4272 102.0439  43.3953  70.4835   5.74 2453157.50000   37.2902    inner_
  38.1377   0.0247  22.5029 199.6093  87.2569  99.6198   7.62 2453157.50000   38.3177    inner_
  37.7221   0.0520  32.9152 166.9908 328.8636  45.4776   7.34 2453157.50000   36.4020    inner_
  38.8872   0.0365   3.4016 136.6253  50.3016 336.0538   6.35 2453157.50000   37.5976    inner_
  38.4983   0.0362   3.9776 123.1229 243.0216 114.3288   8.42 2453157.50000   39.1137    inner_
  38.7135   0.0830  22.1685  28.9494 338.0186 335.7167   8.19 2453157.50000   35.8337    inner_
  38.9116   0.0133   5.0004 192.6015  68.5846 320.5230   7.84 2453157.50000   38.5137    inner_
  38.3981   0.0799  33.8871 255.5586 149.3515 129.8808   8.01 2453157.50000   40.4987    inner_
  38.2256   0.1237  37.2943 296.2612 352.6730  30.6566   8.44 2453157.50000   34.3364    inner_
  38.1669   0.0416  27.1600 254.9648 302.5010 206.1730   8.35 2453157.50000   39.6037    inner_
  38.0937   0.0036  39.1556 334.5093 246.5886 359.2049   7.71 2453157.50000   37.9556    inner_
  38.7621   0.1223  32.5734 124.6319 204.5259 151.7106   8.55 2453157.50000   43.0489    inner_
  38.6496   0.0732  21.7706  92.5784 308.4485  31.9932   7.90 2453157.50000   36.3150    inner_
  38.2398   0.1118  28.2175  37.9910  85.4145 260.8454   7.64 2453157.50000   39.3707    inner_
  38.0214   0.0203   4.9018 156.1443  89.0041  17.4278   7.48 2453157.50000   37.2878    inner_
  38.4851   0.0864  19.2263 329.9638   2.0390  18.9482   8.02 2453157.50000   35.3743    inner_
  38.8498   0.0118  24.3044 299.7270 262.1614 254.6796   8.17 2453157.50000   38.9758    inner_
  38.6503   0.0554  28.2059  55.3032 355.6792  21.3449   8.14 2453157.50000   36.6737    inner_
  38.7229   0.1081  29.0255 184.0469 250.8889 121.6748   8.64 2453157.50000   41.2207    inner_
  38.1316   0.0240  22.4121  64.5448  26.4674 250.2049   8.30 2453157.50000   38.4608    inner_
  38.6292   0.0399  29.2615 126.5903 220.9780 199.1722   8.03 2453157.50000   40.0908    inner_
  37.9484   0.0072  42.4630  91.0416 191.0176  51.3033   7.67 2453157.50000   37.7795    inner_
  37.9630   0.0065  24.2069 189.2988 109.3571   5.9062   7.56 2453157.50000   37.7161    inner_
  38.8515   0.0379  24.8128 323.1990 255.9913 108.9469   4.93 2453157.50000   39.3793    inner_
  37.9975   0.0022  24.7065 125.7823 190.6765 330.5789   8.34 2453157.50000   37.9233    inner_
  37.9109   0.0166  38.7056 354.5429  70.3156 102.9700   8.56 2453157.50000   38.0621    inner_
  38.9479   0.0164  23.3754 107.4740  34.2361  40.7486   8.18 2453157.50000   38.4689    inner_
  38.6837   0.1404  24.0403 341.2511 202.3390  77.5521   7.13 2453157.50000   38.2645    inner_
  38.8000   0.0023   5.5037  74.8500 102.3069 245.9219   8.17 2453157.50000   38.8359    inner_
  38.8025   0.0851  28.9687 251.5257 300.2264  85.5350   8.44 2453157.50000   38.8262    inner_
  37.9281   0.1166  22.2127 120.9070 346.6934 243.0556   7.68 2453157.50000   40.3084    inner_
  38.9023   0.0809  39.6079  82.7174 124.1878 125.8182   8.52 2453157.50000   40.9007    inner_
  38.1788   0.0189   4.5470  93.9103  83.1436  47.8050   7.37 2453157.50000   37.7006    inner_
  38.1370   0.0433  29.1856 275.0687 210.1751 268.8193   8.61 2453157.50000   38.2421    inner_
  38.2184   0.0194   6.2378 135.3357 251.3439 244.5328   8.35 2453157.50000   38.5495    inner_
  37.8390   0.1020  23.9419  82.2912  77.0524  71.5046   7.67 2453157.50000   36.9843    inner_
  38.3464   0.0064  45.3140  85.5871  88.0022 176.7157   8.50 2453157.50000   38.5900    inner_
  37.8551   0.0418  35.7866 257.3887 142.6159 137.2115   7.33 2453157.50000   39.0462    inner_
  38.2175   0.0013   3.9189  15.4160 282.4250 254.5719   7.72 2453157.50000   38.2312    inner_
  38.5506   0.0336   5.2291 291.4537 273.4193 325.8869   7.96 2453157.50000   37.4925    inner_
  38.9194   0.0155  27.8707 260.1154 221.4000 138.9127   7.89 2453157.50000   39.3781    inner_
  38.2416   0.0139   4.4231 272.8060 260.2268 224.1466   8.01 2453157.50000   38.6261    inner_
  38.5446   0.1063  25.3585   7.3020  23.3664  98.7871   7.91 2453157.50000   39.5831    inner_
  38.4242   0.0078  28.0045 123.0567 242.1474  48.3111   8.43 2453157.50000   38.2263    inner_
  38.5709   0.1418  42.9028  13.4135  68.5802 149.0866   8.40 2453157.50000   43.4364    inner_
  38.6449   0.0613  30.1176 321.3326 117.4930 184.6962   8.06 2453157.50000   41.0073    inner_
  38.1720   0.1122  32.9693 244.4870 340.5250  90.6015   8.30 2453157.50000   38.6927    inner_
  38.4046   0.0439  20.6610 298.6806 206.0562 181.0975   7.96 2453157.50000   40.0918    inner_
  38.9923   0.0029  37.9123 210.6505 113.6448 110.4719   7.14 2453157.50000   39.0318    inner_
  38.6010   0.0808  22.5541 359.3671 296.2776 182.6747   7.73 2453157.50000   41.7178    inner_
  38.0244   0.0662  27.5393 161.9787 204.6609 176.0092   8.40 2453157.50000   40.5352    inner_
  37.8319   0.0139  22.0450 183.2563 240.6298 319.2651   8.30 2453157.50000   37.4354    inner_
  38.0425   0.0130   5.3261  34.5373 130.1883 191.2556   7.32 2453157.50000   38.5296    inner_
  38.1575   0.0140  23.8040   2.3544 322.1188   8.8502   8.49 2453157.50000   37.6285    inner_
  38.5999   0.0343  24.8904  72.4823 134.8289 283.9013   8.14 2453157.50000   38.3249    inner_
  38.9809   0.1291  27.5331 341.4692 291.4782 257.1236   8.52 2453157.50000   40.6881    inner_
  38.3944   0.1024  41.8889 221.0881  81.5507 142.1993   8.31 2453157.50000   41.6351    inner_
  38.4352   0.0240  21.6400  15.1950 231.6891 141.1463   7.88 2453157.50000   39.1607    inner_
  38.6863   0.0251  22.5050  79.2481 249.6944  86.7721   7.05 2453157.50000   38.6559    inner_
  38.1077   0.0496  22.9779  78.2090 141.3907 324.5650   7.76 2453157.50000   36.6023    inner_
  37.8526   0.1215  23.5268 303.0732 231.2813 339.9277   8.16 2453157.50000   33.6133    inner_
  38.6202   0.0380  32.8586 240.1447 357.3853 102.4861   8.13 2453157.50000   38.9904    inner_
  37.9736   0.0504  23.9103 248.1504  37.5401 265.9645   7.29 2453157.50000   38.2037    inner_
  38.5884   0.0240  21.4614 150.7366 141.5160 347.8012   8.20 2453157.50000   37.6823    inner_
  38.4679   0.0840  22.6036 110.5887 102.6144 258.2772   7.68 2453157.50000   39.3773    inner_
  38.8131   0.0940  37.6514 206.7222  82.9474  90.8851   7.53 2453157.50000   39.2099    inner_
  37.8399   0.0757  20.5917   7.0803  64.5708 116.0073   8.55 2453157.50000   39.2630    inner_
  38.8934   0.0981  21.0851 274.5822 336.6144 257.7961   7.28 2453157.50000   40.0453    inner_
  38.9001   0.0954  28.0309  88.3165 300.5709 207.2106   8.19 2453157.50000   42.2668    inner_
  38.5731   0.0444  19.5473 298.7278 237.6706  68.4753   8.40 2453157.50000   38.0119    inner_
  38.8073   0.0762  21.8677 308.3496 283.6956 285.3498   8.57 2453157.50000   38.2395    inner_
  38.7556   0.0326  20.0440 278.5415 230.9160 294.5210   6.52 2453157.50000   38.2662    inner_
  38.4059   0.0959  26.8456 131.4183 314.7024  82.8824   8.64 2453157.50000   38.3015    inner_
  38.3079   0.1002  29.0993 250.1264 334.7125  95.2121   8.30 2453157.50000   39.0308    inner_
  37.9909   0.0417   6.8255 228.0722 194.7527  62.1276   8.42 2453157.50000   37.3038    inner_
  38.4887   0.0279  20.6020 332.1776 184.8270  96.0290   8.12 2453157.50000   38.6312    inner_
  38.6025   0.0487  21.9499 301.6383 227.8477 115.6574   8.33 2453157.50000   39.4886    inner_
  38.0949   0.0235  32.9285 195.2734 118.0498  68.4725   8.29 2453157.50000   37.7850    inner_
  38.4105   0.0378  23.4879 184.3713  15.6504 307.5406   6.89 2453157.50000   37.5625    inner_
  38.0785   0.0789  20.9729 214.2049 225.1583 103.8651   8.46 2453157.50000   39.0147    inner_
  38.1261   0.1247  26.1181  58.3287  54.0157 134.9403   8.54 2453157.50000   41.7440    inner_
  38.8319   0.0355  19.0932 282.1106 115.7979   7.0476   6.92 2453157.50000   37.4657    inner_
  38.9705   0.1080  20.1779 264.6676 245.1842 101.4209   8.32 2453157.50000   40.2238    inner_
  38.2986   0.0077  25.0134 188.9015 332.4501 134.8201   8.61 2453157.50000   38.5078    inner_
  37.8671   0.0079  20.4123  21.9647  81.8028  21.8176   7.92 2453157.50000   37.5910    inner_
  38.4251   0.0213  31.3115 133.4896   4.5092  36.2841   8.45 2453157.50000   37.7714    inner_
  38.1692   0.0547  19.6389 264.9897 232.6803  61.4424   8.28 2453157.50000   37.2627    inner_
  38.3083   0.1139  20.5258 267.4586 295.2176 109.4927   8.34 2453157.50000   40.1792    inner_
  38.5078   0.0685  20.8115 287.5041 158.7183  86.6575   8.51 2453157.50000   38.5346    inner_
  38.8276   0.0382   5.3251 244.0343 344.7331 214.1907   8.46 2453157.50000   40.0720    inner_
  38.0508   0.0202  38.1339   7.7608 213.8045 114.1673   7.92 2453157.50000   38.3777    inner_
  38.9695   0.1029  21.7161  72.3400 331.9452  24.2033   7.70 2453157.50000   35.3933    inner_
  38.9259   0.1178  39.5305  15.3379  46.9008  58.5383   8.51 2453157.50000   36.9620    inner_
  38.3166   0.0297  27.3364 116.5910  19.5395 116.2646   8.25 2453157.50000   38.8475    inner_
  38.8815   0.0215   9.1235 163.1953  61.3294 261.9943   8.52 2453157.50000   39.0154    inner_
  38.2388   0.0594  21.8919 101.3281 154.1767  95.4564   8.53 2453157.50000   38.5874    inner_
  38.2725   0.0119   3.7940  36.4255  77.1368  14.2992   8.47 2453157.50000   37.8321    inner_
  38.0007   0.0389  29.0847  79.7001 322.6814 260.9924   6.82 2453157.50000   38.2878    inner_
  38.0633   0.1289  22.2911 220.7421 298.1776 119.0138   6.62 2453157.50000   40.8812    inner_
  38.0567   0.0596   8.1617 122.2420   1.2910 284.2751   8.41 2453157.50000   37.6267    inner_
  37.8779   0.0198  30.3042 203.3623 327.5832 132.9831   8.30 2453157.50000   38.3972    inner_
  38.7140   0.0271  23.0681 251.2784 304.5742  96.1125   7.96 2453157.50000   38.8538    inner_
  38.0176   0.0537  25.7142 306.3149  89.9654 189.2571   6.70 2453157.50000   40.0356    inner_
  38.0264   0.0696  19.3675 230.0266 330.1435   7.5930   8.25 2453157.50000   35.4071    inner_
  38.9887   0.0254  25.1156 161.3660 314.2945 352.6598   8.49 2453157.50000   38.0051    inner_
  37.8166   0.0072  22.3705  75.5755 103.3245 106.7015   8.59 2453157.50000   37.8967    inner_
  38.4320   0.0464  21.0852 345.0607 359.3617 255.7981   8.31 2453157.50000   38.9464    inner_
  38.1433   0.0405  20.1007 340.8649 123.9667 352.3445   8.28 2453157.50000   36.6120    inner_
  38.8326   0.0357   4.5063  13.4558 359.1367   4.1686   7.82 2453157.50000   37.4508    inner_
  38.0164   0.0315   2.7358  90.8369  32.3359 222.6804   8.65 2453157.50000   38.9146    inner_
  37.9933   0.0396  22.5723 316.5242  85.7158 225.3756   7.92 2453157.50000   39.0778    inner_
  38.8308   0.0262   5.5603 225.2082  19.0883 129.8074   8.55 2453157.50000   39.4977    inner_
  38.2569   0.0081  20.9123 313.9229 357.8463  11.5018   7.72 2453157.50000   37.9550    inner_
  38.9439   0.0409  22.2679  37.7811 191.3565 254.1949   8.51 2453157.50000   39.4366    inner_
  37.7337   0.0072  25.6538 118.8770 304.5981 155.5011   6.41 2453157.50000   37.9818    inner_
  38.7234   0.0319   6.5487 160.7549  89.5715 213.8738   7.19 2453157.50000   39.7606    inner_
  38.2150   0.0691  33.0965 330.9030 173.0567  92.8098   7.10 2453157.50000   38.5249    inner_
  38.8554   0.0612  24.1777 299.3715 119.9054  65.9519   7.49 2453157.50000   38.0122    inner_
  38.3080   0.0807  22.4610  86.2633 233.6885  62.2458   7.28 2453157.50000   37.0751    inner_
  38.7527   0.0140   7.6205 136.8857 141.5914  82.0806   7.88 2453157.50000   38.6855    inner_
  38.7389   0.0207  20.5916 352.5714  96.6221 222.0282   8.61 2453157.50000   39.3404    inner_
  38.1331   0.0509  28.0192 101.6860 195.3713 133.3679   7.73 2453157.50000   39.5142    inner_
  38.6205   0.0090  27.7973   4.4998 113.8892  63.9595   7.78 2453157.50000   38.4712    inner_
  37.8845   0.0128  18.8975 267.4699 123.2980 312.9592   7.90 2453157.50000   37.5571    inner_
  38.3403   0.0784  21.6903 301.6184  65.2386  65.8841   8.19 2453157.50000   37.3172    inner_
  38.9517   0.0781  38.1429 337.3203 330.6269 146.7702   8.64 2453157.50000   41.5608    inner_
  38.2288   0.0184  28.2868 105.3500 176.4027  28.8322   7.59 2453157.50000   37.6147    inner_
  38.0820   0.0267  34.4587 150.7828  36.5055 156.1440   8.08 2453157.50000   39.0167    inner_
  38.1040   0.0261  23.7960  75.7686   8.5603 107.8964   8.63 2453157.50000   38.4328    inner_
  38.6161   0.0099   7.5974 148.2834 254.8019 303.9791   7.21 2453157.50000   38.4046    inner_
  38.8622   0.0766   3.5884 301.4252 100.0291  53.3238   7.73 2453157.50000   37.2416    inner_
  38.8157   0.0395  22.4012 140.2689 102.1049 240.0429   6.55 2453157.50000   39.6254    inner_
  38.5907   0.0182  28.1111  65.1660 249.8719 296.8992   8.01 2453157.50000   38.2826    inner_
  38.8960   0.0311  27.7337  69.1842 102.6006 118.6980   7.47 2453157.50000   39.5046    inner_
  38.3265   0.0665  25.3826   7.9502  94.9205 169.3495   7.75 2453157.50000   40.8377    inner_
  37.9509   0.0288  27.0858 325.6557 124.1612 346.5769   7.48 2453157.50000   36.8903    inner_
  38.0248   0.1073  19.4887   8.9926  65.7969 218.3451   5.91 2453157.50000   41.3725    inner_
  37.7098   0.0111  38.6340  60.4065 151.7719 151.4224   8.45 2453157.50000   38.0790    inner_
  38.7678   0.0441  24.1057 135.7227  40.5783 319.2459   7.33 2453157.50000   37.5053    inner_
  38.5884   0.0972  24.2726 283.7620  76.5353 299.4605   8.60 2453157.50000   37.0392    inner_
  38.0657   0.0383  36.2867  40.9535 299.7765  31.2660   8.56 2453157.50000   36.8370    inner_
  38.6311   0.0992  21.4047 172.5982 214.1271 289.5275   8.35 2453157.50000   37.7034    inner_
  38.1948   0.0566   6.8582 211.1917  33.4953  49.0665   8.59 2453157.50000   36.8519    inner_
  37.7558   0.0372  22.6059  20.1625  55.4178  60.5440   8.45 2453157.50000   37.1064    inner_
  38.1489   0.0007  23.9776  18.1769  56.5427 283.2893   8.61 2453157.50000   38.1426    inner_
  38.7844   0.0024  28.7730   1.5473  28.0290 233.1828   8.38 2453157.50000   38.8401    inner_
  37.9215   0.0015  21.7968 354.1030 277.9312 318.4476   6.81 2453157.50000   37.8794    inner_
  38.4101   0.0606  31.8589 203.6674 270.7122 312.4448   8.16 2453157.50000   36.9217    inner_
  38.0105   0.0623  22.5037  69.9111 136.0812 140.7645   8.16 2453157.50000   39.9006    inner_
  38.9404   0.1005  22.0626 322.3453 229.7630 256.1398   7.75 2453157.50000   40.2340    inner_
  38.0777   0.0977  35.7253 129.4766 112.4071 170.4409   7.00 2453157.50000   41.7569    inner_
  38.4009   0.0691  31.0371 153.1175 177.7846 174.7868   8.61 2453157.50000   41.0447    inner_
  38.1227   0.0317   6.6749  71.3560 186.9191  74.5154   8.06 2453157.50000   37.8363    inner_
  37.8166   0.0130  25.1398  42.2101 204.1251 310.0487   7.13 2453157.50000   37.5037    inner_
  38.1018   0.0834  25.1358 149.9550 280.1206 358.1752   8.47 2453157.50000   34.9275    inner_
  37.9977   0.0264   4.3069  58.6082 109.7126 306.6657   8.08 2453157.50000   37.4163    inner_
  37.9773   0.0568  23.0784 167.6401 260.0503 152.7237   8.45 2453157.50000   39.9199    inner_
  38.0384   0.0687  19.9968 327.0046  20.5573 289.0625   8.41 2453157.50000   37.3507    inner_
  38.1461   0.0870  46.8862 131.2145  21.5600  25.1234   7.65 2453157.50000   35.2018    inner_
  38.1408   0.0398  19.5629 248.2972 163.6488 159.9054   7.99 2453157.50000   39.5741    inner_
  37.7798   0.0224   6.5147 199.5897  33.5304   9.8728   8.42 2453157.50000   36.9454    inner_
  38.8432   0.0629   3.5327  46.7470  87.5855 281.5423   7.66 2453157.50000   38.5044    inner_
  37.7841   0.0793  31.6363 205.1139 282.4532  76.7237   8.48 2453157.50000   37.3265    inner_
  37.9993   0.0148  19.9097 264.4776  83.2253 232.8132   8.58 2453157.50000   38.3438    inner_
  38.2994   0.0048  25.8808 180.1524  55.0188 337.7844   8.55 2453157.50000   38.1300    inner_
  38.1754   0.0405  24.9152 186.1769 263.7367 174.4593   8.36 2453157.50000   39.7167    inner_
  37.9755   0.0389   3.5627  96.9969  57.1849 127.3722   8.51 2453157.50000   38.9071    inner_
  37.7054   0.0750  27.3169 196.4923  14.5423  73.8644   8.26 2453157.50000   37.1206    inner_
  38.7466   0.1270  42.8045  53.6627 144.5398 102.9301   7.81 2453157.50000   40.4117    inner_
  38.8467   0.0556  22.5972 306.4920 203.5336  79.4775   8.04 2453157.50000   38.5697    inner_
  38.8749   0.0224  21.4637  41.1854 179.2527 317.1180   8.64 2453157.50000   38.2473    inner_
  38.7492   0.0023  44.9708 299.2404 359.9077 192.7653   7.85 2453157.50000   38.8352    inner_
  38.5702   0.0163  24.9153 223.1133 343.2499 162.7236   8.46 2453157.50000   39.1724    inner_
  38.8985   0.1069  47.9876 275.8331 138.3094  27.3381   8.55 2453157.50000   35.3143    inner_
  37.8825   0.1124  25.4921 108.0841 129.7229 182.8947   8.12 2453157.50000   42.1355    inner_
  37.8035   0.0457   4.5842 355.8682 299.7612 274.7465   8.51 2453157.50000   37.7392    inner_
  37.8977   0.0298  32.0212 194.3389 223.1603 234.2881   8.44 2453157.50000   38.5777    inner_
  37.7087   0.0403  22.9780 122.5662   1.8565 163.0152   8.55 2453157.50000   39.1675    inner_
  38.6387   0.0775  22.0372 118.5074  47.5969 141.8842   8.52 2453157.50000   41.0739    inner_
  38.9453   0.0831  22.7195 295.2768  73.9953 324.9674   8.39 2453157.50000   36.3948    inner_
  37.7862   0.0794  22.7145 129.1042  92.4464 275.1571   8.05 2453157.50000   37.7544    inner_
  38.4338   0.0206  26.9498  12.3430 260.6842 193.9325   7.99 2453157.50000   39.2040    inner_
  38.5833   0.0399  35.7560 209.0932  67.1149  90.5530   8.54 2453157.50000   38.6595    inner_
  38.2973   0.0479   4.7012 116.7336 182.1814 143.0471   8.31 2453157.50000   39.7943    inner_
  38.7869   0.0589  23.2917 284.5248 109.8830  96.9623   8.38 2453157.50000   39.1950    inner_
  38.8889   0.0874  31.9900 143.6960 320.4595 349.8565   8.47 2453157.50000   35.5536    inner_
  38.6278   0.0629  21.5683 305.7284 241.1298 300.8557   7.89 2453157.50000   37.4992    inner_
  38.7431   0.1082  32.4677 338.8963 163.4375 331.3122   8.54 2453157.50000   35.1876    inner_
  38.9785   0.0174  21.9296 232.7200 340.9555  95.3332   8.61 2453157.50000   39.0531    inner_
  38.6805   0.0046  26.5732 193.7710 119.4324  86.1251   8.46 2453157.50000   38.6693    inner_
  38.4985   0.0123  33.0069  80.7789 295.2239 148.7683   7.41 2453157.50000   38.9061    inner_
  38.8729   0.1142  34.3443 184.8264 170.3909 182.6517   8.44 2453157.50000   43.3076    inner_
  38.6638   0.0443  22.5130 156.1356 145.5381  54.2821   8.60 2453157.50000   37.7160    inner_
  38.3979   0.0162  32.6363 204.7354 174.5347 299.4490   8.41 2453157.50000   38.0999    inner_
  38.1485   0.0355  23.6661 201.5700 149.9021 214.5991   8.04 2453157.50000   39.2766    inner_
  38.3976   0.0348  27.1431 261.4722  67.5413  73.7149   7.11 2453157.50000   38.0663    inner_
  38.5776   0.0790  24.2719 187.1090 201.0983 337.1413   8.06 2453157.50000   35.8111    inner_
  37.8710   0.0018   7.9782  93.9416  60.4873  36.7667   7.71 2453157.50000   37.8158    inner_
  38.8189   0.0455  29.1755 114.1844  99.6406 313.3582   7.90 2453157.50000   37.6505    inner_
  38.5538   0.1385  32.0635 150.9554 251.4259 206.7536   8.20 2453157.50000   43.4478    inner_
  38.7356   0.0155   5.3911 131.6637   9.6587 134.8603   8.18 2453157.50000   39.1633    inner_
  37.8044   0.0590  30.0381  11.9094  11.5628  73.9650   7.37 2453157.50000   37.3126    inner_
  38.9410   0.0290   4.9696  98.4524 238.5664 317.1355   8.32 2453157.50000   38.1276    inner_
  38.1320   0.0378  30.3519   5.9855  79.3675  88.5059   8.26 2453157.50000   38.1488    inner_
  38.9408   0.0019  23.4003  52.1045 233.8855 123.6161   8.41 2453157.50000   38.9826    inner_
  38.9546   0.0768  23.1480 349.9006  58.2849 332.3343   7.39 2453157.50000   36.3605    inner_
  37.9643   0.0486   7.4297 119.8740 106.9463 206.8136   7.22 2453157.50000   39.6282    inner_
  38.2092   0.0131   8.0581 100.7304 202.3524 110.0545   7.15 2453157.50000   38.3864    inner_
  38.4561   0.0563  24.8888 211.1497 152.1952 347.7763   6.66 2453157.50000   36.3448    inner_
  38.1886   0.0352  21.5337 261.1417 112.4330 309.5625   8.54 2453157.50000   37.3611    inner_
  37.9491   0.0473  23.4749 111.6504  51.2154 150.1648   7.49 2453157.50000   39.5276    inner_
  38.2465   0.0181  22.6902 149.3032 159.1188 225.4464   7.50 2453157.50000   38.7388    inner_
  37.8819   0.0501  23.7448  49.8765  76.8837 179.6675   8.19 2453157.50000   39.7802    inner_
  38.6478   0.0687  23.8251 163.1295 186.1457 256.6075   8.09 2453157.50000   39.4303    inner_
  37.9545   0.0252  19.8848 212.1767  89.9722 303.8045   8.62 2453157.50000   37.4394    inner_
  38.7164   0.0392  21.9157 198.8089  88.4763 276.1923   8.45 2453157.50000   38.6118    inner_
  38.8932   0.0667  31.2814 182.6892  56.9922 176.5063   8.17 2453157.50000   41.4824    inner_
  38.0286   0.0730  31.5505 200.0245 281.3839  92.8880   8.60 2453157.50000   38.3690    inner_
  38.3536   0.0655  34.2287  47.0145 291.3765 337.3207   8.38 2453157.50000   36.0629    inner_
  38.9121   0.0709  34.5211 123.2334 113.3724 125.0102   7.68 2453157.50000   40.6178    inner_
  38.3334   0.0538  27.9064 187.9760 345.8306 203.8472   8.36 2453157.50000   40.2377    inner_
  38.0713   0.0803  33.3255  29.2417 301.4610  94.6615   8.61 2453157.50000   38.5605    inner_
  38.4775   0.1202  29.5441  83.7028 311.1031 116.3139   6.64 2453157.50000   40.9378    inner_
  37.8592   0.1110  30.1147  90.5107 156.0201 330.6341   8.00 2453157.50000   34.3262    inner_
  38.6488   0.0534   4.3727 148.8491  66.5427 322.4560   8.05 2453157.50000   37.0553    inner_
  37.7089   0.0252  29.5870 351.6511 104.0397 149.6335   8.59 2453157.50000   38.5351    inner_
  38.2079   0.1144  26.3855 301.8361 136.3221 153.7971   8.65 2453157.50000   42.2145    inner_
  37.8078   0.0567  41.4836  25.9267 125.6031 130.8742   6.50 2453157.50000   39.2767    inner_
  37.7736   0.0295  28.8669 243.4640 175.2465 198.2648   7.83 2453157.50000   38.8351    inner_
  38.7825   0.0239  28.3779 302.5329 313.9432 283.0621   8.18 2453157.50000   38.5942    inner_
  38.9807   0.0010  27.5374 141.8489  16.5763 270.6260   8.64 2453157.50000   38.9803    inner_
  38.0403   0.1292  31.1073 115.7897 222.3590 103.8388   8.62 2453157.50000   39.7819    inner_
  38.8178   0.0868  24.6228 347.8526 193.5892 163.6568   6.60 2453157.50000   42.0698    inner_
  38.6608   0.0963  18.6959 305.2411 145.3747  43.7481   8.36 2453157.50000   36.1610    inner_
  38.1208   0.0070  41.8312 285.8214 273.9347 244.3509   8.60 2453157.50000   38.2376    inner_
  38.7496   0.0243   4.7574 119.1058 318.5934 332.5025   8.61 2453157.50000   37.9200    inner_
  38.4659   0.0046   4.0208 316.2222 245.2251  76.1820   6.31 2453157.50000   38.4248    inner_
  38.9564   0.1028  43.3258 211.6622 304.0474 144.5500   8.47 2453157.50000   42.3408    inner_
  38.8767   0.0773  32.6348 126.5713 252.4702 157.4428   8.62 2453157.50000   41.6811    inner_
  38.6879   0.1062  31.2778 354.1679 130.7212 231.7646   7.47 2453157.50000   41.4755    inner_
  38.2043   0.0046  25.4993   2.3041 320.5500  44.8003   8.16 2453157.50000   38.0805    inner_
  38.4040   0.0419  26.7163 241.9674  34.6656 273.5529   8.55 2453157.50000   38.3716    inner_
  38.3230   0.0255   5.2737 189.7638  14.2092 160.0270   6.53 2453157.50000   39.2433    inner_
  38.7801   0.0165  24.2557 293.2491  98.1487  89.9931   8.55 2453157.50000   38.7906    inner_
  38.7716   0.0566  31.0610  63.7645 130.8322 317.6747   8.54 2453157.50000   37.2083    inner_
  38.4792   0.0404  33.1268 238.3357  35.6530 343.4313   8.50 2453157.50000   36.9954    inner_
  38.7656   0.0237  28.1372 354.2447   5.8371 245.0007   7.03 2453157.50000   39.1708    inner_
  37.9907   0.0826  35.0366 291.2204 251.4600  93.3345   7.45 2453157.50000   38.4284    inner_
  37.9539   0.0037  32.4404  26.0322 186.3106 294.6450   8.50 2453157.50000   37.8952    inner_
  38.9590   0.0352  22.3367 176.1634 350.3001 144.6942   8.22 2453157.50000   40.0943    inner_
  38.5823   0.0221  23.4701 214.7307 123.7110  62.1128   8.40 2453157.50000   38.1984    inner_
  38.9312   0.0053   7.8918 107.6214 258.0924  95.4447   7.66 2453157.50000   38.9517    inner_
  38.0174   0.0594  21.5139  74.3226 335.4468  16.0164   8.63 2453157.50000   35.8568    inner_
  38.3439   0.0967  55.8549 117.4994 135.9190 135.8548   7.40 2453157.50000   41.1625    inner_
  38.3467   0.1275  20.9383 213.6125 336.4670 122.5221   6.40 2453157.50000   41.3744    inner_
  38.2505   0.0145  24.5400  94.6841 163.3573 301.8384   7.81 2453157.50000   37.9642    inner_
  38.4472   0.0124  29.6366 176.1046 312.2647 196.5149   8.10 2453157.50000   38.9061    inner_
  38.4463   0.0195  25.1100  25.3186 236.4884 154.9272   7.21 2453157.50000   39.1271    inner_
  38.9432   0.0455  22.4861 253.2321 245.0542 357.7431   8.45 2453157.50000   37.1723    inner_
  38.9615   0.0144  23.6616  34.8563  75.8636  20.2038   8.39 2453157.50000   38.4375    inner_
  38.6902   0.0357   6.3373 242.3717  78.7745 132.7563   7.95 2453157.50000   39.6536    inner_
  37.7451   0.0340  26.7171 268.5807 114.1337  52.6759   8.20 2453157.50000   36.9948    inner_
  38.3412   0.1058  24.9661 178.2349  63.0459 217.3803   8.59 2453157.50000   41.7031    inner_
  38.9795   0.0597  23.2403 148.1314 262.3944 197.3965   8.33 2453157.50000   41.2115    inner_
  38.1296   0.0376   5.2986 234.8338 267.9388  28.7029   8.62 2453157.50000   36.8837    inner_
  38.7712   0.0630  51.0064 161.3533 263.1601  69.7563   8.49 2453157.50000   38.0661    inner_
  38.3533   0.0379  27.2761 101.7677 224.7097  42.7915   8.15 2453157.50000   37.3121    inner_
  37.7458   0.0239   3.9764 305.0600 261.5672 103.0289   6.36 2453157.50000   37.9698    inner_
  38.2598   0.0776  32.0222 180.5831 198.7290 354.7150   7.93 2453157.50000   35.3053    inner_
  37.9490   0.0345  32.1981 341.0417 168.4219 217.0797   8.65 2453157.50000   39.0096    inner_
  38.2618   0.0252  21.1191 342.9283 145.8669  12.3387   8.26 2453157.50000   37.3192    inner_
  38.9459   0.0577  22.9739 192.5706 204.1778 186.4687   8.23 2453157.50000   41.1785    inner_
  37.7766   0.0663  27.1484 163.6483  33.1029 259.0064   7.90 2453157.50000   38.4104    inner_
  38.1495   0.0768  28.0712 119.2865 131.2168  23.5112   8.50 2453157.50000   35.5042    inner_
  37.9163   0.1025  22.0790  89.0783 129.6082  98.5195   7.99 2453157.50000   38.8703    inner_
  38.7259   0.0710   5.3997 278.7955 243.1791 139.6550   8.63 2453157.50000   40.8972    inner_
  37.8393   0.0425   2.3452 304.1005 123.1566 146.3228   8.40 2453157.50000   39.1984    inner_
  38.0715   0.0324   5.2701 196.7196 257.0709  71.0016   8.36 2453157.50000   37.7065    inner_
  38.0919   0.0088  26.1163  64.1277 301.8766 232.8002   8.26 2453157.50000   38.2965    inner_
  38.4989   0.0004  21.3701 243.6122 190.2207 309.2321   8.04 2453157.50000   38.4893    inner_
  38.1111   0.0199  18.8727 345.3011 293.2386 203.2563   8.55 2453157.50000   38.8097    inner_
  38.8825   0.0423  22.8031 162.7786 297.7608 113.6131   8.55 2453157.50000   39.5979    inner_
  37.9570   0.0751  20.9662 313.9922   2.5198  40.1755   8.09 2453157.50000   35.8759    inner_
  38.6233   0.0491  33.4157 128.7881 231.4312 269.5448   8.21 2453157.50000   38.7313    inner_
  38.1269   0.0488  24.5260  39.5931  12.3462 302.4605   8.59 2453157.50000   37.1955    inner_
  38.0220   0.0231  27.4374 245.8246 159.2217 103.9769   8.21 2453157.50000   38.2534    inner_
  38.8725   0.0638  38.4399 218.0076 318.9839  39.6873   8.57 2453157.50000   37.0338    inner_
  38.9832   0.0874  28.7952  50.6347 277.9247 260.7958   8.62 2453157.50000   39.8109    inner_
  38.2729   0.0584  21.3881 278.6257 255.3082 190.3784   7.12 2453157.50000   40.4758    inner_
  38.9028   0.0448  20.8278 207.6198  12.8158 244.0092   7.68 2453157.50000   39.7272    inner_
  37.9920   0.0409  21.3652  20.8014  80.3328 203.7412   6.95 2453157.50000   39.4226    inner_
  37.7303   0.1072  29.0014 124.6145 297.9811 117.9169   8.58 2453157.50000   39.9360    inner_
  38.0735   0.0878  44.4956 328.6053 335.3284 139.6861   8.06 2453157.50000   40.7351    inner_
  38.8931   0.0969  21.8215 222.3071  33.9950   7.0854   7.53 2453157.50000   35.1601    inner_
  38.1356   0.0606  24.3272  21.8645 190.5110 307.2514   8.60 2453157.50000   36.8311    inner_
  38.7969   0.0673   6.9713 216.1036 138.4226  79.6833   8.33 2453157.50000   38.5019    inner_
  38.2592   0.0131   2.5404  42.7151 143.6500 274.6785   8.07 2453157.50000   38.2248    inner_
  37.7566   0.0380  22.2024  40.0421  46.9947 357.6573   8.13 2453157.50000   36.3246    inner_
  38.3936   0.0922  20.4890 239.6340 220.3357 170.9029   8.56 2453157.50000   41.8954    inner_
  38.3640   0.0528   7.7084 176.2148 129.2272  70.6851   6.38 2453157.50000   37.7915    inner_
  38.0970   0.0085  23.1431 261.6799 133.0399 164.3510   8.38 2453157.50000   38.4080    inner_
  38.3250   0.0701  22.9375  65.1989 309.1114 105.2336   8.32 2453157.50000   39.2005    inner_
  38.1004   0.0092  19.1425 265.3279 249.1860 140.5763   6.60 2453157.50000   38.3726    inner_
  38.6717   0.1179  25.5628 303.6313 298.5481  90.6220   8.27 2453157.50000   39.2528    inner_
  38.9427   0.0095  29.5925  52.8742 304.2746  28.6287   8.64 2453157.50000   38.6204    inner_
  38.8826   0.0523   6.3324 118.4272 296.3453 329.6574   8.04 2453157.50000   37.1571    inner_
  38.8887   0.0239  26.0572 150.9840 352.7220  37.1093   7.85 2453157.50000   38.1543    inner_
  38.9661   0.0102   1.5416  44.9462 146.1605 126.1110   8.01 2453157.50000   39.2021    inner_
  38.0715   0.0531  34.6322 108.3351 304.3034 301.1830   8.20 2453157.50000   37.1070    inner_
  38.5514   0.0316  23.9710 335.2294  64.5058 263.9219   8.48 2453157.50000   38.7184    inner_
  38.9421   0.0510  25.6676  84.3657 311.6075   9.6697   8.27 2453157.50000   36.9860    inner_
  38.7377   0.0346   1.6431 130.5380  34.6917 351.7440   8.29 2453157.50000   37.4116    inner_
  37.7202   0.0087  43.0359 248.6223 105.6620 267.3627   8.17 2453157.50000   37.7381    inner_
  38.5261   0.0942  22.8640 255.5553  97.4767 127.3235   7.38 2453157.50000   40.9254    inner_
  38.2395   0.0987  26.5385 212.9935 144.2260 139.1037   8.64 2453157.50000   41.2358    inner_
  38.4520   0.0405  39.2997 215.0713 291.8526 339.2277   7.93 2453157.50000   37.0052    inner_
  38.0223   0.0490  21.0061  36.2007 269.5226 230.6197   8.06 2453157.50000   39.2561    inner_
  38.5444   0.0944  24.3275 339.9310 316.3273 157.7193   7.55 2453157.50000   41.9554    inner_
  38.5699   0.0895  25.7612  87.1846 295.3612 122.2145   8.43 2453157.50000   40.6166    inner_
  38.1148   0.1255  23.9303 290.1118 115.1361 269.7900   8.57 2453157.50000   38.7257    inner_
  38.3200   0.0031  18.8809 336.2577 216.7799 291.8425   6.91 2453157.50000   38.2754    inner_
  38.4537   0.0419  29.6247 104.1212 289.0419 105.7663   8.63 2453157.50000   38.9526    inner_
  37.7624   0.0492  31.0807 233.0268 184.7741  85.8574   8.50 2453157.50000   37.7195    inner_
  37.8101   0.0180  41.9795 134.1763 205.3607 321.0834   6.43 2453157.50000   37.2847    inner_
  38.1699   0.0027  36.5500  65.7267 281.6213 317.2611   8.57 2453157.50000   38.0956    inner_
  37.8127   0.0314  19.6421 299.6586 357.4614 330.2912   8.37 2453157.50000   36.7922    inner_
  38.4609   0.0024   6.9119  99.8086 248.2317 335.2765   8.40 2453157.50000   38.3773    inner_
  38.2342   0.0347   4.3312  23.5024 286.4335 212.3484   7.53 2453157.50000   39.3671    inner_
  38.8639   0.0278  22.0884 254.7459 279.9428 102.8492   8.64 2453157.50000   39.1328    inner_
  38.9324   0.0825  36.3613 205.4399 343.4855 104.9126   8.41 2453157.50000   39.9983    inner_
  38.0300   0.0909  26.4394 283.0374 163.1899  37.0779   6.78 2453157.50000   35.3986    inner_
  38.4885   0.0732  28.7143 336.6111 296.3470 327.5438   8.62 2453157.50000   36.1772    inner_
  38.6439   0.0440  28.6208 345.9328  46.4097 150.2579   6.63 2453157.50000   40.1391    inner_
  38.1916   0.0379   6.0970  45.0403  17.8893 229.6141   8.45 2453157.50000   39.1593    inner_
  38.2679   0.0450  24.5499 220.7680  28.7701 240.8954   7.85 2453157.50000   39.1617    inner_
  38.7950   0.0194  22.1641 320.4142  56.2002 201.1131   8.55 2453157.50000   39.4999    inner_
  37.8563   0.0167  23.7310 253.4255 329.4738 232.0617   5.92 2453157.50000   38.2524    inner_
  38.2822   0.0605  21.4997  76.5264 342.4211 212.8332   8.62 2453157.50000   40.2653    inner_
  38.7670   0.0811  21.9130 133.8048 341.0802 244.6691   8.36 2453157.50000   40.3096    inner_
  38.4164   0.0523  47.4190 180.6684 269.7486 299.2066   8.43 2453157.50000   37.5196    inner_
  38.4892   0.0803  22.1097 335.6944  11.8927 241.5028   8.50 2453157.50000   40.1455    inner_
  38.6321   0.0408   5.1104 156.5700 276.8843  55.0391   8.50 2453157.50000   37.7746    inner_
  37.9884   0.0382  28.5839  93.1753 292.5061 350.4355   8.55 2453157.50000   36.5608    inner_
  38.5306   0.0703  27.4948  62.7936 300.8127 100.5169   8.09 2453157.50000   39.2054    inner_
  37.9948   0.1128  28.2297  49.3123 171.8508 177.7999   8.55 2453157.50000   42.2776    inner_
  38.0009   0.0197  22.1283  31.2961 225.8569  57.4435   8.23 2453157.50000   37.6078    inner_
  38.8852   0.0756   3.3202 306.0116  37.3098 314.2327   8.64 2453157.50000   36.9569    inner_
  38.1848   0.0784  29.9900  34.1762 196.8464  63.7029   8.61 2453157.50000   37.0572    inner_
  37.7139   0.0464  24.3128 274.2154   3.4311 184.8588   7.59 2453157.50000   39.4563    inner_
  38.8937   0.0108  22.9120 128.8872 180.9337   2.6287   8.48 2453157.50000   38.4726    inner_
  38.6660   0.0026  42.3429  84.7319  19.0683 260.5717   7.73 2453157.50000   38.6829    inner_
  38.5563   0.0612  23.5240 107.0471 181.5320 285.4843   8.16 2453157.50000   38.0636    inner_
  38.3332   0.0696  26.1202  28.6115  39.2234 203.3178   8.34 2453157.50000   40.8088    inner_
  38.8152   0.0977  23.8315 201.8965 155.3202  27.6154   8.15 2453157.50000   35.5461    inner_
  38.6563   0.0056  37.1407  38.4916 114.1011 164.0620   8.60 2453157.50000   38.8648    inner_
  38.6635   0.0182   2.7314  63.3858 195.3815 324.7992   8.38 2453157.50000   38.0916    inner_
  38.0808   0.0449  23.3269 146.1520 211.6179 356.6451   8.44 2453157.50000   36.3729    inner_
  38.1681   0.0399   2.6862  65.4445 236.4580  97.6172   8.53 2453157.50000   38.4294    inner_
  38.5903   0.0050  24.1592 164.4205 265.8544 345.8297   7.44 2453157.50000   38.4027    inner_
  38.9952   0.0563  22.9965 190.1131  62.1996 191.2220   8.59 2453157.50000   41.1521    inner_
  37.8592   0.0148  38.0025 161.3886 124.9411 266.7102   7.75 2453157.50000   37.8995    inner_
  38.6134   0.0337   5.2232 109.1267 328.7751 279.8831   7.87 2453157.50000   38.4329    inner_
  38.7667   0.0093  23.3009 274.6569  20.6507 125.6182   8.07 2453157.50000   38.9788    inner_
  38.6095   0.1235  22.4021 154.6329   6.7717 249.8014   8.20 2453157.50000   40.7397    inner_
  38.0255   0.0155  19.1900 252.2791  27.4522  61.0101   7.39 2453157.50000   37.7468    inner_
  38.5395   0.1009  32.1955 185.8308 117.3085 276.4706   8.21 2453157.50000   38.4925    inner_
  38.5292   0.0102  29.6895 172.0894 235.9693 149.0327   7.62 2453157.50000   38.8686    inner_
  38.1132   0.0905  36.9339  96.5367  40.7600 275.5426   8.56 2453157.50000   38.0916    inner_
  37.7700   0.0249   5.2147   4.8843 227.4667   3.4125   8.49 2453157.50000   36.8304    inner_
  38.5425   0.1060  29.9790 358.7636 275.2698  16.3904   8.34 2453157.50000   34.6631    inner_
  37.7273   0.0162   7.8550 165.6211 149.7326 126.6468   8.54 2453157.50000   38.0976    inner_
  37.8534   0.0341  21.3015 327.0176 224.0623 215.3845   7.43 2453157.50000   38.9204    inner_
  38.3805   0.0360  29.4916  37.2469 222.1406  86.1837   8.43 2453157.50000   38.3382    inner_
  38.6290   0.0619  21.4914 172.8591 287.6314  22.3458   8.17 2453157.50000   36.4422    inner_
  37.8193   0.0987  28.2663  75.1275  14.9952  41.5199   8.17 2453157.50000   35.2065    inner_
  38.0363   0.0236   8.8378 143.2864 311.1771 294.2216   8.22 2453157.50000   37.6852    inner_
  37.8459   0.0054  30.6916 172.0043 344.4401  21.7554   8.60 2453157.50000   37.6559    inner_
  38.2573   0.0505  22.7544  80.6993 345.1457  60.7867   7.11 2453157.50000   37.3914    inner_
  38.9017   0.0202  34.8018 193.1025 152.2492 120.4882   7.93 2453157.50000   39.3111    inner_
  38.0480   0.0825  27.6924 353.2417 300.1008 122.8143   7.05 2453157.50000   39.9209    inner_
  38.6886   0.0887  19.9564 226.0997 105.7039  32.5901   7.18 2453157.50000   35.8961    inner_
  38.4563   0.0238   4.6444 303.6993 316.7501 206.0566   8.53 2453157.50000   39.2823    inner_
  38.4669   0.0559  22.9766  64.6389 155.4161 298.2312   8.53 2453157.50000   37.5471    inner_
  38.6540   0.0311  22.3812  43.6297 294.6750 227.9681   8.30 2453157.50000   39.4796    inner_
  38.4150   0.0129  24.1832 356.4664 267.1284  87.6291   7.50 2453157.50000   38.4009    inner_
  38.2082   0.0353  27.1485 109.4336 132.9347  84.6564   6.91 2453157.50000   38.1300    inner_
  38.5759   0.0708  21.9512  88.0601 305.0589  31.8036   7.79 2453157.50000   36.3136    inner_
  37.9809   0.0195   4.2449 137.4442 320.3626 331.6810   8.08 2453157.50000   37.3323    inner_
  38.5428   0.0340   3.2926  29.7701 113.4080  32.4870   6.46 2453157.50000   37.4505    inner_
  37.7652   0.1066  23.5486  63.5558 232.1735 229.3968   8.33 2453157.50000   40.6092    inner_
  38.2316   0.0746  22.0566 173.0466  42.3475 252.9581   8.60 2453157.50000   39.2547    inner_
  38.6363   0.0309   5.1126 244.5932 148.9588 116.4836   8.11 2453157.50000   39.1970    inner_
  38.1237   0.0215  33.2087   0.9481   6.9991 111.0184   8.33 2453157.50000   38.4330    inner_
  37.8260   0.1018  28.0230  12.2247 153.6920 302.4236   8.18 2453157.50000   36.0634    inner_
  37.9302   0.0800  31.9942 225.9503 237.2916 247.5946   8.42 2453157.50000   39.2836    inner_
  38.6645   0.0606  36.5519 259.2413 342.5644  61.7788   7.40 2453157.50000   37.6716    inner_
  38.3837   0.0623  23.4234 357.8328  88.1200 208.4851   8.41 2453157.50000   40.5183    inner_
  38.9659   0.0004   5.3068 160.4398  60.3421 152.6596   8.63 2453157.50000   38.9789    inner_
  38.5634   0.0243   4.9861 206.8882 348.8197 359.9335   8.60 2453157.50000   37.6261    inner_
  38.2157   0.0791  31.9794  57.9081 304.7497  45.3195   8.64 2453157.50000   36.2226    inner_
  38.3768   0.0151   3.2352 283.7880  73.4541  95.5399   7.78 2453157.50000   38.4415    inner_
  38.3675   0.0126  18.4763 287.2788 233.5702 158.5018   8.25 2453157.50000   38.8170    inner_
  38.2406   0.0299  39.4750 254.4238  96.8374  59.7690   8.61 2453157.50000   37.6907    inner_
  38.9867   0.1011  32.9313   5.5506 177.2201 265.9599   8.56 2453157.50000   39.6537    inner_
  38.6937   0.0470  23.7047 161.3152 162.4152 203.3842   8.60 2453157.50000   40.3742    inner_
  37.8000   0.0018  24.8563 192.7886 356.0274 249.2609   7.73 2453157.50000   37.8242    inner_
  38.2280   0.0306  39.8111 192.6128 192.5221 231.8753   8.50 2453157.50000   38.9710    inner_
  38.9116   0.0009  23.3245 232.7964 348.3920 330.2991   7.60 2453157.50000   38.8817    inner_
  38.0791   0.0060  23.3637  70.3741 336.4733 357.8985   8.11 2453157.50000   37.8518    inner_
  38.1729   0.0133  20.0531 300.7165  83.9742 130.7707   8.14 2453157.50000   38.5072    inner_
  38.4110   0.0129  35.4050 166.8185 348.3075  81.3777   8.28 2453157.50000   38.3431    inner_
  38.9978   0.0304  33.5084 261.6258 126.5702 272.3277   7.48 2453157.50000   38.9856    inner_
  38.3851   0.0394  27.8778  21.0126  15.7350 146.0877   7.53 2453157.50000   39.6578    inner_
  38.5772   0.0166  24.8156 275.7916 139.5511  43.3763   7.00 2453157.50000   38.1162    inner_
  38.9138   0.0871  27.2736  81.2164 217.8953  57.9714   6.68 2453157.50000   37.3424    inner_
  38.2497   0.0758  21.3681  10.1187  65.5491 338.7473   8.61 2453157.50000   35.5789    inner_
  38.5931   0.0517   4.8745 151.9125   8.3716  47.2132   8.48 2453157.50000   37.2953    inner_
  38.3666   0.0388   5.1746  76.7694  56.4310 149.9382   6.56 2453157.50000   39.6677    inner_
  38.1171   0.0323  21.6275  16.2608 348.0309  27.0998   8.52 2453157.50000   37.0281    inner_
  37.7785   0.0590  22.1055 185.3582  16.6776  19.9700   8.22 2453157.50000   35.6996    inner_
  37.9433   0.0881  20.5739 230.7401   3.0825  37.1189   8.28 2453157.50000   35.3970    inner_
  38.9019   0.0176  19.5881 277.6724 336.3312 200.6710   8.63 2453157.50000   39.5425    inner_
  38.9697   0.0195  32.6107 218.5077  86.2750 200.6521   7.62 2453157.50000   39.6814    inner_
  38.9232   0.0963  33.7808 333.1686 189.2768 109.7369   6.60 2453157.50000   40.4929    inner_
  38.3343   0.0329  24.7425  38.1094 147.9870  47.5150   7.99 2453157.50000   37.5058    inner_
  38.8118   0.0040  27.4239 346.7912 313.0586  35.0488   7.84 2453157.50000   38.6833    inner_
  37.7710   0.0635  22.3470 156.6723 271.4322  69.2009   8.31 2453157.50000   37.0567    inner_
  38.6429   0.0440  25.9769 142.8415 191.2161 230.1447   8.63 2453157.50000   39.7744    inner_
  37.8681   0.0232  29.7588 201.7927 335.5221   0.9897   8.03 2453157.50000   36.9900    inner_
  37.7214   0.0358  26.7547  68.0498 302.0983 196.3547   8.26 2453157.50000   39.0213    inner_
  37.8889   0.0265  24.9862 294.4052 144.9744 322.2110   7.00 2453157.50000   37.1063    inner_
  38.6615   0.0777  25.4282 169.9461 131.2526  40.4608   8.32 2453157.50000   36.4841    inner_
  38.6785   0.0689  22.1162 148.0558 186.6404 345.6525   7.47 2453157.50000   36.1092    inner_
  38.5465   0.0001   5.0945 229.3621 264.9301   6.3377   6.76 2453157.50000   38.5440    inner_
  38.8536   0.0373  22.0631  11.2937  37.7050 307.0620   8.13 2453157.50000   38.0159    inner_
  38.8265   0.0375  24.0695  31.3294 322.9528 220.7867   8.62 2453157.50000   39.9511    inner_
  38.9390   0.0283  28.2349  53.1146 202.7530 316.0831   8.37 2453157.50000   38.1604    inner_
  38.0354   0.0896  43.2281  64.9770 217.9765 291.1238   7.77 2453157.50000   37.0848    inner_
  38.5048   0.0253   2.1615 296.9523 198.4620 181.6501   8.05 2453157.50000   39.4788    inner_
  37.7219   0.0046  20.4115 301.3064 227.3499 261.1017   7.90 2453157.50000   37.7498    inner_
  38.1998   0.0037   3.9548 275.3369  38.6261  75.2139   8.49 2453157.50000   38.1640    inner_
  37.7190   0.1169  21.3247 216.5848 245.2852 127.3880   8.49 2453157.50000   40.6894    inner_
  37.7696   0.0699  40.3015 116.6586 261.2935  38.7407   8.52 2453157.50000   35.7878    inner_
  38.7633   0.0496  27.2487 359.2303 268.4828 259.8439   8.33 2453157.50000   39.1932    inner_
  37.7778   0.0236   3.6601 113.8565 214.2038 293.0505   8.00 2453157.50000   37.4468    inner_
  38.5975   0.0646  24.1291 249.1396 196.3257 190.7458   7.83 2453157.50000   41.0535    inner_
  38.5294   0.0482  21.1181 215.7419   3.6798 136.6551   8.63 2453157.50000   39.9199    inner_
  38.8584   0.0744  24.7649 270.3448  69.4025  13.0674   8.62 2453157.50000   36.0563    inner_
  38.2932   0.0370   3.3667  21.5631  98.8727  27.6984   8.36 2453157.50000   37.0517    inner_
  38.8230   0.0584  35.5637 111.2925 307.4665 309.4824   7.50 2453157.50000   37.4656    inner_
  38.9402   0.0258   4.2172 260.6399   5.3324 107.4968   6.52 2453157.50000   39.2659    inner_
  38.6031   0.0816  22.7303 205.6197 238.0948 340.7609   8.00 2453157.50000   35.6588    inner_
  38.7160   0.0454  19.1499 342.5558  30.4781 321.1896   8.35 2453157.50000   37.3787    inner_
  38.2375   0.0287  30.3854 281.2016 344.3751   7.9055   8.29 2453157.50000   37.1520    inner_
  38.2653   0.0584   8.3858 167.0853 100.4370 148.2768   8.62 2453157.50000   40.2002    inner_
  38.9781   0.0232  30.4111 265.0842   8.5307 126.9374   8.49 2453157.50000   39.5340    inner_
  38.1801   0.0105  29.3557 220.8820 252.4991 147.9107   8.55 2453157.50000   38.5212    inner_
  37.7421   0.0656  29.2101  44.2649 256.1237 153.7651   8.53 2453157.50000   39.9919    inner_
  38.5050   0.0337  25.9046  12.5185 272.8301 341.8808   8.22 2453157.50000   37.2755    inner_
  37.7894   0.0926  30.0232 157.3477 101.9517 226.8703   8.65 2453157.50000   40.3392    inner_
  38.9004   0.0656  25.8231 121.2565 303.3288  83.1122   7.78 2453157.50000   38.7608    inner_
  37.9036   0.0239  22.4073 270.9898 119.4050 194.6966   8.45 2453157.50000   38.7796    inner_
  38.1953   0.0267  25.4791   0.7813  25.4444 322.7885   8.28 2453157.50000   37.3934    inner_
  38.2272   0.0421  29.7421  18.1861 212.8598 307.5754   8.04 2453157.50000   37.2907    inner_
  38.9788   0.0775  39.2207 349.6989 338.3871 130.2774   8.33 2453157.50000   41.0585    inner_
  38.4242   0.0081  44.2176 350.8530 137.8248 262.6956   7.54 2453157.50000   38.4660    inner_
  38.6427   0.0107   4.7517 332.4906 150.2392  99.7265   8.61 2453157.50000   38.7172    inner_
  37.9753   0.0237  22.4373  44.6589 148.3695  44.6345   8.53 2453157.50000   37.3457    inner_
  38.6420   0.1006  25.0680 112.3548 308.5512  72.2131   7.48 2453157.50000   37.8236    inner_
  38.7030   0.0303  30.0221 282.1284 146.4297   0.3424   8.47 2453157.50000   37.5294    inner_
  38.3670   0.1193  19.9496 345.4918 198.3709 309.7459   6.51 2453157.50000   35.8013    inner_
  38.8128   0.0033  28.1408 179.6266  46.2255 272.5679   8.52 2453157.50000   38.8074    inner_
  38.2017   0.1351  24.7445 194.6491 352.9913  76.8336   8.33 2453157.50000   37.7105    inner_
  38.2501   0.0757  38.6002  73.7778 309.3383 307.3944   8.50 2453157.50000   36.6402    inner_
  38.1526   0.0210  25.6383 324.8734 107.3945 132.0666   5.83 2453157.50000   38.6977    inner_
  38.5574   0.0066  21.3701 169.1433 140.7815 220.2955   8.44 2453157.50000   38.7515    inner_
  38.1367   0.0395  32.8412 318.4334 193.8837  52.9479   8.64 2453157.50000   37.2673    inner_
  38.7782   0.0957  25.2076 117.5960  13.4183  92.4822   8.06 2453157.50000   39.2894    inner_
  37.8820   0.0213  24.1898  87.7161  16.5035 194.7332   8.53 2453157.50000   38.6618    inner_
  38.5495   0.0537  20.6581 188.0301 220.0084  15.8410   7.00 2453157.50000   36.5665    inner_
  38.7675   0.0399  27.8573 343.2996  56.9405 196.0806   8.60 2453157.50000   40.2594    inner_
  38.3955   0.0342  32.0715 141.4544 304.1569 331.7245   7.68 2453157.50000   37.2508    inner_
  38.4857   0.0185  21.4777  48.7706  66.3195 267.8510   8.62 2453157.50000   38.5257    inner_
  38.2281   0.0281  22.6881  12.8608 193.9156 303.0022   8.41 2453157.50000   37.6649    inner_
  38.0427   0.0908  22.1676 168.8238 152.9486 156.7023   7.96 2453157.50000   41.2583    inner_
  37.9465   0.0010   3.3694 183.3850 141.1854  44.8105   8.34 2453157.50000   37.9202    inner_
  38.9534   0.0320   4.1141 267.3743 173.0039  15.7855   8.21 2453157.50000   37.7555    inner_
  38.5339   0.0404  22.9878 245.6962 182.8808  39.6843   8.52 2453157.50000   37.3633    inner_
  38.1745   0.0371  24.2395 106.3595  32.5306 244.7980   8.37 2453157.50000   38.8191    inner_
  38.8867   0.0677   6.0489 207.5465 254.9158  67.1208   8.36 2453157.50000   38.0199    inner_
  37.8812   0.0371  25.2322  91.9728 126.4367  76.6248   6.74 2453157.50000   37.6059    inner_
  38.9359   0.0210  20.6852  32.5971 359.9017  17.7710   8.63 2453157.50000   38.1577    inner_
  37.9213   0.0003  29.6067 122.8332  64.9582 344.3142   8.55 2453157.50000   37.9100    inner_
  38.2128   0.0066  25.2224  95.9348 164.7610  59.3755   8.38 2453157.50000   38.0854    inner_
  38.5570   0.0762  24.0157 255.3219 267.8433 231.5563   8.61 2453157.50000   40.5111    inner_
  38.6753   0.0144  30.9234 317.2680 184.0106   5.5193   7.62 2453157.50000   38.1213    inner_
  38.7122   0.0076  21.0584 302.4405  50.5994  77.5342   8.21 2453157.50000   38.6512    inner_
  38.2506   0.0971  31.1943 287.2623 226.7310  74.5888   8.58 2453157.50000   37.6100    inner_
  37.8805   0.0163  22.0475 193.8590   3.6286 112.0513   8.02 2453157.50000   38.1207    inner_
  38.9912   0.0688  29.6756 228.1344 188.7725  12.7767   8.57 2453157.50000   36.3852    inner_
  38.5614   0.0148  23.6230  54.6034 341.2035 175.4856   8.13 2453157.50000   39.1288    inner_
  37.8387   0.0494  21.7439 291.3603 232.2181 224.2009   6.47 2453157.50000   39.2225    inner_
  38.7512   0.0161  27.6108 169.2481 182.5532 252.9430   8.41 2453157.50000   38.9436    inner_
  37.9576   0.0037  20.3851 222.4326  97.1234 162.5721   7.02 2453157.50000   38.0933    inner_
  38.1317   0.0037  28.5205 328.1457 252.0042  23.8965   7.55 2453157.50000   38.0028    inner_
  37.7794   0.0468  19.7116   8.5457  17.6025 179.8338   8.50 2453157.50000   39.5477    inner_
  38.4344   0.0227  31.7553 268.4934 261.4902 174.0325   8.31 2453157.50000   39.3019    inner_
  38.5914   0.0152  27.6578 225.2728 161.3447  52.4237   8.22 2453157.50000   38.2384    inner_
  38.4886   0.0025   4.4610 158.1570 209.1840  17.9230   7.71 2453157.50000   38.3987    inner_
  37.9483   0.0107  39.6330  63.7917 263.7391 284.0361   8.45 2453157.50000   37.8538    inner_
  38.5217   0.0507  29.7409 311.1857 241.4951 175.9269   8.13 2453157.50000   40.4715    inner_
  38.7360   0.0096   2.6920  66.6391 132.6326 124.5545   8.37 2453157.50000   38.9491    inner_
  38.9812   0.0558  33.9873 194.6549 119.5938 346.1931   7.72 2453157.50000   36.8747    inner_
  38.9339   0.0333  18.8100 331.0090 213.5030 145.6010   8.02 2453157.50000   40.0171    inner_
  38.1940   0.0554  21.0347 227.2837 254.8065  68.6254   8.43 2453157.50000   37.5277    inner_
  37.9068   0.0805  20.9710 303.4031 282.3382 143.5590   6.38 2453157.50000   40.4412    inner_
  38.5895   0.0334  21.0454 192.6858  97.3380 310.5592   7.89 2453157.50000   37.7780    inner_
  37.8973   0.0334  28.8208 128.9474 104.5919 112.5478   8.49 2453157.50000   38.4188    inner_
  37.8681   0.0153  31.6265 285.8252 179.7743 164.9696   7.37 2453157.50000   38.4293    inner_
  38.0293   0.0590  26.9551  85.7679 118.6094 241.7038   7.92 2453157.50000   39.1917    inner_
  38.1879   0.0400  38.9163 176.7169  63.8405 229.0193   8.51 2453157.50000   39.2240    inner_
  38.0422   0.0149   4.8264  18.2858 194.1338 322.2491   7.80 2453157.50000   37.5964    inner_
  38.0296   0.0309  28.0289  76.4809 143.4268  84.2243   8.10 2453157.50000   37.9474    inner_
  38.1402   0.0661  26.6089 114.2436  74.2523 320.0206   8.51 2453157.50000   36.2829    inner_
  38.8118   0.0902  27.4499 266.9830  19.5608 155.5093   7.50 2453157.50000   42.0458    inner_
  38.6082   0.0218  20.9726   8.9438  35.2389 201.9769   7.78 2453157.50000   39.3897    inner_
  38.8840   0.0505   5.4734 118.0065 262.7683  96.3695   8.40 2453157.50000   39.1986    inner_
  38.2994   0.0220  31.2273 186.4253 208.6815 321.4313   7.68 2453157.50000   37.6494    inner_
  38.5116   0.0928  28.5689  91.8378 352.4932 228.2694   7.46 2453157.50000   41.0598    inner_
  38.7587   0.0429  29.4311 184.4310 340.7684 349.7839   8.65 2453157.50000   37.1251    inner_
  38.1449   0.0317  38.8098  72.6333 171.8767 258.1318   7.85 2453157.50000   38.4301    inner_
  38.2883   0.1118  26.5622 133.6100 300.8530 126.4797   7.58 2453157.50000   41.1129    inner_
  38.1526   0.0572  33.9821  57.1575 292.7559 144.9821   8.45 2453157.50000   39.9771    inner_
  38.9423   0.0528  28.9509 139.9796  45.6193  20.8899   8.29 2453157.50000   37.0356    inner_
  38.5701   0.0132  48.7832 239.8317 258.4594 201.5707   8.36 2453157.50000   39.0428    inner_
  37.9902   0.0357   6.2980 135.8045 341.8473 343.3382   7.44 2453157.50000   36.6945    inner_
  38.6619   0.0128  33.9850  32.4475  89.5543 195.4711   8.66 2453157.50000   39.1385    inner_
  38.1987   0.0826  23.0428 134.7169  52.0122  79.5593   8.00 2453157.50000   37.8836    inner_
  38.9676   0.0666  20.9538 192.0657 241.0046 118.0608   7.83 2453157.50000   40.3166    inner_
  38.4904   0.0333   6.3248 145.5882 259.9746 117.1395   6.77 2453157.50000   39.1090    inner_
  38.5693   0.0341  31.5083 258.3858 210.8814  82.8256   8.21 2453157.50000   38.4493    inner_
  37.9511   0.0028  30.8805 111.9386 290.1586 295.2517   8.47 2453157.50000   37.9058    inner_
  38.1388   0.0518  28.4941 311.2118 165.6006  59.8102   8.66 2453157.50000   37.2244    inner_
  38.3697   0.0067  23.9936 247.6718  99.1837 300.5133   7.42 2453157.50000   38.2414    inner_
  38.2975   0.0250  35.9030 175.3940 153.0059 218.9447   8.58 2453157.50000   39.0526    inner_
  38.1228   0.0463   3.4472  41.0408 351.2797 103.8765   8.47 2453157.50000   38.6219    inner_
  37.9420   0.0766  21.7085 146.5145 285.5350 324.0799   7.72 2453157.50000   35.6739    inner_
  38.0979   0.0028  35.3830 141.6795 294.4572 190.9330   8.06 2453157.50000   38.2014    inner_
  37.8149   0.0800  29.0010   2.8888 168.7040 127.1148   8.27 2453157.50000   39.7830    inner_
  38.5541   0.0761  21.7372 148.7343 358.3689 359.0676   8.28 2453157.50000   35.6196    inner_
  37.9789   0.0225  19.7610 241.6513 356.0765  61.3870   8.18 2453157.50000   37.5843    inner_
  38.2466   0.0293   3.7111 101.6071 191.3482 258.3578   8.23 2453157.50000   38.5043    inner_
  38.6273   0.0205  20.3118 246.1136 173.0113  69.6996   7.21 2453157.50000   38.3668    inner_
  37.9453   0.0317  18.9931 301.9040 105.2016 193.5725   6.24 2453157.50000   39.1162    inner_
  38.1815   0.0157  24.9717 169.7004 129.1392  11.5125   8.53 2453157.50000   37.5939    inner_
  38.2293   0.0816  20.9413  24.1703  96.0073 200.6044   8.36 2453157.50000   41.1783    inner_
  37.9590   0.0997  21.2176  13.1281 122.4973  68.7073   7.61 2453157.50000   36.9290    inner_
  38.1279   0.0236  25.1833 173.1021 268.9278 153.5509   8.04 2453157.50000   38.9385    inner_
  37.7187   0.0486  25.3659 268.0123 230.7894  68.9537   8.27 2453157.50000   37.1403    inner_
  38.1045   0.0248  32.5788 251.5455 183.6068  47.1033   7.57 2453157.50000   37.4751    inner_
  38.4640   0.0714  38.9925  69.9590 299.1823 294.1284   7.98 2453157.50000   37.5118    inner_
  38.7029   0.0395  29.5068 121.4382 233.7944 146.7176   8.26 2453157.50000   39.9987    inner_
  38.8540   0.0307  30.9724   1.0857 130.9968 356.6187   8.07 2453157.50000   37.6646    inner_
  38.8627   0.0527   4.5210 356.0826 139.9518  54.4482   8.49 2453157.50000   37.7476    inner_
  38.2724   0.0778  26.7283 243.2496 246.7294 267.8409   8.32 2453157.50000   38.6143    inner_
  38.2630   0.0788  22.3477 288.1509 158.9699 228.8114   7.33 2453157.50000   40.3733    inner_
  38.7874   0.0705   4.9217 277.6545  62.1605 225.7642   8.24 2453157.50000   40.7856    inner_
  38.0280   0.0544  21.0123 205.7763 154.5542 212.2196   7.69 2453157.50000   39.8091    inner_
  38.7027   0.0023  21.7002 230.1245 168.4446 312.3043   8.63 2453157.50000   38.6436    inner_
  38.7537   0.0520  31.8861 105.1968 173.9430 325.0125   8.46 2453157.50000   37.1386    inner_
  38.8227   0.0293  48.1841   4.2229 112.8911 198.2621   8.47 2453157.50000   39.9052    inner_
  37.9557   0.0422  24.0831  46.6177 343.2815 191.8195   8.58 2453157.50000   39.5259    inner_
  38.6307   0.0214  24.6240 235.9090 159.5480  98.2792   7.27 2453157.50000   38.7669    inner_
  38.9047   0.0483  30.4343 353.3714  40.1990  64.2046   8.66 2453157.50000   38.1627    inner_
  38.3738   0.0553  22.1812 164.0131 137.4117 332.7799   6.63 2453157.50000   36.5140    inner_
  37.8191   0.0116  34.2056 188.6158 302.8951  22.3957   8.09 2453157.50000   37.4153    inner_
  38.8700   0.0427  31.6032 358.7156  93.5466  25.2457   8.57 2453157.50000   37.3811    inner_
  38.3606   0.1389  33.2278 186.5123 258.9537 128.0844   8.56 2453157.50000   42.0511    inner_
  38.5869   0.0061   7.9344 127.5503 129.7890 177.5816   8.56 2453157.50000   38.8220    inner_
  37.7578   0.0340  29.2023 354.8295 179.4630 202.9306   8.23 2453157.50000   38.9459    inner_
  38.8104   0.0668  21.1485 170.7021  46.6251 112.3350   6.94 2453157.50000   39.9379    inner_
  37.9173   0.0561  37.5240 207.9583 183.7750   9.6645   7.94 2453157.50000   35.8252    inner_
  38.1482   0.0463  18.7729 305.2004 202.2731 344.4253   7.45 2453157.50000   36.4528    inner_
  38.5554   0.0877  30.0918 310.8425 303.1653 157.7407   7.63 2453157.50000   41.7231    inner_
  38.1787   0.1088  25.0342 113.3851 235.7970  64.1331   7.19 2453157.50000   36.7570    inner_
  38.1591   0.0753  23.6517 113.2468 247.0774 194.8247   6.85 2453157.50000   40.9508    inner_
  38.2863   0.0024  33.8569  53.3855 309.1505 246.8508   8.43 2453157.50000   38.3232    inner_
  37.9330   0.0186  21.9339 239.4188 148.6285 352.1266   8.47 2453157.50000   37.2334    inner_
  37.9156   0.0180  35.3311  89.2869  70.7024  30.9744   8.50 2453157.50000   37.3331    inner_
  38.0872   0.0159  20.8034  16.3771  59.7338 173.4991   8.57 2453157.50000   38.6894    inner_
  37.7681   0.0401   5.0798 187.0105  59.2034 305.5190   8.48 2453157.50000   36.9298    inner_
  37.9950   0.0113   2.0598 160.3547 171.5761 123.7819   8.08 2453157.50000   38.2377    inner_
  38.0072   0.0003  20.7322  31.7985 197.2918 215.1646   8.02 2453157.50000   38.0160    inner_
  38.8693   0.1171  23.0015 328.8639 200.9554  96.5239   8.41 2453157.50000   39.8983    inner_
  38.8134   0.0054  22.3017 309.8230 323.0630 356.4778   7.57 2453157.50000   38.6047    inner_
  38.7181   0.0247  33.3724  52.2566 237.8885  33.2480   6.44 2453157.50000   37.9259    inner_
  38.6338   0.0315  28.8806 139.3125  50.7817 163.7726   7.39 2453157.50000   39.8043    inner_
  38.3387   0.0528  26.8757  86.0489 102.1491 162.7030   7.75 2453157.50000   40.2820    inner_
  38.7202   0.0753  19.9542 341.1606  38.1933 203.6902   8.18 2453157.50000   41.4237    inner_
  38.7120   0.1012  28.4934 345.4205  50.1648 148.0208   8.03 2453157.50000   42.1334    inner_
  38.4316   0.0511  37.5405 262.6973 121.7300 356.0809   8.27 2453157.50000   36.4729    inner_
  37.8613   0.0152   2.2919 220.2943 145.7533  71.2815   8.30 2453157.50000   37.6845    inner_
  38.6314   0.0707  34.5360  80.8568 146.4185 244.0008   8.29 2453157.50000   39.9766    inner_
  38.5974   0.0696  21.1107 241.0210   5.5729 187.2465   7.80 2453157.50000   41.2643    inner_
  38.9373   0.0170  23.4406  67.1128 336.8497 203.6446   6.99 2453157.50000   39.5446    inner_
  38.4498   0.0815  22.2534 110.5481 350.3773 230.6474   7.64 2453157.50000   40.5781    inner_
  37.8613   0.0624  20.4746 359.3229 104.2334  21.9123   8.57 2453157.50000   35.6902    inner_
  37.8266   0.0572  31.4031 167.3694  25.8587 269.9288   8.22 2453157.50000   37.9527    inner_
  38.6859   0.0368  21.3246  74.8015 136.8379  95.8987   8.32 2453157.50000   38.8840    inner_
  38.6497   0.0622   5.5420 195.1001  57.9005 322.9528   8.11 2453157.50000   36.7884    inner_
  37.8259   0.0519  25.2555  65.6157 165.7075  43.1033   7.76 2453157.50000   36.4422    inner_
  38.5651   0.0350  37.2046 200.5474 230.3442 147.0661   8.10 2453157.50000   39.7097    inner_
  37.9079   0.0619  27.8011 176.0089 193.5091   8.2017   8.30 2453157.50000   35.5900    inner_
  37.9518   0.0010  30.7250 123.0428 228.7881  51.4568   7.87 2453157.50000   37.9288    inner_
  37.9544   0.1195  39.0428 115.1638 327.8465  38.3547   7.68 2453157.50000   34.6379    inner_
  38.4641   0.0046   2.3600  96.1553 253.0810  22.4871   7.54 2453157.50000   38.3024    inner_
  38.8785   0.1110  31.4556  96.3428  51.7605  50.5223   8.37 2453157.50000   36.4510    inner_
  38.2726   0.0300  35.6255 162.4611  47.5615  90.9914   8.22 2453157.50000   38.3268    inner_
  38.4245   0.0542  25.0394 293.1871 241.6512 345.7146   8.08 2453157.50000   36.4119    inner_
  37.9536   0.0437  28.6502 107.7155  16.4211  86.9391   8.38 2453157.50000   37.9374    inner_
  38.4387   0.0219  33.6878  55.1447 339.5458  62.7651   7.95 2453157.50000   38.0681    inner_
  38.4989   0.0454  21.1607  61.2788  66.3125 338.4511   8.30 2453157.50000   36.8852    inner_
  38.7750   0.0338  27.1456 324.8948 104.6908 197.4749   8.39 2453157.50000   40.0294    inner_
  38.9612   0.0527  19.1500 344.9061 103.3409  68.6409   8.64 2453157.50000   38.3098    inner_
  37.7487   0.0180  25.7133 129.4659 326.0729  43.1518   7.84 2453157.50000   37.2596    inner_
  38.3924   0.0216  26.5130 208.4986 174.8361 307.3516   6.31 2453157.50000   37.9007    inner_
  38.5155   0.0022  21.6113 260.3353  19.0081 252.0345   8.39 2453157.50000   38.5413    inner_
  38.2832   0.0882  26.3086 344.2245 279.0076 200.6475   8.34 2453157.50000   41.4769    inner_
  38.0431   0.0285  30.7651  89.2967 329.1065 294.3392   8.48 2453157.50000   37.6228    inner_
  38.2898   0.0283  30.5349 192.0847 346.2401 351.7672   8.51 2453157.50000   37.2191    inner_
  38.8593   0.0741  21.2694  26.0929 102.7121 183.6566   8.54 2453157.50000   41.7355    inner_
  38.5256   0.0478   4.2560 300.9001 200.2571  15.7995   7.44 2453157.50000   36.7624    inner_
  37.7500   0.1086  22.2553 200.6916  24.0335 156.7572   8.61 2453157.50000   41.5753    inner_
  38.8453   0.0576  36.2356 155.7809  32.2801 268.1900   8.25 2453157.50000   39.0439    inner_
  38.5235   0.0852  27.4755  68.4288 191.3024 121.1831   8.48 2453157.50000   40.4138    inner_
  38.7386   0.0055  23.9111 166.9280 126.1005 228.9779   7.60 2453157.50000   38.8781    inner_
  38.2580   0.0081  32.2233 345.9745 196.7265 243.3154   8.41 2453157.50000   38.3994    inner_
  37.9375   0.0552  22.1672  53.8759 300.2440 312.4529   8.18 2453157.50000   36.5912    inner_
  37.9294   0.0870  30.3046 223.1525 186.1937 109.5411   7.94 2453157.50000   39.2763    inner_
  38.0442   0.0172   2.9714 163.1860 270.2375 139.7292   6.35 2453157.50000   38.5475    inner_
  38.7596   0.0576  31.2910 238.2186 338.0613   4.7372   7.44 2453157.50000   36.5362    inner_
  38.6184   0.0106  34.6348  34.5675 304.3828 300.2583   8.33 2453157.50000   38.4153    inner_
  38.1192   0.0865  25.6472 215.5838 155.1145 239.7950   8.65 2453157.50000   39.9769    inner_
  38.0832   0.0969  22.8224 198.8990 345.3046 170.6245   8.47 2453157.50000   41.7320    inner_
  38.0654   0.0013  28.7515  41.0512 328.4639 237.8751   7.63 2453157.50000   38.0913    inner_
  38.9037   0.0505   6.1453 164.9324 290.2783 215.9733   7.65 2453157.50000   40.5253    inner_
  38.0449   0.0528  42.3350 100.3911  71.0270 153.1751   8.62 2453157.50000   39.8585    inner_
  38.2253   0.0213   6.5282  80.0490  10.4793  10.3500   8.54 2453157.50000   37.4267    inner_
  38.6667   0.0127   4.0704  99.9917 344.4049 152.1354   7.81 2453157.50000   39.1011    inner_
  38.4413   0.0144   2.3022 346.5284 279.6980  29.1187   8.42 2453157.50000   37.9593    inner_
  38.6899   0.0103  43.5077  90.7204  84.7678 107.6326   8.51 2453157.50000   38.8142    inner_
  38.2469   0.0419  25.4937 204.4131 152.5525 136.6153   8.38 2453157.50000   39.4430    inner_
  37.8563   0.0085  28.4922 255.0744  36.9760 203.7719   8.63 2453157.50000   38.1517    inner_
  38.8616   0.0510  24.9230 281.6452  75.9514 167.9838   8.49 2453157.50000   40.8051    inner_
  38.7151   0.0191  31.3792 280.6772  59.0684  33.4496   8.36 2453157.50000   38.1019    inner_
  38.3555   0.0344  21.3496 203.2918 131.1422 183.4421   7.56 2453157.50000   39.6722    inner_
  38.7264   0.0783  26.2513 322.6328   9.7103 183.4969   8.39 2453157.50000   41.7555    inner_
  38.4428   0.0400   2.1222 105.8218 201.1447 125.0656   7.88 2453157.50000   39.3654    inner_
  38.2224   0.0248  31.5951 302.2168  65.6462 351.9042   8.59 2453157.50000   37.2862    inner_
  38.6061   0.0447  28.9102 205.9019 345.6064  74.2618   7.96 2453157.50000   38.2105    inner_
  38.2362   0.0102  24.0463 354.7412  46.6496  72.9167   8.20 2453157.50000   38.1257    inner_
  38.2099   0.0213  30.7473 198.2002 325.8257 302.4248   8.53 2453157.50000   37.7858    inner_
  38.1869   0.0943  29.1119 253.9755 279.2530 310.1334   8.22 2453157.50000   36.0827    inner_
  38.7594   0.0150  22.9064   5.9435  86.7897 126.4577   7.93 2453157.50000   39.1111    inner_
  38.7437   0.0306  20.8709   6.0087 159.9302 106.5169   7.48 2453157.50000   39.1131    inner_
  37.9935   0.0601  29.4150  99.7389 234.1119  96.8825   6.16 2453157.50000   38.4003    inner_
  38.8895   0.1506  24.2965  26.4572  89.2902 243.2073   8.27 2453157.50000   42.1609    inner_
  38.6192   0.0891  22.0564 249.8908 241.4997 204.7193   8.22 2453157.50000   41.7928    inner_
  38.5209   0.0332  25.0843 298.5040 301.4275   5.5737   7.58 2453157.50000   37.2495    inner_
  38.7315   0.0033  23.9491 124.4738 171.6450  79.4321   7.35 2453157.50000   38.7086    inner_
  38.0882   0.0831  40.4357  99.7756  24.3536 220.8384   7.27 2453157.50000   40.5848    inner_
  38.0332   0.1080  21.0227 174.7327 349.4315  17.7586   8.46 2453157.50000   34.1698    inner_
  38.3848   0.0683  40.4874 141.8276 208.9655 106.8405   6.72 2453157.50000   39.3032    inner_
  38.5287   0.0371  25.2511 153.8040 224.8209 296.0353   8.57 2453157.50000   37.9452    inner_
  38.5439   0.0127   1.4884 105.7560 340.6612 233.8415   7.22 2453157.50000   38.8373    inner_
  38.4196   0.0277  21.4123 338.6959 326.6121 221.4393   7.68 2453157.50000   39.2313    inner_
  38.7288   0.0696  23.9358  94.7465  63.7373 190.5594   8.19 2453157.50000   41.3850    inner_
  38.2195   0.0014  35.7899 341.0470 307.3975  34.8425   8.26 2453157.50000   38.1767    inner_
  37.9826   0.0327  28.2407  24.1133 133.3413 345.4757   8.60 2453157.50000   36.7811    inner_
  37.7088   0.0475  31.4228 192.8349 289.4747  95.1132   7.86 2453157.50000   37.9523    inner_
  37.9987   0.0036  19.0299 288.3320 273.1092 261.1928   7.90 2453157.50000   38.0201    inner_
  38.7400   0.0291  27.4552  13.5963  87.8580 118.4326   8.01 2453157.50000   39.3019    inner_
  38.7647   0.0339  37.6298 325.8213 186.3449 356.1843   8.01 2453157.50000   37.4537    inner_
  38.6675   0.0343   6.8823  92.5320 183.4162 300.7918   8.41 2453157.50000   38.0229    inner_
  38.3513   0.0557  39.2956 126.1161 147.2977 177.4435   8.49 2453157.50000   40.4853    inner_
  38.4072   0.0651  22.7027 254.0262 286.2010 111.7007   8.24 2453157.50000   39.4679    inner_
  38.5173   0.0400   3.2857  58.0698 319.4462  94.1776   8.58 2453157.50000   38.6906    inner_
  38.6019   0.0241  32.8445 340.7198 335.0234  27.5378   7.90 2453157.50000   37.7821    inner_
  38.0175   0.0460   5.2987 245.4064 186.7846   6.7319   8.53 2453157.50000   36.2818    inner_
  38.7068   0.1386  25.8061   5.7349 312.1294   5.7623   8.54 2453157.50000   33.3780    inner_
  38.3556   0.0209  27.7439 132.3141  88.6650  69.7146   8.66 2453157.50000   38.0932    inner_
  38.2522   0.0078   4.9277 102.9216 345.9325 236.9277   8.41 2453157.50000   38.4164    inner_
  38.6948   0.0739  23.1924   7.2000 324.2005 105.9384   8.42 2453157.50000   39.6683    inner_
  38.3947   0.0047  35.7539  30.5597  77.5482 288.7848   8.05 2453157.50000   38.3377    inner_
  38.6817   0.0715  40.7945 157.1333 174.4858  31.3256   6.66 2453157.50000   36.3771    inner_
  38.3622   0.0717  21.8713 214.1525 318.4437 170.6684   6.87 2453157.50000   41.0813    inner_
  37.9639   0.0587  21.8088  21.8774 194.7622 115.7380   7.35 2453157.50000   39.0334    inner_
  38.3758   0.0352  33.5695  52.8113 150.3324 186.9925   7.65 2453157.50000   39.7157    inner_
  38.2552   0.1091  26.6858  45.7535 163.7425 200.8364   8.41 2453157.50000   42.2042    inner_
  38.2767   0.0306  19.8360   3.6473 154.7936 163.7405   8.62 2453157.50000   39.4053    inner_
  37.9417   0.0056   7.5038 103.3172 244.3892 285.9630   8.63 2453157.50000   37.8840    inner_
  38.5540   0.0102   5.1816  17.9267 252.0905  74.4805   8.10 2453157.50000   38.4525    inner_
  38.5540   0.0272   4.8663 167.0641 200.3472 210.0279   6.68 2453157.50000   39.4692    inner_
  37.7809   0.1096  24.1660  54.8540 126.7509  34.0564   8.24 2453157.50000   34.5140    inner_
  38.6744   0.1078  24.2981 329.9698  27.0554 236.2808   7.54 2453157.50000   41.2722    inner_
  38.4944   0.0535  22.5429 127.8455 281.8198 146.9511   8.03 2453157.50000   40.2518    inner_
  38.7487   0.0079   5.1631 137.0945 207.5966  79.2501   8.36 2453157.50000   38.6940    inner_
  37.9349   0.1107  27.9686   2.6079  95.7169 281.2195   7.53 2453157.50000   37.5762    inner_
  37.9249   0.0061  21.2307 169.1238 310.9899 281.6337   7.35 2453157.50000   37.8795    inner_
  38.1596   0.0559  29.4445 329.6832   7.9413 189.6304   7.33 2453157.50000   40.2663    inner_
  38.7088   0.0399  23.6259  79.6310 294.5074 152.7705   8.04 2453157.50000   40.0938    inner_
  38.3319   0.0702  36.7477 197.2638 144.1849  90.2902   8.24 2453157.50000   38.5336    inner_
  38.6237   0.0438   6.8265 234.4664 242.0306 133.7699   8.40 2453157.50000   39.8323    inner_
  38.6470   0.0651  30.4841  63.2339 214.5094  42.0243   8.55 2453157.50000   36.8580    inner_
  37.7793   0.0059  21.7207  21.8219 185.0987  95.1749   8.10 2453157.50000   37.8007    inner_
  38.4624   0.0542  32.6914 163.4750 186.4771 275.7064   8.34 2453157.50000   38.3677    inner_
  37.7238   0.0101  24.2035 202.6675 270.7801 153.2128   8.64 2453157.50000   38.0633    inner_
  37.9485   0.0055   5.2924 138.7836  53.5652 107.4506   8.59 2453157.50000   38.0124    inner_
  38.5051   0.0586   4.8329  38.0936 149.0115  33.6072   8.45 2453157.50000   36.6708    inner_
  38.4026   0.0503   7.0862 206.9819   2.2448 164.1364   8.22 2453157.50000   40.2684    inner_
  37.8954   0.0811  20.7538 348.1383 339.3577 355.6646   8.63 2453157.50000   34.8317    inner_
  38.4473   0.0083  21.6033  40.5588 224.9136 166.7907   7.97 2453157.50000   38.7589    inner_
  38.4280   0.0063   7.5014 131.8669 288.3116  48.4062   8.26 2453157.50000   38.2685    inner_
  38.7064   0.0541  24.0002  19.3509   9.2781  10.8213   8.12 2453157.50000   36.6558    inner_
  38.3569   0.0379  26.2136  65.4410 277.7379 198.2669   7.14 2453157.50000   39.7431    inner_
  37.7710   0.0097  24.2876 169.8903 265.6984 104.7047   8.23 2453157.50000   37.8674    inner_
  38.2248   0.0367  24.6971 101.7803  42.1151  37.0786   5.65 2453157.50000   37.1248    inner_
  38.7394   0.0798  25.4150 117.9561 209.3510 296.1188   8.43 2453157.50000   37.5877    inner_
  37.8743   0.0464  37.4964 188.6114  58.9228 115.1874   8.11 2453157.50000   38.6875    inner_
  38.6032   0.1271  33.3631 207.9617 114.4844 352.1609   7.41 2453157.50000   33.7574    inner_
  38.9480   0.0921  37.0908  68.5826  30.7676 178.5002   8.21 2453157.50000   42.5349    inner_
  38.5189   0.0836  31.5876 299.7716 323.5386 115.4845   7.61 2453157.50000   40.1125    inner_
  37.9839   0.1160  35.9839 328.9266  44.7138  69.8761   7.77 2453157.50000   36.9430    inner_
  37.8546   0.0154  30.8391  99.9377 297.6818 292.3991   6.92 2453157.50000   37.6398    inner_
  37.9089   0.1005  29.7429 283.3700 244.9687 180.6342   8.21 2453157.50000   41.7184    inner_
  37.8577   0.0244   1.5333   5.2368  29.0241   5.8803   8.62 2453157.50000   36.9387    inner_
  38.0190   0.1305  21.8194 165.1039 107.3755 125.8751   7.40 2453157.50000   41.3045    inner_
  38.4322   0.1358  26.1761  26.5494 319.1901 261.4970   7.78 2453157.50000   39.8694    inner_
  38.8286   0.0919  27.9745 207.9415 175.5673  43.3135   8.11 2453157.50000   36.4036    inner_
  37.7099   0.0122  33.2927  31.1906 171.1488 348.6700   8.48 2453157.50000   37.2588    inner_
  37.7319   0.0317   2.5919 327.8071 206.6646 290.4737   7.57 2453157.50000   37.3478    inner_
  37.7806   0.1109  27.5216 172.4444 184.8576  25.7041   8.28 2453157.50000   34.1067    inner_
  38.6911   0.1282  30.7464 142.0517  96.3979 327.4299   8.27 2453157.50000   34.7288    inner_
  38.2478   0.0429   4.5759 251.0744  57.1468  10.1965   8.12 2453157.50000   36.6369    inner_
  38.8472   0.0770  35.3353  86.2479  75.6537 338.4309   6.01 2453157.50000   36.1006    inner_
  37.8711   0.0386  44.2874 145.9007 216.1658 247.2140   8.23 2453157.50000   38.4834    inner_
  38.3470   0.0652  19.7727 261.9291 328.9409 172.5007   8.33 2453157.50000   40.8274    inner_
  37.7204   0.1155  21.0314  36.8386 221.8497  69.7071   8.20 2453157.50000   36.6763    inner_
  38.1523   0.0358  21.7492 291.8136 207.3210 204.0610   8.14 2453157.50000   39.4057    inner_
  38.9293   0.1008  22.1841   1.7436  39.7228 169.3004   8.43 2453157.50000   42.7957    inner_
  38.2393   0.0445  44.5060 247.6214 351.9099 287.7508   7.88 2453157.50000   37.7904    inner_
  38.3302   0.0024  25.5903  28.3780 103.3581 233.2675   8.05 2453157.50000   38.3851    inner_
  38.7235   0.0952  30.9673  97.1461 237.3924  12.3255   8.10 2453157.50000   35.1388    inner_
  38.4609   0.1052  38.1738 183.8033  74.8589   6.2515   8.41 2453157.50000   34.4447    inner_
  37.9783   0.0394  33.8066 146.0930 168.4918 252.8210   7.11 2453157.50000   38.4724    inner_
  38.2770   0.0461   5.0530  74.6682 284.8450 188.6689   7.79 2453157.50000   40.0224    inner_
  38.3699   0.0547  23.2014 135.5774 287.7714 146.8144   8.20 2453157.50000   40.1570    inner_
  38.9504   0.0118   4.9938 263.9211 308.3895 192.7737   8.40 2453157.50000   39.3995    inner_
  38.3471   0.0180  35.4388 163.7256 184.6759 283.3121   8.63 2453157.50000   38.1997    inner_
  38.3732   0.0018  23.8555 252.0841 317.9425  97.6476   7.69 2453157.50000   38.3828    inner_
  38.8879   0.1491  22.3206  68.8443 169.4690  59.2072   7.54 2453157.50000   36.6293    inner_
  38.9269   0.0289  32.4776 310.5532 124.7890 265.3568   7.87 2453157.50000   39.0501    inner_
  38.0259   0.0091   4.6983 137.4064  57.7877  36.6658   8.23 2453157.50000   37.7503    inner_
  38.1390   0.0217  22.3908  68.1310 354.0829 158.9410   8.39 2453157.50000   38.9139    inner_
  37.9932   0.0082  20.6538 287.5707 159.2408  92.2612   8.43 2453157.50000   38.0080    inner_
  38.3407   0.0283  24.9297 115.5411 100.6076  89.1767   8.44 2453157.50000   38.3558    inner_
  38.9754   0.0872  20.9285 194.8593 169.6832 105.5856   8.13 2453157.50000   40.1527    inner_
  38.9142   0.0228   6.1524 128.3233 244.8887 297.6490   7.39 2453157.50000   38.5182    inner_
  38.7042   0.0559   5.1141 273.7287  90.1673 148.8657   8.28 2453157.50000   40.5874    inner_
  37.8280   0.0954  34.0720 359.2563 219.4235 192.5296   8.38 2453157.50000   41.3646    inner_
  38.2480   0.0814  22.9644 269.3285 207.6628 309.6845   8.62 2453157.50000   36.4230    inner_
  38.4858   0.0911  24.6154 152.7236  11.9434 358.4602   8.54 2453157.50000   34.9817    inner_
  37.7230   0.0076   4.4174 291.9614 347.4704  12.2595   8.37 2453157.50000   37.4423    inner_
  38.7924   0.0211  23.4490  44.5874 314.5907 132.3109   6.74 2453157.50000   39.3540    inner_
  38.5702   0.0019  20.6453 357.8039  34.7957 311.9367   7.18 2453157.50000   38.5206    inner_
  38.2770   0.0919  24.1994 342.7852 119.7474 289.8068   5.74 2453157.50000   37.3833    inner_
  38.8942   0.0890  22.0078  81.3594 232.3064 293.5270   7.68 2453157.50000   37.7849    inner_
  38.7928   0.1117  19.8046 215.1404 311.0875 280.9578   8.46 2453157.50000   38.4469    inner_
  38.5978   0.0223  42.9609 245.3120 237.2226 103.1805   7.30 2453157.50000   38.8125    inner_
  38.2479   0.0755  21.1428 246.6840 212.0061  33.7766   6.80 2453157.50000   35.9222    inner_
  37.8160   0.0277  25.9897 117.0641 151.6138 134.5632   7.58 2453157.50000   38.5643    inner_
  37.9441   0.0453  27.8966  11.3526  72.8919 125.9094   8.25 2453157.50000   39.0001    inner_
  38.5897   0.0137  23.9656  99.4895  79.8852 207.3151   8.30 2453157.50000   39.0592    inner_
  38.2522   0.0902  20.9661 278.2191 286.9589  82.8677   8.04 2453157.50000   38.1338    inner_
  37.8099   0.0293  28.5435  18.4635 278.1703 278.6121   7.70 2453157.50000   37.6759    inner_
  37.7319   0.0468  36.4812 359.6610  19.7806 278.2261   8.49 2453157.50000   37.5608    inner_
  38.9954   0.1194  44.6736  78.4783 281.8543 310.9089   8.35 2453157.50000   36.3026    inner_
  38.0402   0.0702  21.6421  13.1023 280.3174 243.7957   8.05 2453157.50000   39.3634    inner_
  38.3700   0.0765  25.1233 189.4105 339.4329 186.2425   7.95 2453157.50000   41.2918    inner_
  38.6454   0.0260  22.7313  99.1754  14.3331 157.9090   8.43 2453157.50000   39.5792    inner_
  37.7232   0.0706  23.5000 111.1683 270.5335   1.3095   8.60 2453157.50000   35.0624    inner_
  38.6213   0.0643  29.6897 152.9216   2.3701 291.6705   8.56 2453157.50000   37.8469    inner_
  37.9972   0.0523  21.2676  60.9353 230.4846 224.3811   8.31 2453157.50000   39.4652    inner_
  38.9645   0.0192   3.9523  63.8304  30.0424 281.6717   7.49 2453157.50000   38.8272    inner_
  38.4047   0.0019  24.9200 320.5575 282.7083 312.1252   8.24 2453157.50000   38.3563    inner_
  38.9817   0.1416  29.1443 140.9862 313.7064 239.2381   8.34 2453157.50000   42.3203    inner_
  38.8186   0.0459  24.6859  70.3374 233.5132 144.5692   7.87 2453157.50000   40.2963    inner_
  38.4057   0.0531  22.3283  73.9963  36.8291 134.4924   8.17 2453157.50000   39.8857    inner_
  38.2047   0.0008  20.3726 282.9720 167.5461  17.9202   6.65 2453157.50000   38.1761    inner_
  38.9554   0.0378  24.2275 186.5027  40.1114  68.6984   8.49 2453157.50000   38.4694    inner_
  38.4266   0.0284  47.0346 160.1988 134.6056 237.8363   7.82 2453157.50000   39.0284    inner_
  38.3267   0.0027  30.3813 308.7257 206.5414 201.7441   8.20 2453157.50000   38.4227    inner_
  38.9618   0.0393   8.1209 190.4157 328.8659  31.2767   8.12 2453157.50000   37.6695    inner_
  38.8682   0.0573  24.5208  41.1181 247.1379 286.6051   8.40 2453157.50000   38.3516    inner_
  38.5399   0.0608  30.9444  37.4243  53.0335 109.6852   8.26 2453157.50000   39.4518    inner_
  38.3396   0.0049   3.4717 287.1001 337.0633 316.8671   8.30 2453157.50000   38.2040    inner_
  38.8482   0.0247  27.4159 248.6066 109.7827 278.3555   8.06 2453157.50000   38.7322    inner_
  38.4985   0.0596  23.5617 116.6711 266.2345 353.0006   8.47 2453157.50000   36.2247    inner_
  37.8063   0.0906  27.0944 124.5777 259.7236 209.9877   8.58 2453157.50000   40.8411    inner_
  38.0089   0.0675  19.4823 294.8562 280.8190  63.3768   8.64 2453157.50000   37.0038    inner_
  38.4026   0.0193   4.5871   6.9354  59.6197 231.1631   7.88 2453157.50000   38.8758    inner_
  38.3607   0.0297  28.4298 347.0708 248.1540 296.6390   8.25 2453157.50000   37.8770    inner_
  38.9729   0.0531  32.9543  32.8153 209.9773 292.8264   6.97 2453157.50000   38.2659    inner_
  38.2613   0.0548  30.2637  47.9125  20.4142 257.9426   8.32 2453157.50000   38.8074    inner_
  38.1712   0.0291  19.2759 286.9436  38.2102 275.7422   8.16 2453157.50000   38.0921    inner_
  38.1898   0.0276   3.0417 158.2819  46.1038 351.4081   7.63 2453157.50000   37.1477    inner_
  38.8322   0.0845  33.9475 127.9955  20.3160   1.4454   8.55 2453157.50000   35.5514    inner_
  37.9254   0.0666  27.2812 167.6118  38.1275 150.1209   8.43 2453157.50000   40.1539    inner_
  38.5898   0.0335   0.6812 161.2493  15.6391 235.3238   7.75 2453157.50000   39.3544    inner_
  38.1921   0.0536  24.5574 288.5156  81.2329 176.9895   7.94 2453157.50000   40.2375    inner_
  37.8963   0.0759  33.2148 254.3163  55.8587 271.8341   8.15 2453157.50000   38.0221    inner_
  37.7180   0.0184  29.2286 198.7784 214.7746  75.4561   8.37 2453157.50000   37.5561    inner_
  38.5253   0.0233   4.6081 142.2610  81.3755  97.0484   8.54 2453157.50000   38.6558    inner_
  38.0897   0.1208  24.7082 298.2005 139.2593 275.8185   7.94 2453157.50000   38.1783    inner_
  37.9333   0.0144   5.0516 129.8018 257.0062 238.3461   6.77 2453157.50000   38.2253    inner_
  37.9793   0.0542  35.0964 312.7846  44.3411 134.7483   8.02 2453157.50000   39.4815    inner_
  38.1984   0.0905  24.8748 152.7212 260.7427 357.8799   8.64 2453157.50000   34.7462    inner_
  38.8849   0.0411  26.9590  55.7996 194.1472  34.2191   7.94 2453157.50000   37.5851    inner_
  37.7599   0.0771  25.3112 197.9403  49.3140 256.9349   8.31 2453157.50000   38.6253    inner_
  38.5002   0.0407  30.4992  56.7998 263.1076  33.3467   8.26 2453157.50000   37.2118    inner_
  38.1737   0.0259  24.3898 220.6031 179.3506 192.7758   8.59 2453157.50000   39.1395    inner_
  38.1856   0.0687  25.8890  92.4527 284.8983 171.9578   8.47 2453157.50000   40.7863    inner_
  37.9618   0.0257  31.0091  68.2107 336.1700  81.3753   8.02 2453157.50000   37.8401    inner_
  37.7299   0.0421  21.1752 219.8615 293.9679  34.2787   6.12 2453157.50000   36.4395    inner_
  38.1516   0.0361  24.5991  83.8493  27.3221 144.6064   7.55 2453157.50000   39.2919    inner_
  38.8088   0.1140  31.1433 267.9260 345.5737 143.8034   7.71 2453157.50000   42.5347    inner_
  38.7692   0.0531   3.3063  19.9396 160.8036  55.1943   8.18 2453157.50000   37.6707    inner_
  38.9936   0.0730  36.5961  81.8464 197.1695 160.5490   8.56 2453157.50000   41.6976    inner_
  38.6168   0.0651  21.2995 189.0162 206.6185  37.0460   8.21 2453157.50000   36.6750    inner_
  38.5922   0.0035   0.8726  50.8650 327.6930 129.6033   8.53 2453157.50000   38.6793    inner_
  38.3938   0.0650  20.9513  54.1227 162.9909 205.7252   8.64 2453157.50000   40.6694    inner_
  38.5077   0.0058  22.2809 346.5923  75.9146 249.3771   8.36 2453157.50000   38.5881    inner_
  38.2954   0.0029   1.9953 113.8070 268.8578 304.7457   6.90 2453157.50000   38.2314    inner_
  38.0735   0.0495  43.3147 131.9944 228.2561 219.8922   7.98 2453157.50000   39.5572    inner_
  38.6199   0.0278  27.6954  80.8557 316.0200 116.6964   8.26 2453157.50000   39.1257    inner_
  38.7460   0.0344  27.3734 341.6677  67.5688 317.9550   8.60 2453157.50000   37.7763    inner_
  37.7929   0.0697  22.7468 161.8629 188.5831  64.6679   8.47 2453157.50000   36.8227    inner_
  38.8466   0.0390  28.3831  65.1171 265.1616   0.9704   8.13 2453157.50000   37.3316    inner_
  37.9562   0.0048  27.2523 117.7456 291.9715 277.5135   5.21 2453157.50000   37.9333    inner_
  38.0646   0.1039  32.7387 168.7119 279.7164 219.3979   8.59 2453157.50000   41.2692    inner_
  38.9682   0.0849  18.3502 290.3741 267.5646 219.8090   8.10 2453157.50000   41.6156    inner_
  38.8213   0.0155  21.7555 280.3669 301.3665 329.0848   8.58 2453157.50000   38.3078    inner_
  38.3553   0.0982  26.4216 233.2536 313.8687 263.5218   8.57 2453157.50000   39.1367    inner_
  37.7451   0.0322  20.2153 323.9521 118.8369 287.3976   8.34 2453157.50000   37.4179    inner_
  38.2274   0.0051  36.5994 112.9241  82.5628 322.8730   8.24 2453157.50000   38.0718    inner_
  38.7987   0.0112  34.3932 109.6124 250.6550 242.4337   7.80 2453157.50000   39.0041    inner_
  37.7875   0.0102  37.9676 280.9173  22.8028 342.9272   8.14 2453157.50000   37.4193    inner_
  38.6560   0.0326   7.2516 145.6786 218.4609 349.3940   8.61 2453157.50000   37.4197    inner_
  38.7559   0.0582  26.9753 201.8900 113.5252 189.6241   8.00 2453157.50000   40.9813    inner_
  38.7075   0.1044  27.1106 312.1783  12.4381  79.9101   7.96 2453157.50000   38.4168    inner_
  38.3179   0.0327  36.8756   0.7635 308.2877   0.7069   8.53 2453157.50000   37.0661    inner_
  38.7551   0.0058  23.3617 255.8862 169.4031 203.3651   7.50 2453157.50000   38.9599    inner_
  38.4130   0.0896  21.2669 299.6259 353.4220  59.6115   8.22 2453157.50000   36.9165    inner_
  38.2352   0.0717  25.4987 326.7923 170.6282  95.9070   8.62 2453157.50000   38.7087    inner_
  38.6350   0.0023   4.6858 209.0666 295.3222 282.7955   8.56 2453157.50000   38.6155    inner_
  38.9148   0.0332  20.7672 340.4896 154.4976 267.0968   7.33 2453157.50000   39.0228    inner_
  38.1443   0.0473  20.1154 281.0809 142.3277 219.5669   7.76 2453157.50000   39.5676    inner_
  38.2149   0.1342  21.7871 293.0210 212.6194 123.5032   8.10 2453157.50000   41.4732    inner_
  38.6954   0.0878  28.1076 101.1538 311.4183  11.4214   8.06 2453157.50000   35.3794    inner_
  37.8023   0.0598  28.3502 285.6909   9.0439 351.7134   8.13 2453157.50000   35.5700    inner_
  38.3448   0.0149  29.0021 158.5390 263.1818 316.6382   7.49 2453157.50000   37.9344    inner_
  37.9471   0.0145   3.9949 236.5572   0.3592   2.5356   8.41 2453157.50000   37.3962    inner_
  38.6033   0.0707  25.0727 267.3344 241.7076  51.7747   7.77 2453157.50000   37.0418    inner_
  37.9520   0.0164  29.3323 146.3171 270.2317 184.7565   7.72 2453157.50000   38.5722    inner_
  38.0847   0.0892  22.2956 322.8804  52.9187 359.5838   8.28 2453157.50000   34.6885    inner_
  38.6733   0.0096  28.9567 198.2026 316.8139 283.7777   7.99 2453157.50000   38.5886    inner_
  38.6367   0.0261  29.3120  89.2311 344.7267 308.1255   7.88 2453157.50000   38.0317    inner_
  37.9486   0.0223  30.3239 165.2756 144.7466 291.0025   8.50 2453157.50000   37.6615    inner_
  38.8016   0.0033   3.8837  19.2734 301.6248  99.8738   8.66 2453157.50000   38.8240    inner_
  38.1819   0.1001  20.8205 189.8300 243.9532 131.4895   8.30 2453157.50000   40.9094    inner_
  38.7989   0.0054  35.6476  96.0436  54.8300 346.1388   7.66 2453157.50000   38.5970    inner_
  37.7010   0.0624  25.5261  35.0520  43.5645 171.5351   8.05 2453157.50000   40.0317    inner_
  38.1431   0.1006  21.8877 298.6102  15.7616 101.9468   8.63 2453157.50000   39.2933    inner_
  37.7144   0.0321  25.6973   0.9779 264.7404 193.9331   8.17 2453157.50000   38.8903    inner_
  38.1600   0.0388  48.6488 209.3164  23.7737 330.5735   8.18 2453157.50000   36.8845    inner_
  38.8650   0.1335  19.7793 347.9127 247.3802 223.0505   5.55 2453157.50000   42.9376    inner_
  38.7925   0.0323   6.1622  89.7076  81.3471  57.2477   8.62 2453157.50000   38.1431    inner_
  38.7854   0.0977  21.8864  64.8007  38.5404  19.0616   8.30 2453157.50000   35.2480    inner_
  38.1067   0.0577  29.3742  31.5827 175.9996 280.3886   8.01 2453157.50000   37.8346    inner_
  37.8421   0.0078  29.9043  58.4030 298.1292 230.9841   8.65 2453157.50000   38.0290    inner_
  38.0593   0.0668  22.8240 132.3555  35.3654 256.8493   8.39 2453157.50000   38.7946    inner_
  38.2302   0.0415  26.0142  99.4796  60.9873 244.7281   8.44 2453157.50000   38.9592    inner_
  38.8841   0.0376   3.4998 326.2707 146.8719 217.3731   8.29 2453157.50000   40.0652    inner_
  38.2120   0.0664  24.8087 109.6834  50.0975 116.9329   8.64 2453157.50000   39.4899    inner_
  38.9978   0.1277  21.5099 326.7805 106.1425 228.8707   7.86 2453157.50000   42.5911    inner_
  37.9137   0.0378  29.1470 192.2794 196.4243 262.8841   7.89 2453157.50000   38.1442    inner_
  38.7332   0.0269   3.6798  35.7624 214.3080  85.9786   8.64 2453157.50000   38.6881    inner_
  38.2479   0.0580  25.0801 210.9360 258.6326 223.9014   8.58 2453157.50000   39.9034    inner_
  38.2255   0.1111  22.2770 238.5654 342.8286 292.5455   7.11 2453157.50000   37.0238    inner_
  38.4699   0.0371  19.7697 253.6941 177.5170  30.9543   5.64 2453157.50000   37.2608    inner_
  38.6079   0.0652  21.5734  59.4621 315.3256 210.8218   8.39 2453157.50000   40.8100    inner_
  38.2490   0.0401   1.6001  27.7875 282.2569 110.5218   7.63 2453157.50000   38.8402    inner_
  37.7649   0.0091  26.5165   5.2281 265.2256 189.9592   8.04 2453157.50000   38.1054    inner_
  38.2845   0.0524  21.2291 280.1712 158.5119  15.6688   8.36 2453157.50000   36.3606    inner_
  38.5836   0.0754  24.0447 160.3270 202.0806 304.7853   7.81 2453157.50000   37.0814    inner_
  37.9113   0.0557  24.5132  45.0134 168.4279 234.2465   8.58 2453157.50000   39.2194    inner_
  38.2165   0.0454   2.0937   0.4351  97.6697 329.8390   8.20 2453157.50000   36.7366    inner_
  37.9486   0.1138  19.5247 245.2438  31.2412  79.7777   8.62 2453157.50000   37.6687    inner_
  38.6832   0.0481  29.7437 199.3863 273.8105 264.2705   7.94 2453157.50000   38.9570    inner_
  38.5145   0.0876  27.6504  90.2230 112.4904 310.9173   7.30 2453157.50000   36.4895    inner_
  38.7594   0.0408  31.1700 185.6960   7.2894 174.4048   7.95 2453157.50000   40.3320    inner_
  37.9853   0.0172  26.3690  43.9707  35.4775 325.7506   8.34 2453157.50000   37.4487    inner_
  38.1235   0.0117  22.3512  67.9385 101.9065 173.9603   8.35 2453157.50000   38.5657    inner_
  38.7958   0.0542  22.5460 107.8169   4.9703 164.7503   8.16 2453157.50000   40.8315    inner_
  38.4643   0.0431  28.3339  76.1821 110.7190 184.6191   8.33 2453157.50000   40.1182    inner_
  38.7018   0.0430   4.8171  93.6665 201.4515 118.2392   6.92 2453157.50000   39.5426    inner_
  38.6893   0.0645  28.4982 105.3494 304.0638 218.1907   8.64 2453157.50000   40.7065    inner_
  37.9154   0.0529   4.9370 291.2823 193.5900  61.0833   7.49 2453157.50000   37.0298    inner_
  37.7082   0.0200  36.6878 115.3494 308.5673 298.7646   8.36 2453157.50000   37.3575    inner_
  38.3174   0.0241  29.7365  76.9806 101.2195  86.7318   7.99 2453157.50000   38.2870    inner_
  37.9336   0.0446  21.3787 194.5600  45.6689  38.0799   8.49 2453157.50000   36.6327    inner_
  38.5963   0.0814  24.9116 112.6351 162.5124  55.7025   8.09 2453157.50000   37.0131    inner_
  38.9626   0.0066  26.9563 152.5818 104.2585 295.0027   8.16 2453157.50000   38.8552    inner_
  37.8991   0.0590  28.7043  85.4277 133.5509  69.1956   8.65 2453157.50000   37.2238    inner_
  38.5518   0.0606   7.1047 168.3634 196.4029   1.2979   8.10 2453157.50000   36.2170    inner_
  38.8524   0.0161  27.4407 324.1484 237.8446 281.8442   8.20 2453157.50000   38.7339    inner_
  38.4588   0.0568  38.9189  42.8914 335.5117 264.2790   7.55 2453157.50000   38.7978    inner_
  37.8387   0.1140  20.1637 314.8671 291.6450 120.8526   8.58 2453157.50000   40.3820    inner_
  38.3215   0.1171  26.9251 211.1640  69.0000 294.1533   8.47 2453157.50000   36.9528    inner_
  38.7866   0.0807  37.8580 136.5113  62.6649 357.8385   8.48 2453157.50000   35.6579    inner_
  38.6862   0.0141   4.2032  86.5580 304.9443 183.0323   8.33 2453157.50000   39.2294    inner_
  38.5861   0.0322  18.4333 306.0574 155.7444 202.6901   8.52 2453157.50000   39.7394    inner_
  38.3253   0.0631  19.3195 261.7889   2.9736 113.4507   7.94 2453157.50000   39.4105    inner_
  38.6939   0.0375   4.5414 136.4637 124.8787 249.6495   8.50 2453157.50000   39.2456    inner_
  38.9250   0.0212  21.8796 355.5372 182.7816 118.0102   7.70 2453157.50000   39.3256    inner_
  37.7653   0.0252  21.5197 234.4375 346.4764 156.1535   7.85 2453157.50000   38.6391    inner_
  37.9127   0.0092  20.3204  16.3058 241.2300  89.0372   8.33 2453157.50000   37.9100    inner_
  38.9709   0.0006  29.9439 107.3697 123.9190 230.6150   8.42 2453157.50000   38.9863    inner_
  38.8210   0.0410  23.8663 226.2200 174.3570 204.9235   7.58 2453157.50000   40.2759    inner_
  38.8561   0.0013   2.9139 164.1954 294.2436 225.2562   8.35 2453157.50000   38.8915    inner_
  38.3843   0.0317   8.1886 162.8189 285.2915 323.4186   8.02 2453157.50000   37.4212    inner_
  38.3954   0.0130  25.9220  65.9295 121.6501 221.8632   8.59 2453157.50000   38.7691    inner_
  38.0091   0.0235  28.9236 227.8602  50.5515 210.5301   7.91 2453157.50000   38.7839    inner_
  38.7105   0.0551  31.2591 347.3236   8.1394  38.7380   7.92 2453157.50000   37.0969    inner_
  38.2928   0.1204  20.5887 225.9759  34.8404 324.7002   8.20 2453157.50000   34.7451    inner_
  38.6788   0.0631  18.7298 283.5308 305.6539 302.8118   7.94 2453157.50000   37.4709    inner_
  38.6000   0.0593  30.1432 262.8356 303.8374 301.6908   7.00 2453157.50000   37.4998    inner_
  38.0628   0.0100  26.8965 135.2621 259.4792 188.9237   8.38 2453157.50000   38.4379    inner_
  38.6337   0.0490  25.5934  85.8746 235.6549 337.6656   8.41 2453157.50000   36.8964    inner_
  38.4580   0.0323  20.8171  51.3821 280.8722 101.3779   7.79 2453157.50000   38.7411    inner_
  38.9793   0.0229  28.2966  36.3277 283.4481 109.7050   8.63 2453157.50000   39.2987    inner_
  38.9546   0.0186  21.9605 255.2231 294.8027  19.1077   8.43 2453157.50000   38.2704    inner_
  38.8605   0.0819  27.9886  24.9707 235.6272 119.8077   7.92 2453157.50000   40.6257    inner_
  38.2322   0.0347   1.9712  68.8308 269.3994  16.9060   7.11 2453157.50000   36.9664    inner_
  38.9322   0.0329   9.1472 159.7559  43.4079 348.5910   7.73 2453157.50000   37.6779    inner_
  38.4908   0.0109  20.0129 229.4266  68.6745 356.1848   8.37 2453157.50000   38.0741    inner_
  38.1150   0.0442  36.1655  95.1354 136.6400 273.2354   8.20 2453157.50000   38.0942    inner_
  38.6708   0.1272  23.4753  11.2070 280.8482 243.2999   7.23 2453157.50000   41.3369    inner_
  38.4251   0.0034  26.2680  38.8775  98.3044 206.5723   8.52 2453157.50000   38.5426    inner_
  38.5303   0.0151  20.6222 304.8587  61.5728  92.0731   6.82 2453157.50000   38.5602    inner_
  37.9183   0.0169  24.2140 300.8657  24.1935 219.7842   8.51 2453157.50000   38.4141    inner_
  37.8828   0.0934  29.6698 188.0804 295.6777 182.5629   8.42 2453157.50000   41.4190    inner_
  38.8463   0.0865  20.7413 351.3983 163.9566 155.9045   8.39 2453157.50000   41.9555    inner_
  37.9395   0.0393  25.6413  89.2644 128.3123 317.6049   8.09 2453157.50000   36.8672    inner_
  37.8451   0.0043  27.8770  70.4187  70.0050 127.3906   8.39 2453157.50000   37.9433    inner_
  38.4995   0.0083   2.4269 355.0795  17.4374  15.1396   8.63 2453157.50000   38.1921    inner_
  37.9387   0.0443  39.2534   4.7234 259.7532  18.9862   8.30 2453157.50000   36.3594    inner_
  38.5082   0.0093   2.0594  70.3502 319.5090 231.5054   8.64 2453157.50000   38.7341    inner_
  38.2432   0.0459  22.4422  99.5106 302.3254 352.3707   8.32 2453157.50000   36.5048    inner_
  38.2745   0.0131  33.8510 124.1299 146.3468 214.7444   7.49 2453157.50000   38.6886    inner_
  38.6367   0.0119  24.3211  75.1877 249.7050  93.2478   8.17 2453157.50000   38.6683    inner_
  38.8501   0.0645  22.6295  54.3833 153.3600 241.6646   8.35 2453157.50000   40.1597    inner_
  38.9739   0.0451  38.0958 218.8477 298.4716  51.3878   8.33 2453157.50000   37.9275    inner_
  38.9943   0.0048  38.0303 188.7922 198.9986 173.6070   8.66 2453157.50000   39.1812    inner_
  38.2512   0.0445   6.2968 216.5446  81.0265  55.9699   7.38 2453157.50000   37.3520    inner_
  38.3269   0.1038  21.7348 154.7033 287.9781 291.9482   8.51 2453157.50000   37.2145    inner_
  38.9769   0.0027  26.2586 287.4975 221.4967 203.4202   8.12 2453157.50000   39.0752    inner_
  38.3540   0.0630   5.1746  62.3525  68.3334 258.5630   7.83 2453157.50000   38.9768    inner_
  38.6095   0.0307  27.6353 147.5316   1.4282 224.1265   8.55 2453157.50000   39.4777    inner_
  37.9607   0.0217  23.9560 282.4418 233.1671 256.6012   8.58 2453157.50000   38.1683    inner_
  38.7065   0.1370  22.2807 251.1852 267.4743 330.2238   8.32 2453157.50000   34.3209    inner_
  38.3373   0.0609  38.0812  92.3649 114.4034 288.3761   8.45 2453157.50000   37.7328    inner_
  38.8535   0.0020  20.4509 249.0841  38.5797 187.1588   7.93 2453157.50000   38.9295    inner_
  38.8087   0.0904  31.2880 129.1305 226.8855  51.5331   8.06 2453157.50000   36.8373    inner_
  38.8484   0.0223  29.1358 103.4323 338.4996 295.6653   8.31 2453157.50000   38.4885    inner_
  38.1837   0.0157  35.2711 204.3178 326.2367 300.4796   8.18 2453157.50000   37.8870    inner_
  37.9047   0.0678  27.2207   2.0751 161.0978 132.0542   8.10 2453157.50000   39.7147    inner_
  38.1674   0.0528  29.8834 330.1992 358.4659 155.0480   8.07 2453157.50000   40.0127    inner_
  37.8499   0.0561  45.0186 129.1380  13.0967 169.0868   7.74 2453157.50000   39.9404    inner_
  38.8687   0.0318   8.2765 152.4580 128.5654  61.3470   8.66 2453157.50000   38.3073    inner_
  38.9738   0.0105  22.3449 288.0563 191.1130 128.7418   8.20 2453157.50000   39.2313    inner_
  38.9770   0.0546  40.3991 275.3265 248.3403  48.7161   8.53 2453157.50000   37.6419    inner_
  38.7447   0.0019  26.1089 158.2464  25.5708  43.6534   7.98 2453157.50000   38.6913    inner_
  38.5082   0.1317  20.8385   9.4870 335.8041  59.8457   7.76 2453157.50000   36.5088    inner_
  38.1773   0.0322   8.0824 174.7868 332.5530 240.8446   8.57 2453157.50000   38.8061    inner_
  38.3875   0.0273  42.9571 173.6475 329.6376  38.0004   7.56 2453157.50000   37.5743    inner_
  38.8821   0.0233  50.8385  67.1563 157.4782 107.1116   8.13 2453157.50000   39.1677    inner_
  38.2321   0.0273   5.5181 168.5755   9.1787 159.7107   8.55 2453157.50000   39.2155    inner_
  38.5270   0.0720  30.3766 118.4814 225.0807 197.7611   8.48 2453157.50000   41.1854    inner_
  38.7893   0.1299  30.2603 333.9646  81.4340 205.2561   8.60 2453157.50000   43.4473    inner_
  38.2645   0.0244  42.4438 197.2979 134.4689 356.4191   8.58 2453157.50000   37.3330    inner_
  38.9863   0.1029  25.4540 219.8018  83.0833   7.3720   7.69 2453157.50000   35.0147    inner_
  38.8560   0.1269  19.6803 241.8488  19.4395 350.9526   6.42 2453157.50000   34.0064    inner_
  38.9607   0.0204  34.5246 270.3114 104.5685 293.9996   8.34 2453157.50000   38.6518    inner_
  38.6882   0.0311  25.7441  68.2144  43.7719 263.3706   8.26 2453157.50000   38.8637    inner_
  38.7619   0.0668  20.0828 324.2415  73.6661  76.4542   6.59 2453157.50000   38.3225    inner_
  38.5140   0.0220  21.3046 286.3191  35.7594 175.0044   8.34 2453157.50000   39.3591    inner_
  38.2463   0.0132  20.3504 258.4623 105.1022 157.9759   8.41 2453157.50000   38.7166    inner_
  38.4361   0.1323  36.7375 122.9872 259.3119 101.8682   7.24 2453157.50000   40.0940    inner_
  38.0475   0.0079  25.7029 230.9608 176.0418 314.2052   7.94 2453157.50000   37.8391    inner_
  37.7287   0.0168  31.3730  12.6126 179.5658 118.4377   7.31 2453157.50000   38.0379    inner_
  38.5046   0.0267   8.7777 175.3545 175.9014 264.6855   7.25 2453157.50000   38.6270    inner_
  38.3240   0.0022  33.7684  76.3759 164.4974 313.6629   8.63 2453157.50000   38.2669    inner_
  38.4838   0.0949  25.8090  25.2955 209.0647  56.5667   8.20 2453157.50000   36.7327    inner_
  38.7730   0.0600  20.4516  43.9314 220.9239 120.2348   8.29 2453157.50000   40.0433    inner_
  37.7980   0.0136  26.7683  26.5591 131.0518  35.3173   7.64 2453157.50000   37.3806    inner_
  38.2780   0.0957  37.5070  50.0858 258.2280 101.4488   7.63 2453157.50000   39.3301    inner_
  38.3825   0.0980  35.2103 120.4772   6.6783 162.0952   8.13 2453157.50000   41.9940    inner_
  38.1709   0.0063  20.4795 247.8802 230.3209  43.2870   8.16 2453157.50000   37.9980    inner_
  38.3939   0.0506  22.9943 107.7647 290.8708 255.9616   8.65 2453157.50000   38.9555    inner_
  38.3990   0.0123   8.8669 149.9619 293.6243  42.4793   7.55 2453157.50000   38.0529    inner_
  38.5815   0.0822  32.4221  78.3100 203.9623   5.2553   8.55 2453157.50000   35.4263    inner_
  37.9307   0.0069  39.2704   8.0335 354.3161 137.6630   5.19 2453157.50000   38.1261    inner_
  38.8298   0.0303  22.8021 272.8049 177.6445 204.9320   8.21 2453157.50000   39.9045    inner_
  38.2224   0.0665  20.0912 335.9470 241.7562 137.2996   7.80 2453157.50000   40.1635    inner_
  38.5004   0.1372  32.9454 248.5070 265.0786 208.6814   7.48 2453157.50000   43.2747    inner_
  38.9693   0.0793   6.3543 247.6320 260.4062 210.9197   7.85 2453157.50000   41.6782    inner_
  38.0914   0.0231  30.7931  15.1526 147.2027 308.5838   8.22 2453157.50000   37.5559    inner_
  38.6881   0.0226  28.3978  65.2636  71.9051 143.9694   8.31 2453157.50000   39.4010    inner_
  38.2294   0.0583  20.4433 258.2200  92.8782 255.4154   8.50 2453157.50000   38.9101    inner_
  38.9927   0.0667  30.9446 123.9630 297.7258 220.9141   8.65 2453157.50000   41.0267    inner_
  38.2131   0.0054  38.0136  11.1368 211.1596 349.4753   8.41 2453157.50000   38.0121    inner_
  38.3638   0.0195  20.0643 323.3738  58.8794 348.7248   8.65 2453157.50000   37.6322    inner_
  38.0329   0.0020  30.7179 295.5012  79.5263 263.8570   8.60 2453157.50000   38.0414    inner_
  38.9388   0.0657  27.1895 225.7542 299.2249  62.2154   8.49 2453157.50000   37.8845    inner_
  38.6503   0.0239  26.4029 145.8288 153.4703 242.9742   8.51 2453157.50000   39.0872    inner_
  38.8369   0.1053  18.9468 273.4162 280.1183 243.1735   7.34 2453157.50000   41.0005    inner_
  37.8138   0.0364   8.3088 112.1471 125.2584 342.5115   8.52 2453157.50000   36.5064    inner_
  38.7334   0.0268  31.5202 325.1591 242.2191 100.9111   7.78 2453157.50000   38.9563    inner_
  37.7673   0.0122   3.6268  41.5467 180.1384 311.4654   6.66 2453157.50000   37.4648    inner_
  37.9174   0.0472  24.6639 341.8332 302.7979 281.3455   7.18 2453157.50000   37.6475    inner_
  37.8919   0.0067  31.8320  14.3429  49.1851 321.3043   8.22 2453157.50000   37.6955    inner_
  37.8527   0.0071  21.5926 305.7573 198.7251 193.6987   7.50 2453157.50000   38.1152    inner_
  38.7930   0.0287   7.1430 166.5139 291.7755 332.4015   8.48 2453157.50000   37.8135    inner_
  38.6273   0.0723  29.6209 187.4061  24.4027 183.8101   7.44 2453157.50000   41.4159    inner_
  38.4509   0.0342   5.9797 188.4853 276.8824 184.8224   8.10 2453157.50000   39.7599    inner_
  38.4106   0.0832  30.9823  36.9284 297.0033 121.1727   8.61 2453157.50000   40.2473    inner_
  38.3240   0.0261  23.3893 259.1234  39.2826  39.0501   8.43 2453157.50000   37.5575    inner_
  38.0747   0.1292  35.4954  78.3262 301.4477 203.3454   7.51 2453157.50000   42.6773    inner_
  38.6270   0.0861  22.0064 353.6344  71.9659 169.4442   8.38 2453157.50000   41.9033    inner_
  38.7769   0.0384  24.5737  60.8517  76.8784 321.0438   7.94 2453157.50000   37.6437    inner_
  38.9695   0.0595  28.2115 325.6765   7.6974  61.8863   8.37 2453157.50000   37.9886    inner_
  38.2080   0.1251  27.0931 340.8876 140.9917 299.0944   8.13 2453157.50000   36.3807    inner_
  38.8589   0.1149  27.2246 139.4919 220.9534  58.8231   8.56 2453157.50000   36.9563    inner_
  38.3593   0.0115  21.8355 156.9331  65.9885 178.9154   7.16 2453157.50000   38.8020    inner_
  38.5594   0.0006   7.3178 139.7675 331.7818 190.0978   7.94 2453157.50000   38.5821    inner_
  38.4847   0.0184  22.2997 333.0222 124.8346 203.3002   8.65 2453157.50000   39.1387    inner_
  37.8721   0.0007  27.6159 340.5701 139.7993 190.9849   8.14 2453157.50000   37.8970    inner_
  38.1507   0.0643  27.1601  85.9008 164.8620 176.0428   8.58 2453157.50000   40.5970    inner_
  38.8323   0.0210  40.1295  48.7851 100.9121 263.1917   7.24 2453157.50000   38.9456    inner_
  38.1631   0.0291  27.8673  45.9614  78.9119 196.4891   7.87 2453157.50000   39.2310    inner_
  38.7241   0.1041  26.0065 147.1617 237.2590 286.9061   7.72 2453157.50000   37.9513    inner_
  37.8862   0.0077  23.3295  25.0154 204.5730 114.8760   7.11 2453157.50000   38.0104    inner_
  38.8589   0.1361  31.8793 160.5103 236.1758 296.3168   8.26 2453157.50000   37.1423    inner_
  38.5878   0.0116  23.6501 278.9113 236.9173 110.0886   8.46 2453157.50000   38.7465    inner_
  37.8841   0.0485  20.6334 349.3775 204.4454 238.3760   7.84 2453157.50000   38.9095    inner_
  38.8604   0.0437   7.7409 144.9463 347.7833  15.2600   8.50 2453157.50000   37.2293    inner_
  37.8528   0.0652  23.4994 314.2161 273.6941 267.7724   8.25 2453157.50000   38.1085    inner_
  37.7490   0.0247  27.0049 214.2818  25.7989 158.9091   7.16 2453157.50000   38.6210    inner_
  37.7256   0.0033   5.3525 220.1507  88.2209 254.5077   8.16 2453157.50000   37.7591    inner_
  38.9006   0.1096  29.1876 317.9323  18.4035 165.7064   8.43 2453157.50000   43.0564    inner_
  38.4519   0.0197  50.3592  14.4175 203.1663 298.5735   7.72 2453157.50000   38.1016    inner_
  38.2912   0.0144   8.6364 133.8883 235.9994 315.3849   8.55 2453157.50000   37.9017    inner_
  38.8847   0.0676   3.5938 241.6294 349.5509  68.8335   7.00 2453157.50000   38.0954    inner_
  38.8363   0.0538   5.0548  61.2830 180.9945 143.1136   7.90 2453157.50000   40.5452    inner_
  38.9808   0.0810  19.4307 258.9782 207.7629 227.3688   8.39 2453157.50000   41.2469    inner_
  38.1223   0.0056   7.5117 170.1426 336.0917 255.6017   6.47 2453157.50000   38.1769    inner_
  37.7910   0.1246  29.3626 257.3294 157.9277 172.6040   8.09 2453157.50000   42.4682    inner_
  38.0078   0.0405   4.6864 293.6655 142.4803  80.3821   7.98 2453157.50000   37.8116    inner_
  38.3823   0.0410   3.6673 175.2137  97.6350  56.4935   8.21 2453157.50000   37.5604    inner_
  38.6770   0.0302  29.5155 111.2202 322.0066 176.0689   8.11 2453157.50000   39.8410    inner_
  38.0172   0.0179   3.2964 227.4355  98.0585 201.4238   8.55 2453157.50000   38.6517    inner_
  37.8059   0.0134   8.0134 128.4434 327.3694  65.7625   8.06 2453157.50000   37.6034    inner_
  37.8694   0.0260   4.2763 116.2207 183.3893 311.4008   7.56 2453157.50000   37.2332    inner_
  37.7248   0.0324  23.7125  52.0188   6.5462 124.8117   7.86 2453157.50000   38.4495    inner_
  38.9175   0.0051  27.6984 351.7264 319.8139 224.7118   7.37 2453157.50000   39.0580    inner_
  38.6716   0.0206  22.0175  75.6874 299.3812 316.2574   8.59 2453157.50000   38.1033    inner_
  38.6419   0.1148  27.1711 257.3563 193.8950 358.9647   8.45 2453157.50000   34.2060    inner_
  38.0251   0.0105  40.7854 108.9137  22.1165 249.7936   7.23 2453157.50000   38.1665    inner_
  38.0756   0.0477  34.9426 202.7962 353.8220 261.7546   8.47 2453157.50000   38.4200    inner_
  38.3060   0.0049  39.4045 325.4751 116.3140 174.9913   7.11 2453157.50000   38.4934    inner_
  37.9375   0.0926  24.2592  33.6559 332.8470 317.2296   8.19 2453157.50000   35.5260    inner_
  38.4655   0.0755  23.4235 110.8081  63.8494 215.8463   8.01 2453157.50000   40.8891    inner_
  38.5606   0.0686  32.6267 233.2891 161.9971 202.5909   8.25 2453157.50000   41.0275    inner_
  38.8367   0.0359  34.9868  22.3675  19.4829  36.1780   8.60 2453157.50000   37.7285    inner_
  38.2700   0.0137  21.6045  77.0268  30.9021 115.9472   6.13 2453157.50000   38.5051    inner_
  38.2365   0.0526  36.6026  77.8100 304.8206  72.4713   8.24 2453157.50000   37.7292    inner_
  38.2242   0.0116  34.5774 183.5495  60.4809  21.2256   8.00 2453157.50000   37.8102    inner_
  38.9971   0.0748   2.2234 341.1695 292.5189 102.1854   8.02 2453157.50000   39.8158    inner_
  38.1372   0.0017   5.9917 210.0130 328.0933 252.3645   8.52 2453157.50000   38.1575    inner_
  38.0425   0.0053   5.3875  33.8373 141.4990 353.2357   7.49 2453157.50000   37.8404    inner_
  38.1256   0.0206  27.5731 207.7684 272.7212 170.1725   8.31 2453157.50000   38.8989    inner_
  38.1828   0.0102   6.5558 157.7136  87.5401  41.1624   8.26 2453157.50000   37.8911    inner_
  38.0983   0.0630  27.8845 332.6354 336.7872 313.0469   8.07 2453157.50000   36.5472    inner_
  38.3031   0.0215  19.3519 283.4543 173.1556 223.8674   8.09 2453157.50000   38.9064    inner_
  37.7541   0.0881  20.5821 324.6550 212.3451 300.8956   8.33 2453157.50000   36.2765    inner_
  38.2594   0.1017  30.5426 189.1871 289.8716 210.3536   7.61 2453157.50000   41.7047    inner_
  38.4057   0.0242  22.8486 330.9439  33.8990 105.6469   8.02 2453157.50000   38.6772    inner_
  38.5991   0.0941  37.5718 227.0778  54.1039 315.6533   8.35 2453157.50000   36.1857    inner_
  37.8152   0.0008  24.1970 198.1140 305.7256 139.8874   8.50 2453157.50000   37.8371    inner_
  38.4059   0.0327   7.5204 185.4085 172.8626 277.2638   7.56 2453157.50000   38.2878    inner_
  38.2964   0.0222  39.2384 232.1186 296.0615 278.4061   8.50 2453157.50000   38.1909    inner_
  37.7262   0.0007  26.4826  74.3210 351.4119 237.0467   6.61 2453157.50000   37.7408    inner_
  38.1994   0.0578  22.4429 191.8725 184.6097 301.9531   7.39 2453157.50000   37.1271    inner_
  38.1135   0.0930  42.0972  82.5371 251.1907  82.6147   8.33 2453157.50000   37.9861    inner_
  38.1831   0.0138  27.3153 203.5380  68.2028 102.5146   8.58 2453157.50000   38.3041    inner_
  38.9091   0.0147   4.3379 119.4661  81.1639 194.0268   8.49 2453157.50000   39.4656    inner_
  37.8833   0.0413  27.1595 146.1384  81.4346 194.8214   8.28 2453157.50000   39.4013    inner_
  38.4257   0.0434  35.3899 133.0085  96.7892 328.9665   8.10 2453157.50000   37.0175    inner_
  38.3667   0.0189   6.8685 177.9069  24.0827  70.3333   8.40 2453157.50000   38.1344    inner_
  38.7177   0.0674  26.0222 278.9486 119.5061 296.0635   7.72 2453157.50000   37.7191    inner_
  38.5852   0.0405  29.2261 286.6811 321.2331  10.9662   7.80 2453157.50000   37.0530    inner_
  38.5137   0.0216   2.5831  96.2841 165.7052 307.7821   7.50 2453157.50000   38.0145    inner_
  38.1009   0.0347   6.2938  90.1087 147.1381 190.0520   8.64 2453157.50000   39.4028    inner_
  38.4400   0.0545  35.5734 204.4454 318.0902 322.4201   8.54 2453157.50000   36.8253    inner_
  38.3711   0.0634  20.1996 228.4933 271.0534 169.4367   8.56 2453157.50000   40.7671    inner_
  38.6610   0.1296  27.7103  75.3480 228.2707 183.9835   8.43 2453157.50000   43.6635    inner_
  38.4646   0.0507  36.5174 155.8914  20.9974  58.7698   7.42 2453157.50000   37.5279    inner_
  38.5685   0.0523  35.0960  94.8428 123.1566 304.5661   8.50 2453157.50000   37.4994    inner_
  37.8290   0.0298   5.1181 113.4714  16.8025 295.8177   8.52 2453157.50000   37.3652    inner_
  37.7484   0.0287  19.4789 304.8615 185.6833 329.8816   8.44 2453157.50000   36.8190    inner_
  38.9296   0.0537  30.2804 105.2289 256.3475 333.2107   7.01 2453157.50000   37.0868    inner_
  38.7041   0.0586   7.0245 115.4254   1.1326 292.9872   8.06 2453157.50000   37.9347    inner_
  37.8626   0.0044  30.2802 333.0023  46.9137 293.0572   8.32 2453157.50000   37.7979    inner_
  37.9796   0.0574  26.7820 127.0638 317.9203  67.2568   7.63 2453157.50000   37.2470    inner_
  37.9511   0.0060  24.5936  86.0772 155.4831  69.4908   7.57 2453157.50000   37.8719    inner_
  38.5492   0.0006   3.4565 268.6872  99.3515 295.4835   8.44 2453157.50000   38.5391    inner_
  37.9878   0.0636  27.3885 222.7709 170.9874  13.0994   8.10 2453157.50000   35.6431    inner_
  37.9921   0.0527  19.4560 315.2480 185.3948 312.7125   7.41 2453157.50000   36.6952    inner_
  38.7803   0.0016   4.8027 135.7162  79.5556 103.8954   8.41 2453157.50000   38.7950    inner_
  38.5346   0.0382   4.8538  27.7178 333.8707 261.6462   8.49 2453157.50000   38.8034    inner_
  38.5098   0.0270  21.5500 337.8390 191.0043  48.0112   8.57 2453157.50000   37.8303    inner_
  37.9959   0.0760  28.9644  10.3294  70.8678 304.7760   7.67 2453157.50000   36.5073    inner_
  38.8906   0.0354   7.5179 220.5889 258.7658 164.6715   7.27 2453157.50000   40.2205    inner_
#
# Total number of objects up to H =          8.66:         1550.
# Number of objects brighter than H_calib =  8.66:       1550
