# File: ModelUsed.dat
# Creation time: 2026-03-20T16:55:27.145  +0100
#
# Twotino population model.
# Version OSSOS 1.0, 2026-03-20
#
# Seed:  123476890
#
# Epoch: 2453157.50000
#
# Colors for hot:   0.60  0.00 -0.50 -1.00  1.50  1.20  0.80 -0.10 -0.50  0.00
#
# Cold component:     1.700
# Hot component:    10.000
# f1:            0.200
# emin:          0.100
# emax:          0.450
# ecas:          0.275
# esas:          0.045
# emins:         0.070
# emaxs:         0.350
# fleading:      0.500
# fsym:          0.500
#
# Hot H-dist. parameter:            8.66  1.00  0.40  8.66
# hmin:          6.000
#
# Phase effect parameter G:  0.15
#
# lightcurve initial phase:  0.000
# lightcurve period [day]:  0.600
# lightcurve amplitude:  0.000
#
#   a        e        i      Omega    omega      M        H       epoch        dist    comment 
  47.7220   0.2951   7.8236 167.1562 357.1573 107.4747   7.90 2453157.50000   55.1494 02:01   5
  47.7490   0.3236   2.5894 174.1769 300.1722 120.3843   8.59 2453157.50000   58.4392 02:01   5
  47.6842   0.1430  26.9214 180.8783  73.5904 121.6678   7.69 2453157.50000   51.8921 02:01   1
  47.5949   0.1202   2.6815 317.3570 154.5777  43.4654   8.07 2453157.50000   43.8130 02:01   2
  47.9514   0.1247  13.9551 117.7035 198.4405  78.5651   8.26 2453157.50000   47.5021 02:01   0
  47.5882   0.3132   5.5630 202.0420 158.8732 249.6849   8.60 2453157.50000   56.1396 02:01   1
  47.7102   0.2731  27.7603 257.7034 269.7817 274.9441   8.22 2453157.50000   50.0713 02:01   5
  47.6704   0.2719  19.3926 190.5361 183.0781  63.5539   7.78 2453157.50000   45.1611 02:01   1
  47.8770   0.3523  11.3937   5.8952 249.0583  48.3895   8.58 2453157.50000   41.2772 02:01   5
  47.7485   0.3396  15.7525  37.0031 289.0717  15.0113   8.42 2453157.50000   32.7600 02:01   5
  47.6305   0.3478   0.5678  83.7868 229.7513 122.4222   8.23 2453157.50000   59.5876 02:01   2
  47.6169   0.3016   8.7546  38.3007 214.7881 125.9138   8.23 2453157.50000   58.2192 02:01   1
  47.8544   0.2625   1.7683  45.5473  46.5498 128.1451   7.04 2453157.50000   57.2152 02:01   4
  47.7005   0.3125  24.0793  58.1813 324.0089 248.3985   7.75 2453157.50000   56.4784 02:01   1
  47.5593   0.2650  10.7467 155.1709  78.4857 182.6990   8.36 2453157.50000   60.1541 02:01   3
  47.7446   0.2912  24.4329 237.4683 240.5439 271.1674   8.29 2453157.50000   51.3325 02:01   4
  47.7243   0.1233   9.0236 149.9248 318.0197 128.8400   6.51 2453157.50000   51.8049 02:01   5
  47.7976   0.2913  24.4504 108.2336 173.4922 284.6121   8.34 2453157.50000   48.3002 02:01   1
  47.7098   0.3015   9.1342 330.5496 347.4957 284.7410   8.24 2453157.50000   48.3419 02:01   1
  47.9707   0.2154  16.3860  20.9497 336.5956 322.9685   8.45 2453157.50000   40.7803 02:01   3
  47.6687   0.1868  17.1761 113.1306   0.7362 213.5446   8.63 2453157.50000   55.4999 02:01   2
  47.9574   0.1507   9.5874 178.3459 149.6477 300.9158   7.84 2453157.50000   45.1376 02:01   2
  47.6498   0.2685   6.5415 120.7582 118.7618  49.1805   8.65 2453157.50000   41.8163 02:01   4
  47.6747   0.2911   3.8277  84.7360  81.9916 196.3894   7.84 2453157.50000   61.2112 02:01   2
  47.8042   0.3413  11.1941 327.5452 321.2443 208.9850   7.81 2453157.50000   62.9612 02:01   4
  47.7210   0.3405  23.6786 222.0183  53.5384 106.5904   8.35 2453157.50000   56.5604 02:01   1
  47.7525   0.0774   8.4917 108.8272  21.9856 244.4783   8.25 2453157.50000   49.5670 02:01   3
  47.6568   0.1790   1.5954  26.6878 319.7041 111.7495   7.63 2453157.50000   51.9968 02:01   2
  47.6835   0.1914   0.7882 251.2213  55.7828  17.1803   8.45 2453157.50000   39.1692 02:01   4
  47.7816   0.1532   3.5733  99.5373 186.7436  97.2355   8.11 2453157.50000   49.7614 02:01   1
  47.7516   0.1347   9.0121 149.2550 320.7959 116.6047   8.37 2453157.50000   51.2607 02:01   4
  47.7989   0.2025  11.8489  28.6948  83.4707 237.1567   8.46 2453157.50000   54.2178 02:01   2
  47.9887   0.2808  11.3613 169.7443  56.2327 257.8733   8.46 2453157.50000   54.0059 02:01   5
  47.6709   0.2703   6.9589  51.1467 276.3371  90.9108   8.25 2453157.50000   51.1813 02:01   1
  47.6837   0.3223  18.3469 348.3795 283.4035 208.9385   7.04 2453157.50000   61.9303 02:01   4
  47.5700   0.2126   9.0528 151.4418   8.2496  33.2965   8.56 2453157.50000   39.9761 02:01   2
  47.7660   0.2727   0.9061 104.5820 320.2726 315.0132   8.19 2453157.50000   40.9175 02:01   4
  47.7098   0.2151   3.4651 103.6376 328.4073 133.0969   8.25 2453157.50000   55.6704 02:01   4
  47.6173   0.3375   9.3267 356.1361   0.4977 243.0265   7.79 2453157.50000   58.2599 02:01   1
  47.5815   0.3302  18.7503 146.9268 333.9226 252.3966   8.34 2453157.50000   56.2303 02:01   3
  47.6485   0.3215  11.7555  64.6882 143.8742 227.6632   8.37 2453157.50000   59.9373 02:01   4
  48.0778   0.2400  24.7867 136.1349 248.4410 248.6261   6.89 2453157.50000   54.3468 02:01   1
  47.6141   0.3431   8.2302 179.2242  58.9012  61.6789   8.06 2453157.50000   45.0869 02:01   5
  47.6738   0.3701  10.4713 116.4241  79.7235  81.4394   7.87 2453157.50000   51.3924 02:01   5
  47.6062   0.2553   3.1696 112.6572  45.9652  94.8978   7.54 2453157.50000   51.5127 02:01   4
  47.7614   0.2652  21.8941  15.5538 211.1884 129.5398   8.49 2453157.50000   57.3806 02:01   1
  47.7352   0.2604  34.9865 136.8401 351.3471 110.1117   8.08 2453157.50000   54.4450 02:01   4
  47.8872   0.2846  12.6402 165.8215  25.6974 326.8503   7.74 2453157.50000   38.1836 02:01   1
  47.7762   0.1101   1.3155 291.0277 185.0174  77.1422   7.30 2453157.50000   47.1724 02:01   3
  47.7735   0.2189   8.0325 241.0774 339.2527  25.0264   8.37 2453157.50000   38.8662 02:01   3
  47.7355   0.2922  12.9128 281.7960  96.6994 239.3855   8.35 2453157.50000   57.2280 02:01   1
  47.6941   0.2460  12.4119 263.8923 317.0416 149.8393   8.47 2453157.50000   58.3827 02:01   1
  47.7005   0.0881   3.1673  25.4534 332.9177  87.4648   8.15 2453157.50000   47.8846 02:01   1
  47.6908   0.2986  11.8915 314.9641 116.0679  44.2142   8.32 2453157.50000   40.3259 02:01   1
  47.7782   0.2516  22.7793 221.7510 132.9057  76.8987   8.16 2453157.50000   48.0536 02:01   1
  47.7094   0.0962  17.1897 169.9451  22.7881 334.7292   7.95 2453157.50000   43.6518 02:01   1
  47.6209   0.3057  22.6960  34.2224 276.9711 172.0997   8.17 2453157.50000   62.0959 02:01   4
  47.6482   0.2830   2.5819 147.9133 299.1578 289.2480   8.58 2453157.50000   46.9295 02:01   4
  47.5805   0.2823   2.2847 133.1851 214.7663 242.3836   7.51 2453157.50000   56.2165 02:01   0
  47.7731   0.2170   1.7970 241.6788 237.6861 130.5331   7.29 2453157.50000   55.5633 02:01   5
  47.7898   0.3317  10.2957 131.8491 323.3991 201.5393   8.40 2453157.50000   63.0080 02:01   1
  47.7901   0.0711   2.7674 353.1081 342.0498 286.7403   8.64 2453157.50000   47.0395 02:01   2
  47.7306   0.2535   9.8692 121.9395 330.1998 232.1938   8.06 2453157.50000   56.6639 02:01   2
  47.8422   0.2065  11.9262 138.1414 356.3505 275.2033   8.53 2453157.50000   48.9690 02:01   4
  47.5764   0.2697  11.1398 212.1673   0.6789 138.6398   8.25 2453157.50000   58.3447 02:01   1
  47.7945   0.2546  17.6515 168.1541 270.3709 128.2896   8.34 2453157.50000   56.8429 02:01   4
  47.6910   0.0908  14.8312  34.9843 275.5737 148.7248   7.15 2453157.50000   51.4880 02:01   3
  47.6859   0.1839  10.5283 274.2648  24.0365 316.8483   8.63 2453157.50000   42.2140 02:01   2
  47.6550   0.2439   2.6751  65.9295 215.6236 213.3654   7.51 2453157.50000   58.0110 02:01   4
  47.7491   0.3222   6.8807 109.3446 140.5393 310.8849   8.30 2453157.50000   41.4856 02:01   1
  47.7268   0.2699   7.6393 242.3846 226.9650 274.9242   8.41 2453157.50000   50.0282 02:01   4
  47.5513   0.0993   7.7259 204.7973 265.0115 197.2157   7.90 2453157.50000   52.0952 02:01   1
  47.7523   0.3455   3.5516  93.3516 188.3712 199.6214   8.30 2453157.50000   63.7143 02:01   4
  47.9835   0.2643  15.7858  21.6455  65.3951  25.3263   7.86 2453157.50000   37.4357 02:01   1
  48.0363   0.2559  15.5507 219.4874 191.2464 148.7799   8.35 2453157.50000   59.1749 02:01   4
  47.7482   0.2733  21.1905 178.8956  81.7795 227.2158   8.42 2453157.50000   58.0816 02:01   5
  47.7830   0.1888  19.8984  76.1032 331.3906  49.2124   8.14 2453157.50000   43.0593 02:01   1
  47.5723   0.2639  19.4867  50.5690   5.1352 217.9259   7.91 2453157.50000   58.4121 02:01   1
  47.7409   0.2706   3.1202 140.4514 117.1357 219.5620   8.47 2453157.50000   58.7593 02:01   4
  47.5585   0.2750  11.0177 111.5820  47.3133 357.7895   8.45 2453157.50000   34.4965 02:01   1
  47.7498   0.2952   1.5838 104.3175   5.6739   8.1026   8.56 2453157.50000   33.9345 02:01   1
  47.7884   0.1280  16.7903   6.4443 323.9952  73.8840   7.56 2453157.50000   46.8452 02:01   0
  47.6912   0.1969   2.5473 220.5405 319.0973 352.0446   7.84 2453157.50000   38.4401 02:01   1
  48.0068   0.2415   3.6782  80.6146 326.8899 157.7400   8.43 2453157.50000   59.0343 02:01   5
  47.8646   0.1741   6.7097 112.2854 237.4876 176.1664   8.12 2453157.50000   56.1844 02:01   4
  47.6067   0.1823  14.4125 305.5870 130.6591 224.5542   7.32 2453157.50000   54.4364 02:01   1
  47.6492   0.2328   1.6322 235.3541 227.4899 302.4136   7.57 2453157.50000   43.8789 02:01   4
  47.7471   0.3304  21.0858  11.3981 296.6865  91.9213   8.46 2453157.50000   53.0741 02:01   1
  47.6156   0.2747   4.1191  85.5497 307.2672  50.2113   7.39 2453157.50000   41.9653 02:01   1
  47.7397   0.3007  12.6549 357.4232 326.0580 184.4526   8.49 2453157.50000   62.0680 02:01   4
  47.7110   0.2748   0.1782 346.3587 118.5454 303.3136   7.84 2453157.50000   43.5787 02:01   5
  47.6615   0.3174  10.7729  99.4857 200.7678 289.7804   8.50 2453157.50000   47.2387 02:01   1
  47.5403   0.3443  18.9728  84.3082 259.6884  72.7102   8.32 2453157.50000   48.2306 02:01   1
  48.0288   0.3081   1.6011 160.8423 265.0704 215.5978   7.05 2453157.50000   61.1617 02:01   1
  47.7106   0.2709  11.9118  38.0826 153.6398 149.2263   8.59 2453157.50000   59.4830 02:01   1
  47.8073   0.2566   5.2981 351.5233 150.8534 274.7180   8.33 2453157.50000   49.8889 02:01   4
  47.6439   0.3300   1.1554 194.1901 263.2192 248.5758   6.56 2453157.50000   57.0183 02:01   3
  47.6280   0.1329   3.4286 326.9568 235.3417  17.9781   7.66 2453157.50000   41.7059 02:01   3
  47.6839   0.2596  11.7352 132.2399  37.9047  72.2731   8.47 2453157.50000   47.0633 02:01   4
  47.6283   0.3208   9.1978 350.8656  24.3591 114.3442   7.87 2453157.50000   57.1795 02:01   3
  48.0737   0.3289  10.3291  66.7151 170.6897 231.8744   8.35 2453157.50000   60.2192 02:01   4
  47.7219   0.2203  21.8733 165.7451 157.5343 351.6089   8.61 2453157.50000   37.3927 02:01   4
  47.6610   0.2688  15.4894 194.8712  62.1771  44.4439   7.87 2453157.50000   40.7623 02:01   4
  47.7807   0.1004   8.7103 250.4708 131.1967 319.1122   8.56 2453157.50000   44.3873 02:01   4
  47.7289   0.2508   5.4089  51.1466 176.3206 221.3900   8.10 2453157.50000   57.7167 02:01   4
  47.7045   0.0712   3.6940 255.0494 167.5278 343.7839   8.18 2453157.50000   44.4620 02:01   5
  47.7972   0.2317   8.5636 226.1717 222.7192 317.6459   8.34 2453157.50000   41.1240 02:01   5
  47.5405   0.1065  15.6606  64.3446 323.4572  99.1634   8.31 2453157.50000   48.8557 02:01   2
  47.7046   0.2164   5.9988 127.6135 264.5186 239.8737   7.78 2453157.50000   54.2933 02:01   1
  47.7755   0.2887  23.4683 272.3100  25.6643 204.9701   8.07 2453157.50000   60.7789 02:01   4
  47.8214   0.3237  13.8605 294.3472  20.8736 308.1510   8.48 2453157.50000   42.3207 02:01   2
  47.7482   0.2433   4.0683 118.4709 145.6155 332.9435   8.17 2453157.50000   38.2395 02:01   2
  47.6550   0.3605  10.9355  71.1584 304.0945 241.5097   8.51 2453157.50000   59.4766 02:01   1
  47.5066   0.2529   3.6182 100.6432 118.1309 358.7835   6.53 2453157.50000   35.4981 02:01   2
  47.7477   0.1832  20.1004 331.1012 279.4064 169.4005   7.44 2453157.50000   56.3889 02:01   2
  47.7725   0.3064  10.1231 150.6892 266.4597 223.5304   7.93 2453157.50000   59.9396 02:01   1
  47.6465   0.2592   2.9945  89.6136  60.6711  86.3838   7.46 2453157.50000   49.9961 02:01   4
  47.7959   0.2957   3.9933  27.7503 355.7469 346.8912   7.61 2453157.50000   34.3929 02:01   5
  47.6796   0.3197   3.8415 149.5597  83.0604 241.7731   7.70 2453157.50000   57.8541 02:01   5
  47.6402   0.3281   5.3233  98.5494 295.4835 145.3622   7.27 2453157.50000   61.6536 02:01   4
  48.0374   0.2869  14.4179 131.9210 110.1707 126.4674   8.47 2453157.50000   58.2085 02:01   1
  47.7605   0.2156  16.7397  85.2942 345.0426 303.5938   8.31 2453157.50000   43.8778 02:01   4
  47.5866   0.2543   1.3977  85.8616  77.6403 343.0092   8.62 2453157.50000   36.4151 02:01   1
  47.6057   0.0884  23.2511 218.0310 169.3412 210.6167   7.97 2453157.50000   51.3141 02:01   0
  47.6578   0.2407  11.3304 174.6413 115.6133 114.2302   8.62 2453157.50000   54.3114 02:01   1
  47.5780   0.1322  17.2341  40.6798 253.2540 183.7077   8.28 2453157.50000   53.8555 02:01   4
  47.7432   0.2350   1.6249  66.2266 187.9979 134.7350   7.89 2453157.50000   56.6894 02:01   1
  47.7896   0.3292   4.6767 149.7491  61.4250 143.4782   7.83 2453157.50000   61.7122 02:01   1
  47.6926   0.2953  11.9976 113.7359 281.3651 306.8998   8.58 2453157.50000   42.6189 02:01   3
  47.7439   0.2563   2.5761  92.1731 306.6982  47.9075   8.44 2453157.50000   41.7578 02:01   1
  47.5901   0.2479  16.9159 351.3396 142.6617 184.9701   8.51 2453157.50000   59.3588 02:01   1
  48.0849   0.2106   9.4230 158.9727 166.0487 150.5083   8.26 2453157.50000   57.3004 02:01   3
  47.5851   0.2068   5.7483 115.1228 107.7977 305.8272   7.59 2453157.50000   43.4116 02:01   0
  48.0589   0.2879  15.0610 136.6027 298.8599 196.2976   7.95 2453157.50000   61.5589 02:01   0
  47.7583   0.1752   3.2207  99.9674  94.0984  19.8164   8.02 2453157.50000   40.1092 02:01   2
  47.5656   0.2501  26.7615  51.8072  20.0597 324.5357   8.29 2453157.50000   39.2609 02:01   5
  47.7742   0.0922  11.4380 139.3668 340.3177  43.9196   8.10 2453157.50000   44.8176 02:01   2
  47.7659   0.2817  33.7819 213.3190 180.3385 317.9711   8.32 2453157.50000   40.1048 02:01   4
  48.0177   0.2038  18.3394 290.4083 138.1001 309.2282   7.13 2453157.50000   43.2713 02:01   4
  47.6452   0.2294   7.9749 312.8682 328.1520  20.7793   7.65 2453157.50000   37.8804 02:01   4
  47.6758   0.1571   2.2978 120.1188  93.0383  12.9711   8.19 2453157.50000   40.4529 02:01   3
  47.8579   0.2680  12.1001  83.5408  36.6897  15.0889   8.60 2453157.50000   35.8417 02:01   1
  47.7041   0.2404   3.4652 149.1493 320.1017 277.8603   7.45 2453157.50000   48.8716 02:01   4
  47.6865   0.1442  23.1222 110.8504 332.5871 151.7257   7.99 2453157.50000   53.9276 02:01   5
  47.6955   0.1231  17.6937  21.4563  25.5521 347.0082   8.23 2453157.50000   42.0190 02:01   5
  47.5808   0.3392  25.0359 142.0327  94.2567  61.6162   7.98 2453157.50000   45.0004 02:01   5
  48.0543   0.1289   2.7701 111.5853  20.3996 110.7440   8.49 2453157.50000   50.8948 02:01   5
  47.6862   0.3169  18.0706  59.8619 192.3594 293.7215   8.28 2453157.50000   46.1974 02:01   1
  47.7378   0.2690  12.3293  31.0633 152.0353 158.1223   8.47 2453157.50000   59.9992 02:01   1
  47.6063   0.2911   0.8136 189.3594 252.0995 280.5555   8.23 2453157.50000   49.0627 02:01   3
  47.9263   0.1337  13.5700 211.4952 303.4941  34.1424   7.94 2453157.50000   42.9437 02:01   2
  47.4940   0.2048   2.2919  24.5624 120.6637 343.3636   8.37 2453157.50000   38.4015 02:01   0
  47.6519   0.2341   9.3626 265.7397 310.8079  50.0941   6.51 2453157.50000   42.4028 02:01   4
  47.7288   0.3321  17.5098  65.0866 276.9119 357.2327   7.22 2453157.50000   31.9204 02:01   4
  47.9601   0.2264  24.9999  98.2666 142.6533 230.4614   8.14 2453157.50000   56.0513 02:01   4
  47.7320   0.1213  11.6806  71.1881 248.6618  76.1584   8.65 2453157.50000   47.0322 02:01   0
  47.7589   0.2437   8.6321 320.2642  73.5287 239.7001   7.80 2453157.50000   55.3751 02:01   1
  47.5932   0.1408  10.2035 127.3825 306.6385 265.8130   7.87 2453157.50000   48.9955 02:01   3
  47.9023   0.3256  10.2078 287.8271  76.9057 178.3297   8.57 2453157.50000   63.4967 02:01   5
  47.5100   0.3365  18.3540 254.9787 356.5513 135.8521   7.73 2453157.50000   60.8404 02:01   1
  47.7245   0.3423  14.6585 344.6016  70.7615 255.0436   7.82 2453157.50000   56.2959 02:01   2
  48.0905   0.2827   7.5165  78.8696 316.9805 167.3661   8.56 2453157.50000   61.4843 02:01   5
  47.6686   0.2450   8.8054  77.1683 184.3460  38.6042   6.37 2453157.50000   40.0434 02:01   4
  47.5866   0.2987  13.0360 230.8709  39.7433  47.9455   8.24 2453157.50000   41.1830 02:01   5
  47.5500   0.3041   8.4213 245.6188 151.8995 129.3237   8.34 2453157.50000   58.6963 02:01   4
  47.7497   0.2525  12.2933  37.6767 279.1437 196.8850   6.33 2453157.50000   59.4733 02:01   5
  47.5797   0.1559   5.7221  85.5882 209.4169 160.1883   8.12 2453157.50000   54.6654 02:01   3
  47.5592   0.0956   0.7214 139.0601 331.6792 238.2091   8.52 2453157.50000   50.2445 02:01   2
  47.7936   0.2779   1.1562 210.1594 268.5808 119.2874   8.62 2453157.50000   56.5537 02:01   5
  47.6576   0.2481   2.7055 228.0088 325.0799 147.5759   8.60 2453157.50000   58.2704 02:01   1
  47.7858   0.2368  10.5415 296.0612 211.4295 262.6996   8.64 2453157.50000   51.6634 02:01   4
  47.6083   0.3234  14.1996 134.5851 296.7715 123.1543   8.22 2453157.50000   58.6866 02:01   4
  47.9121   0.2722  18.4296 183.5234 321.1936  82.2032   8.52 2453157.50000   49.6497 02:01   4
  47.9764   0.2401   7.5832 289.4553 337.2069 116.5963   8.56 2453157.50000   54.9898 02:01   1
  47.7224   0.2530   2.9736 118.0678  81.5276 158.2069   6.94 2453157.50000   59.2419 02:01   1
  48.0057   0.3125  18.4379 113.4450 182.7655 177.3677   8.65 2453157.50000   62.9971 02:01   3
  47.7359   0.2744  19.1748   2.9629 329.9567  13.6345   7.86 2453157.50000   35.3244 02:01   5
  47.7465   0.2600   6.7343  21.7016 322.9634 168.7629   8.13 2453157.50000   60.0098 02:01   4
  47.6282   0.2674  17.8932 206.2889  71.8220 167.9311   7.56 2453157.50000   60.1891 02:01   3
  48.0538   0.3143  12.2051  29.1830 321.6207 311.5446   8.52 2453157.50000   41.6090 02:01   3
  48.0343   0.3702  15.3727 162.7098 227.6686 341.9283   8.65 2453157.50000   32.3382 02:01   5
  47.8188   0.2683   1.9095 100.2593  18.9136 187.8110   8.16 2453157.50000   60.5754 02:01   1
  47.7844   0.2296  11.1569 311.0143 343.9643 186.8346   8.30 2453157.50000   58.7037 02:01   4
  48.0626   0.2932   9.4663 246.2839 196.8711  16.8836   7.34 2453157.50000   35.1512 02:01   0
  47.5611   0.1173   7.6582  41.8876 340.4394 268.0819   8.28 2453157.50000   48.3918 02:01   2
  47.5883   0.1687  11.8031 316.3169  32.6623 269.0411   8.40 2453157.50000   49.0459 02:01   1
  47.8248   0.2940  27.4766 147.5809 261.1096 131.6408   8.64 2453157.50000   58.9048 02:01   4
  47.6193   0.3102   9.8179 198.0686 310.0936 176.5964   8.43 2453157.50000   62.3764 02:01   1
  47.7985   0.2750   4.3089  50.2299 177.5185  58.8006   7.44 2453157.50000   44.1626 02:01   4
  47.9599   0.2686   1.6348 293.7843 213.3972  91.4855   7.24 2453157.50000   51.5672 02:01   4
  47.7861   0.2280  17.4460 267.7294 154.1946  48.6034   8.63 2453157.50000   42.3228 02:01   1
  47.7208   0.2800  26.2764 100.5258 160.6440 326.4542   8.53 2453157.50000   38.2496 02:01   2
  47.7567   0.1973  19.7094 227.7254 275.9482 347.7134   8.18 2453157.50000   38.6672 02:01   0
  47.6690   0.2864   2.5675 241.6733  93.0797  69.0829   7.11 2453157.50000   46.5836 02:01   0
  47.7910   0.2386  13.4715 109.8011 252.2035 349.3998   7.61 2453157.50000   36.7211 02:01   4
  47.7332   0.2990   4.6754 146.7136 227.0549 353.7212   8.58 2453157.50000   33.6344 02:01   5
  47.6002   0.2017  15.8035 118.8655 290.9796 160.4552   7.74 2453157.50000   56.8159 02:01   5
  47.6841   0.2424  22.2064 168.7572 270.6668 224.9692   8.46 2453157.50000   56.9558 02:01   1
  47.6642   0.2635   4.6303  42.5347 353.0511 257.4908   8.24 2453157.50000   53.1847 02:01   2
  47.7914   0.3055  20.8040 162.2242  57.7558 241.7999   7.77 2453157.50000   57.4355 02:01   4
  47.6983   0.2800   7.1133 122.6637 112.2407  51.5832   8.53 2453157.50000   42.3237 02:01   4
  47.7226   0.2708  16.0882 275.9649  76.8181  85.9072   8.62 2453157.50000   50.2184 02:01   1
  47.7954   0.3105   6.7764 231.1910 123.5573 258.2221   8.23 2453157.50000   54.6600 02:01   1
  47.6671   0.2855   8.0519 273.2882  78.4217 185.7652   8.64 2453157.50000   61.2364 02:01   5
  47.7376   0.1017  14.4057 111.6925 306.4548 342.6099   8.47 2453157.50000   43.1544 02:01   5
  47.6814   0.1286  19.0118 124.9097 257.2357 165.9176   8.24 2453157.50000   53.6675 02:01   5
  47.6616   0.1246   8.4462 254.9020 135.3758  38.0075   7.27 2453157.50000   43.3102 02:01   0
  47.7358   0.2865   5.0110 226.3857  93.4083 270.8158   8.66 2453157.50000   51.2845 02:01   1
  47.4985   0.2859  30.7264 122.6204  89.4861 147.7577   8.56 2453157.50000   59.7794 02:01   1
  47.4816   0.1917   9.1844 347.6842 222.7403  71.7941   7.91 2453157.50000   46.3233 02:01   5
  47.7938   0.1015   3.5014 102.6479  29.7776 351.0613   8.17 2453157.50000   43.0142 02:01   0
  47.7430   0.0997   5.9578 130.8160  37.4817 351.6051   6.58 2453157.50000   43.0444 02:01   1
  47.7022   0.2066   1.8601 147.2302 310.7428  21.9217   8.59 2453157.50000   38.9490 02:01   1
  47.7147   0.2746  11.0169 212.1291 298.0076 171.9258   8.65 2453157.50000   60.7390 02:01   1
  47.6693   0.1110   1.2924 175.6946 303.3813 209.7297   8.15 2453157.50000   52.3878 02:01   2
  47.6707   0.2635  15.8594 123.3761 200.8820 175.1246   7.85 2453157.50000   60.2049 02:01   4
  47.9935   0.2694  19.3752 139.0586 303.9070   7.0968   8.23 2453157.50000   35.2509 02:01   0
  47.8715   0.2254   2.3412 114.4445 335.4288 268.5420   8.54 2453157.50000   50.4796 02:01   3
  47.7159   0.2485   6.6522 112.1693 128.0453 218.3735   7.14 2453157.50000   57.8758 02:01   4
  47.6514   0.1161  11.1334 163.9879 151.4117 172.7852   6.39 2453157.50000   53.1486 02:01   4
  47.6181   0.3013   8.6086 348.9907 181.0855  89.9821   7.28 2453157.50000   51.7009 02:01   5
  47.7574   0.1885  10.9945 260.8878  17.8234 216.8561   7.88 2453157.50000   55.4517 02:01   5
  47.6917   0.3537   6.2021  34.0397 288.2303  17.0069   8.64 2453157.50000   32.5103 02:01   5
  48.0796   0.1377   2.9190 185.6707 104.2564 343.8603   8.41 2453157.50000   41.8061 02:01   3
  47.6938   0.1359  22.7755  99.4848 222.5504 350.2568   8.45 2453157.50000   41.3366 02:01   4
  47.6496   0.2667   1.2048  80.9546 126.2124 322.3577   7.36 2453157.50000   39.3481 02:01   1
  47.7474   0.1494  17.6233 144.5343  70.2798 206.9693   7.47 2453157.50000   54.2888 02:01   3
  47.7657   0.3013  20.2491 325.7764   3.9465 343.9452   8.44 2453157.50000   34.4906 02:01   4
  47.7465   0.2559   9.0451 336.2766 234.3649 168.2567   8.32 2453157.50000   59.8009 02:01   2
  47.8759   0.1894  23.9478 305.0773 153.4866 265.3692   8.09 2453157.50000   50.2387 02:01   3
  47.7316   0.3086  12.6858 148.0343  11.1890 215.1106   7.90 2453157.50000   60.8498 02:01   2
  47.7570   0.2971   2.5403 117.0247 177.0359 209.3945   8.51 2453157.50000   60.8353 02:01   5
  47.6710   0.2522   1.7835 172.6996  51.0795  74.7664   7.85 2453157.50000   47.5063 02:01   5
  48.0222   0.0810   7.1885 176.7640 178.2976  11.2438   7.73 2453157.50000   44.2214 02:01   5
  47.7714   0.2778  13.2546  26.4741 115.7232  90.5307   8.53 2453157.50000   51.3931 02:01   4
  47.7375   0.2014  17.8531  80.1810  31.1519 190.7377   8.53 2453157.50000   57.2358 02:01   1
  47.9392   0.3367  13.6956  28.4543 164.4129 159.7259   8.19 2453157.50000   63.5170 02:01   1
  47.7698   0.1149  10.1004 285.8272  39.0821 165.5228   8.17 2453157.50000   53.1181 02:01   4
  47.5901   0.2184   3.8243 245.7663 103.8416   8.8105   7.76 2453157.50000   37.3961 02:01   5
  47.7489   0.2581   1.4477  69.9639 245.3791 352.4328   8.08 2453157.50000   35.6202 02:01   4
  47.6980   0.3452  12.9008  95.1028 346.1021 241.8093   7.58 2453157.50000   58.8695 02:01   2
  47.7711   0.1921  18.4468 324.7361  72.5745 357.5741   7.47 2453157.50000   38.6090 02:01   5
  47.7774   0.3299  12.0631 129.5033 336.2227  20.9181   8.30 2453157.50000   34.2002 02:01   1
  47.5719   0.3113   4.2361  94.5378 194.6009  36.1522   8.47 2453157.50000   38.0079 02:01   5
  47.6786   0.2634   9.6679  68.5820 201.9850 138.0336   7.89 2453157.50000   58.1382 02:01   2
  47.9478   0.2898  13.6080 217.6396 326.7680 168.4634   7.68 2453157.50000   61.6744 02:01   1
  48.0785   0.2721   8.5231 313.3811  60.5778 247.0154   8.57 2453157.50000   55.7025 02:01   1
  47.5971   0.2921   0.9885 211.0387 331.6475 273.5329   8.43 2453157.50000   50.6752 02:01   5
  47.6593   0.1082   4.0865 146.6199 209.9966 331.4421   8.66 2453157.50000   43.2778 02:01   4
  47.6426   0.2685  11.7548 212.7838 314.8013 350.2585   7.36 2453157.50000   35.1935 02:01   1
  47.7477   0.2964   0.8644 130.0779  95.4525  39.6169   8.27 2453157.50000   39.2736 02:01   4
  47.7107   0.3102  19.8660  93.2563 293.9867 325.9831   7.85 2453157.50000   37.6212 02:01   4
  47.6165   0.2613  15.5461 151.2234 315.9178 117.9667   8.30 2453157.50000   55.5338 02:01   4
  47.7202   0.2668  14.6484 145.2344 290.5680 206.2000   6.31 2453157.50000   59.6243 02:01   1
  47.7982   0.2079   4.3448 158.9043  79.1580 191.7201   8.47 2453157.50000   57.5924 02:01   3
  47.7914   0.3228   9.6611 265.0781 277.6102  75.0380   8.21 2453157.50000   48.7335 02:01   4
  47.7244   0.2310   5.7216  56.5869 288.3365 160.8496   7.99 2453157.50000   58.3428 02:01   4
  47.7445   0.2802  16.4619 341.4594  11.3044 254.4959   8.53 2453157.50000   54.3296 02:01   1
  47.5775   0.2147   3.4585 102.6840 272.0578  75.3828   8.53 2453157.50000   47.1628 02:01   1
  47.8510   0.2961   5.4899  69.0048 140.8589 139.2450   8.32 2453157.50000   59.8921 02:01   1
  47.5751   0.1821  20.2641  83.8972 236.6581 252.5035   7.74 2453157.50000   51.4829 02:01   0
  47.7611   0.2919  13.5210 179.3892  91.6926 117.2931   8.00 2453157.50000   56.7407 02:01   1
  47.7966   0.2670   0.8175 254.0642  26.5640 197.8763   8.66 2453157.50000   60.1725 02:01   4
  47.6548   0.3303   9.5088 244.1205  15.3386 300.9005   7.58 2453157.50000   44.2700 02:01   1
  48.0557   0.1662  19.0934  13.1670 193.8333 250.2312   7.82 2453157.50000   51.8243 02:01   4
  47.5504   0.2638  18.2229 188.0821 338.5859 341.0467   7.70 2453157.50000   36.2245 02:01   1
  47.6076   0.1782  13.6574 126.5512 333.9744 120.1565   7.35 2453157.50000   52.8514 02:01   4
  47.4915   0.2441  16.8378  11.7827 197.4768 331.8484   7.86 2453157.50000   38.1690 02:01   1
  47.6478   0.1579   5.3480 151.9414   9.9065 242.4837   8.17 2453157.50000   51.9559 02:01   3
  47.8171   0.3157  14.8977  13.3926  80.1342 303.3454   8.13 2453157.50000   43.6679 02:01   4
  47.7809   0.2433   0.9373  49.1496 142.4087 254.0654   8.64 2453157.50000   53.2771 02:01   4
  47.7371   0.2710  13.2290 331.5756 345.2061   4.6272   7.79 2453157.50000   34.8790 02:01   4
  48.0739   0.1872  11.7699 281.6806  40.8520 275.4157   7.86 2453157.50000   48.9001 02:01   1
  47.7138   0.3282  20.0629  53.6110 294.9900 115.0929   7.45 2453157.50000   57.6911 02:01   2
  47.9765   0.1952   2.2724 297.6991  80.6450  87.2776   8.41 2453157.50000   49.3347 02:01   2
  47.7328   0.2543   4.3501 196.0523 131.2078  90.5019   8.60 2453157.50000   50.7923 02:01   1
  47.6372   0.2827   6.5854 136.9724  30.0802 347.1717   8.27 2453157.50000   34.8112 02:01   1
  47.7738   0.3166  15.8449 192.9045 273.3533 123.2109   8.01 2453157.50000   58.6275 02:01   5
  47.6202   0.2837   1.5816 183.6407 182.0283 256.8026   8.53 2453157.50000   53.8806 02:01   1
  47.6935   0.1981   3.6017  95.7290  26.1901  15.7372   7.30 2453157.50000   38.7874 02:01   1
  47.5371   0.2602   9.5638 204.7905 123.5263  12.4947   7.80 2453157.50000   35.6941 02:01   5
  47.7473   0.2625   9.5169 146.3552 246.0368  50.8824   8.44 2453157.50000   42.3416 02:01   1
  47.9184   0.2932   1.7438 256.7848 235.0237 106.7125   8.48 2453157.50000   55.1748 02:01   4
  47.9401   0.1486  10.6834 180.7398  87.1317 296.8328   8.09 2453157.50000   45.6474 02:01   1
  47.7381   0.2853  18.5514  19.3036 270.4537 279.4432   8.21 2453157.50000   49.3487 02:01   1
  47.5901   0.1508  16.7596 345.7211  44.8579 240.7814   8.60 2453157.50000   51.8281 02:01   1
  47.5035   0.1579   9.6314 231.0834 278.9629 184.8897   8.38 2453157.50000   54.9816 02:01   1
  47.6302   0.2797   3.5364 139.9182 178.1142 310.9723   7.04 2453157.50000   41.6547 02:01   2
  47.6268   0.2571  19.5382 122.7688  39.8281 153.3466   8.18 2453157.50000   59.0362 02:01   0
  48.0974   0.2129  13.5565  15.5471  36.0983  57.2268   7.94 2453157.50000   44.3579 02:01   1
  47.7502   0.2959  18.5330 251.3872 118.9469 355.4370   8.58 2453157.50000   33.7104 02:01   5
  47.7608   0.2454   5.2241 101.3103  51.6040 286.4391   8.56 2453157.50000   47.2718 02:01   5
  47.9353   0.1918   8.1434  29.0404  62.2347 127.9108   7.48 2453157.50000   54.5055 02:01   4
  47.7989   0.2528   7.1935 247.3437 102.0199 165.8537   8.59 2453157.50000   59.6474 02:01   4
  47.6709   0.1016   7.4748  41.9901 272.2856 278.5572   8.40 2453157.50000   47.4391 02:01   1
  47.4982   0.1219   7.7187 143.4136 214.3620  98.8296   8.60 2453157.50000   49.0507 02:01   2
  47.6528   0.1044   0.8233 228.9781 261.7131   7.1249   7.17 2453157.50000   42.7275 02:01   1
  48.0019   0.2344   5.0058 123.4719 354.1971 122.4587   8.12 2453157.50000   55.5869 02:01   5
  47.7530   0.1800  10.6513  15.6455 131.2790  12.6876   7.87 2453157.50000   39.4683 02:01   1
  47.7083   0.2625  11.3004  91.2989 352.7807  93.0506   8.29 2453157.50000   51.4531 02:01   3
  47.7276   0.2481   8.1151 180.5599  76.3650 149.6462   8.30 2453157.50000   58.5062 02:01   2
  47.5829   0.3066  18.0104 226.0126 294.8567  58.5868   8.19 2453157.50000   43.9552 02:01   3
  47.6855   0.1842  18.5451  50.6235 351.3394 332.8125   7.52 2453157.50000   40.3139 02:01   4
  47.7566   0.3116  10.1772 142.6942  75.1648  72.8675   7.80 2453157.50000   47.9438 02:01   5
  47.5076   0.3186   9.7077 319.3576 280.5963 343.1230   8.36 2453157.50000   33.7280 02:01   2
  47.7104   0.2348   4.6386 104.6861 205.8286 149.0952   7.86 2453157.50000   57.8495 02:01   3
  47.4786   0.1943   2.3510  91.5796  74.4276 107.4692   8.39 2453157.50000   51.7179 02:01   5
  47.6825   0.2531   4.0293 231.7161  92.5358   9.3322   8.33 2453157.50000   35.8973 02:01   4
  48.0900   0.2771   7.8474  73.7082 341.7782 219.7532   8.62 2453157.50000   59.4574 02:01   1
  47.5797   0.2379  19.5283  49.5509 199.7023  43.9739   7.99 2453157.50000   41.1125 02:01   4
  47.7550   0.2192  18.7094 207.2738 350.9292 332.0213   8.61 2453157.50000   39.2052 02:01   1
  47.6200   0.1502   5.4522 318.3992 135.9234  83.4066   7.94 2453157.50000   47.8709 02:01   3
  47.7806   0.1776   1.2209 184.3768  72.3738  36.9046   8.49 2453157.50000   41.6720 02:01   4
  47.7593   0.2257  13.1103  93.2365 321.1752 320.4519   8.40 2453157.50000   40.7400 02:01   4
  47.7359   0.2431  11.0362 276.4357 136.5256  41.9156   8.57 2453157.50000   40.7603 02:01   1
  48.0980   0.2643   5.4674 314.5728  40.3867 154.8457   8.64 2453157.50000   60.0465 02:01   4
  47.7788   0.2847  14.6992  91.6286 288.4932 229.3998   8.33 2453157.50000   58.3356 02:01   0
  47.6855   0.2598   2.4008  38.7418 340.1648 319.5163   8.52 2453157.50000   40.1024 02:01   4
  47.9216   0.1656  23.3089 109.0587 289.8153  91.0521   8.54 2453157.50000   49.3515 02:01   2
  47.7899   0.2600   2.8953 247.3347 306.0031 258.9027   8.56 2453157.50000   52.9707 02:01   5
  47.6629   0.2117  11.0154 237.3519 346.2838 357.1595   7.92 2453157.50000   37.5927 02:01   2
  47.6283   0.2723  10.4594 135.4427  56.5836 158.8905   8.19 2453157.50000   60.0534 02:01   1
  47.9653   0.3074  11.7243 289.3466  67.8776 274.2351   8.62 2453157.50000   51.2651 02:01   2
  47.7256   0.1353   1.5984 324.3517 110.8306 223.2543   8.65 2453157.50000   52.7827 02:01   1
  47.8846   0.2248   4.6981 151.1993  91.2257  70.8644   7.95 2453157.50000   46.6970 02:01   5
  47.5133   0.3423  23.6166   1.3832 203.5248 140.4315   7.82 2453157.50000   61.6228 02:01   1
  47.6547   0.2484   6.7094 219.5192 140.7745 184.3159   8.48 2453157.50000   59.4716 02:01   5
  47.7572   0.1342   1.7548 355.7608 339.5252 108.7171   7.92 2453157.50000   50.5323 02:01   2
  47.7958   0.3854  10.5189 137.2577 197.5828 169.5582   8.52 2453157.50000   66.0560 02:01   4
  47.7299   0.2386  23.3842  30.0988  49.7520  31.8554   7.99 2453157.50000   39.1057 02:01   1
  47.6093   0.2613   1.3993 276.0797 240.7995  45.0658   8.56 2453157.50000   40.9664 02:01   3
  47.5257   0.3105   1.3745 116.4562 314.8870 213.8528   7.52 2453157.50000   60.7828 02:01   1
  47.5200   0.0757   5.1961  19.5578  39.0974 134.2199   7.71 2453157.50000   50.1565 02:01   4
  47.7077   0.1945  11.7189 175.1714 165.4361 192.2384   8.39 2453157.50000   56.8401 02:01   5
  47.5916   0.3121  19.8438 304.9242 188.9441 342.8343   7.87 2453157.50000   34.0879 02:01   0
  47.6319   0.3355  16.6129  77.5858  90.9751 145.9488   8.54 2453157.50000   62.0288 02:01   0
  47.9956   0.1709  16.8878 105.3114  51.6180  24.7306   7.89 2453157.50000   40.8592 02:01   2
  47.5586   0.2300   7.3956 108.5186 113.9835 193.6253   8.06 2453157.50000   58.2912 02:01   3
  47.6917   0.1459  12.4437 339.8939 123.1482 302.5113   8.52 2453157.50000   44.7584 02:01   4
  47.7846   0.2804  12.4600 183.3841  45.0299 315.1237   8.54 2453157.50000   40.8013 02:01   1
  47.6679   0.1531  18.8496  52.4166 258.5275 279.8739   7.56 2453157.50000   47.5273 02:01   1
  47.6099   0.2843   4.9334 289.9846 223.4577 270.9322   8.12 2453157.50000   51.0714 02:01   4
  47.7675   0.3079  12.0808 159.1273 161.9384  81.9778   8.18 2453157.50000   50.1662 02:01   1
  47.7159   0.1240  13.3430 272.2545  82.3172 279.3747   7.65 2453157.50000   47.4810 02:01   2
  47.7714   0.3393   8.4690 123.7962 250.3805 232.3071   8.58 2453157.50000   60.2170 02:01   0
  47.6793   0.3439   3.6291 345.8834 311.3946  28.4213   8.65 2453157.50000   35.3926 02:01   5
  47.8357   0.2289   3.6205 341.2151 347.0221  68.3166   8.55 2453157.50000   46.1755 02:01   0
  47.9488   0.2734  14.7099  53.1547 114.8052 171.0234   8.16 2453157.50000   60.9598 02:01   1
  47.8000   0.1640  24.4561   4.0371 321.4851   7.4913   7.61 2453157.50000   40.0576 02:01   4
  47.7146   0.3175  19.6026  78.4925   3.9200 131.7463   6.75 2453157.50000   59.7725 02:01   4
  47.4900   0.2858   5.5254  81.0349  17.4112   8.8020   8.54 2453157.50000   34.2297 02:01   0
  47.5510   0.2843   4.5163 147.4850 157.2673 177.3694   8.41 2453157.50000   61.0598 02:01   4
  47.6232   0.2266  10.3977 289.4559 217.6348 189.5562   6.77 2453157.50000   58.3129 02:01   1
  47.7901   0.2745  18.7458 220.2147 155.2826 167.2514   8.40 2453157.50000   60.7104 02:01   5
  47.7911   0.3446  13.4722   9.1867  43.3623 305.9699   7.13 2453157.50000   42.9490 02:01   4
  47.6229   0.2095   4.5709 277.4691  20.2345 163.5048   7.49 2453157.50000   57.3186 02:01   3
  47.6667   0.3447   0.5905 212.4991 230.2356 231.3995   7.30 2453157.50000   60.4421 02:01   2
  47.7940   0.2158   9.5928  46.9065 247.6289 102.0097   7.50 2453157.50000   51.8826 02:01   1
  47.6055   0.2743  10.2602 213.5173 299.1708 279.5249   8.30 2453157.50000   48.9930 02:01   5
  47.5587   0.3384   4.2739  66.6387   6.6835 141.7143   7.89 2453157.50000   61.6461 02:01   5
  47.6630   0.1454   9.6384 164.8791 117.1207 350.5580   7.60 2453157.50000   40.8632 02:01   3
  47.5557   0.1288  15.0245 156.0358 201.9120 187.0536   7.06 2453157.50000   53.6428 02:01   5
  47.7774   0.2491  11.3709 310.0407 158.1639  17.9426   8.16 2453157.50000   36.8779 02:01   1
  47.5399   0.1837   5.1664  74.2266  69.5657  66.3683   8.35 2453157.50000   45.5172 02:01   3
  47.7887   0.3299  11.6201 335.9527 353.8811 259.5018   7.55 2453157.50000   55.0181 02:01   1
  47.7954   0.2299   0.8243 168.0441 272.7236 141.3769   8.46 2453157.50000   57.1455 02:01   5
  47.7133   0.2851   1.5477 154.5487  97.9973 126.8156   8.22 2453157.50000   57.7902 02:01   1
  47.7734   0.1397  10.6137 131.2877 157.5454  32.1347   7.77 2453157.50000   42.4397 02:01   5
  47.5802   0.1998  29.6841 309.2009  29.5789 184.9982   7.17 2453157.50000   57.0626 02:01   5
  47.5261   0.2679  10.2765 117.1378 200.0890  11.4173   7.82 2453157.50000   35.2566 02:01   4
  47.7175   0.0911  11.9504 168.6569 180.8785  76.4146   7.70 2453157.50000   47.0807 02:01   1
  47.6694   0.2974   6.5267 255.1052 173.4127 144.7998   8.50 2453157.50000   60.2593 02:01   5
  47.7586   0.1858   2.6367  58.5813 348.5978 163.6716   8.49 2453157.50000   56.3785 02:01   5
  47.9894   0.2656   5.0732 275.3204  13.6243 280.2795   8.46 2453157.50000   49.0748 02:01   1
  47.7331   0.2781  11.4698  72.4728 321.8922 254.9984   8.51 2453157.50000   54.1579 02:01   2
  47.7333   0.1778   9.9910  58.0120  79.9555 292.5439   8.13 2453157.50000   45.8815 02:01   5
  47.5917   0.2964  17.1315 172.3116 180.9799 357.3238   8.35 2453157.50000   33.5180 02:01   4
  47.6787   0.2807  26.0302 233.8734 330.8160  41.8085   8.24 2453157.50000   39.9983 02:01   3
  47.9128   0.2647   2.2328 311.6330 157.4977  11.0348   8.54 2453157.50000   35.6579 02:01   1
  47.8150   0.3352   2.9148 359.2409 332.5489 264.0566   8.56 2453157.50000   54.2172 02:01   1
  47.7017   0.2666  16.2622  14.2386  61.8429 320.1188   7.21 2453157.50000   39.8549 02:01   5
  47.7907   0.1664  23.1719 175.3216 304.7511 316.8790   7.15 2453157.50000   42.7293 02:01   5
  47.5757   0.1195  13.9252 277.0871 229.1428 203.3956   8.11 2453157.50000   52.8873 02:01   2
  47.6544   0.1029   6.1849 147.0107 127.2357  98.7699   8.24 2453157.50000   48.8810 02:01   0
  47.7607   0.1720  15.8554 225.4299  51.8103 101.8243   8.06 2453157.50000   50.7067 02:01   1
  47.7009   0.1989  12.2870 309.5771  40.2835 124.1149   8.50 2453157.50000   54.1113 02:01   3
  48.0405   0.1479   8.6532  65.8955 119.8979 254.7843   8.38 2453157.50000   50.8173 02:01   4
  47.6489   0.2713  15.0237 126.7865 124.7934  55.4448   8.43 2453157.50000   43.2397 02:01   5
  47.7968   0.3123   4.0567 281.9991 237.9621   8.8116   8.57 2453157.50000   33.2401 02:01   2
  47.6887   0.2541   5.5828 192.6591 281.9575  46.3795   8.50 2453157.50000   41.4175 02:01   2
  47.6466   0.2269  10.1482 312.4814  73.3562 299.1168   8.48 2453157.50000   44.5468 02:01   3
  47.9833   0.2494  14.0320 139.1423 269.8454 137.1177   7.53 2453157.50000   57.8182 02:01   4
  47.7680   0.3016   9.1457 166.9308 210.6867 239.6964   8.42 2453157.50000   57.5840 02:01   1
  47.5999   0.2762   5.4838  49.5948 174.6675 327.6368   7.27 2453157.50000   38.0163 02:01   1
  47.7179   0.2929  28.8013 170.4819  24.1993  46.4562   8.21 2453157.50000   40.9752 02:01   3
  47.7590   0.1765  21.3469 102.9090 262.2897 338.0462   7.44 2453157.50000   40.2127 02:01   4
  47.7909   0.2627  21.2821 354.7207  34.9519 145.3948   8.31 2453157.50000   58.9154 02:01   4
  47.7677   0.2850  14.9954 243.8772 335.1338  59.6920   8.51 2453157.50000   44.3593 02:01   4
  47.8032   0.2289   1.8704  85.4501  88.9386 152.5090   8.49 2453157.50000   57.9132 02:01   1
  47.7792   0.2164   5.9494 182.7345  73.4124 126.8491   8.66 2453157.50000   55.1566 02:01   1
  47.7532   0.3044   5.5073 337.4477  33.9503 260.2540   7.55 2453157.50000   54.0093 02:01   1
  47.5728   0.2554   7.3040 248.8297  11.7862 115.1567   8.03 2453157.50000   54.8618 02:01   1
  47.7443   0.1847   8.1793 151.2746 220.8600  37.4517   8.29 2453157.50000   41.4996 02:01   0
  47.7525   0.2306   7.2251  42.4436 161.5095  42.5503   8.46 2453157.50000   41.1441 02:01   3
  47.4828   0.2692  18.7124 145.7295 241.6085 221.8278   8.54 2453157.50000   58.1595 02:01   0
  47.6010   0.1956  17.6034 212.6232 270.4687 198.5835   8.65 2453157.50000   56.5687 02:01   1
  47.7304   0.2928  17.4620 116.7676 142.7383  44.8413   8.46 2453157.50000   40.5872 02:01   5
  47.7281   0.2292  27.9077  43.2074  65.5057 128.5856   6.40 2453157.50000   55.7882 02:01   5
  47.6800   0.0727   8.6364 324.8966 110.1730 300.8586   7.68 2453157.50000   46.0987 02:01   4
  48.0904   0.1479  17.5108 228.6022  34.1242 309.7330   7.42 2453157.50000   44.2587 02:01   1
  47.7530   0.1568  16.1310 357.8937 315.0114 352.8057   8.31 2453157.50000   40.3458 02:01   4
  47.6935   0.2935  18.3850 220.8877 293.9964   2.8340   8.57 2453157.50000   33.7306 02:01   1
  47.6076   0.1252   4.1122 295.2124 281.0086 139.3008   8.21 2453157.50000   52.4044 02:01   1
  47.5913   0.3193   4.0843 274.0495 124.2439 222.9426   8.17 2453157.50000   60.3375 02:01   1
  47.7326   0.3115  14.7329  36.2724 173.3872 240.3052   8.33 2453157.50000   57.8347 02:01   4
  47.7180   0.2029  14.1118 176.5734  68.2201 129.8631   7.85 2453157.50000   54.8762 02:01   1
  47.7228   0.2289   4.8982 123.7301 257.1552  70.6919   7.83 2453157.50000   46.5297 02:01   1
  47.5069   0.1078  21.9581   9.3375  86.5685  70.7774   8.30 2453157.50000   46.3364 02:01   3
  47.5098   0.3748   4.4872 159.7187 162.3067  16.0114   8.04 2453157.50000   31.3906 02:01   5
  47.7438   0.2748   6.7270 274.3126  93.0711 353.2097   8.24 2453157.50000   34.7967 02:01   5
  47.6531   0.2167   2.7815  17.0294 313.6885   7.5382   7.31 2453157.50000   37.4704 02:01   4
  47.9190   0.1941  14.3667 300.5342 152.4210 216.0475   7.75 2453157.50000   55.9396 02:01   1
  47.5557   0.2507  12.4190 270.8044 314.9282 133.2048   7.92 2453157.50000   56.9557 02:01   1
  47.6279   0.1739   1.6735  76.7612 216.6903 279.9793   8.15 2453157.50000   47.6256 02:01   1
  47.5909   0.2568   0.4175 313.2521 174.2551 240.1617   8.60 2453157.50000   55.5992 02:01   3
  47.7065   0.2785  22.6397 233.0903  17.8142 303.9362   7.35 2453157.50000   43.4174 02:01   1
  47.7896   0.1951  18.8346 145.1493 232.8847  83.2656   8.41 2453157.50000   48.5068 02:01   2
  47.7411   0.3075   0.5413 132.5210 268.7237 154.8202   7.83 2453157.50000   61.5920 02:01   5
  47.7887   0.2343   9.4788 262.0681 223.1369 119.8005   8.12 2453157.50000   54.9980 02:01   5
  47.8941   0.2245   9.7121 306.0655  40.7642  65.1847   7.03 2453157.50000   45.6137 02:01   0
  47.7644   0.2338   7.5104 151.8621 163.9200 140.7280   8.43 2453157.50000   57.2220 02:01   3
  47.5619   0.3188  22.7469 348.8012 152.4553 105.8484   8.65 2453157.50000   55.4681 02:01   5
  47.7403   0.1967   5.8154 272.2413  31.3620  24.3939   8.27 2453157.50000   39.6095 02:01   5
  47.6516   0.2865  10.6567 152.0854 288.6968 141.6427   8.54 2453157.50000   59.4597 02:01   5
  47.6971   0.2011  22.7789  32.8347 351.2736 338.9990   7.40 2453157.50000   39.0815 02:01   4
  47.9121   0.3051   3.5478 108.0484 258.0373  61.5333   8.52 2453157.50000   45.0410 02:01   1
  47.9572   0.2026   3.4908 130.3692 224.5602   0.4824   7.62 2453157.50000   38.2425 02:01   5
  48.0869   0.1667   9.2807  46.0464  28.9125  17.4516   7.75 2453157.50000   40.5978 02:01   0
  47.6924   0.2444   0.4382 190.7313 217.3213 145.2557   7.81 2453157.50000   57.9699 02:01   4
  47.5811   0.3103   3.8341 126.3516 159.0915 351.6451   8.62 2453157.50000   33.1429 02:01   3
  47.8754   0.2063  18.0184  39.1257  90.2121  38.7006   8.51 2453157.50000   41.1909 02:01   2
  47.7062   0.2495  11.1329  90.8469 167.5765 216.8530   8.31 2453157.50000   58.0410 02:01   4
  47.6740   0.2156   6.6632  58.5650 227.4714 122.5321   8.29 2453157.50000   54.5178 02:01   1
  47.8348   0.2998  26.7061   8.3201 116.6133  10.5078   7.71 2453157.50000   33.9795 02:01   1
  47.9829   0.2846   7.8088 327.5028 353.3332  12.6880   7.64 2453157.50000   34.9678 02:01   4
  47.5915   0.1923  11.4031  81.5847 152.1082 165.8036   8.03 2453157.50000   56.5461 02:01   2
  47.7140   0.3111  17.2578  73.4165  53.8764  68.9437   8.32 2453157.50000   46.8697 02:01   3
  48.0813   0.2794  21.5297 103.7940  83.7107 339.6952   8.29 2453157.50000   36.1936 02:01   1
  47.7578   0.3282  13.1964 187.0386 218.8203 338.8862   8.65 2453157.50000   34.2836 02:01   5
  47.6614   0.2388   1.4770  22.1001 216.9474  60.9142   8.30 2453157.50000   44.5379 02:01   5
  47.9704   0.3488  22.1249 257.7876 226.3855 186.1477   8.52 2453157.50000   64.6473 02:01   1
  47.7686   0.2673  10.9086 154.1254 282.0033 206.9249   8.61 2453157.50000   59.6595 02:01   1
  47.7013   0.3101   4.2917 131.4346 315.3716  22.8430   7.66 2453157.50000   35.2054 02:01   1
  47.9696   0.2751  14.6063  54.2543 182.0058 150.2290   8.19 2453157.50000   60.0727 02:01   2
  47.6241   0.1108  14.9839  35.0952 312.3021 144.6029   8.61 2453157.50000   52.0955 02:01   3
  47.7946   0.2634   8.4399  22.7678  31.6349 235.0737   7.60 2453157.50000   56.7725 02:01   1
  47.7865   0.3686  12.0560 199.5733  96.9595  96.6895   8.63 2453157.50000   55.4300 02:01   1
  47.6061   0.1015   7.3629  38.5995 167.0756 202.0962   8.61 2453157.50000   52.1417 02:01   3
  47.7026   0.3306   2.8068 154.8523 139.7508 286.7068   8.61 2453157.50000   48.3141 02:01   1
  47.7265   0.2923   5.6267 357.0982 286.5824 232.7367   8.27 2453157.50000   58.1575 02:01   5
  47.5873   0.3289   6.9684 212.0815  95.1655 201.1933   7.42 2453157.50000   62.6315 02:01   5
  47.7922   0.2475  16.4308 217.4731  21.4434 217.2337   7.64 2453157.50000   58.0223 02:01   4
  47.7090   0.1486  21.5416  43.4310  75.5786  68.3598   7.48 2453157.50000   46.0715 02:01   3
  47.5507   0.2878   4.1772  78.7902 176.3877   9.8068   8.46 2453157.50000   34.2545 02:01   3
  47.8277   0.3144  21.2511 267.2015 294.4720  74.9794   7.37 2453157.50000   48.6067 02:01   5
  47.7466   0.3183   5.9397 203.9796 293.0162 285.8300   8.30 2453157.50000   48.3809 02:01   4
  47.7973   0.3354  15.1547 187.2243 133.1993  13.9805   7.10 2453157.50000   32.8095 02:01   4
  48.0043   0.2965  14.0066 289.0570 302.5289 142.5297   7.82 2453157.50000   60.4325 02:01   1
  47.6415   0.2485   4.0437 271.2851  36.6365 117.3519   8.53 2453157.50000   55.0121 02:01   2
  47.5917   0.2598   8.8937 201.5821 312.2200  68.5607   7.74 2453157.50000   46.1590 02:01   3
  47.7916   0.2676   1.5365  68.0835  77.9828 167.6808   7.32 2453157.50000   60.3971 02:01   1
  47.7251   0.1772  13.6236  65.4590 143.3014 249.9776   8.39 2453157.50000   51.8147 02:01   5
  47.6210   0.2435   2.7169 250.3463 263.7927  78.9258   8.49 2453157.50000   48.1996 02:01   4
  47.7260   0.3375   4.3844 102.0332 157.8916 216.1490   8.40 2453157.50000   62.0416 02:01   4
  47.6033   0.3226   8.7527  75.2678 156.5264  28.4506   8.53 2453157.50000   35.9150 02:01   3
  47.7321   0.2910  13.4292 297.0779  40.0557 259.3269   8.22 2453157.50000   53.7552 02:01   1
  47.6544   0.2236   3.6817 115.1515 245.0119 302.7504   7.60 2453157.50000   43.8755 02:01   3
  47.7052   0.2994   2.0879 176.3816 264.2218 196.1223   8.10 2453157.50000   61.6557 02:01   0
  47.6175   0.2242   7.5338 251.0729 190.4988  32.6132   7.41 2453157.50000   39.5661 02:01   1
  47.7634   0.3545   3.4309  41.4651 283.9639 193.9814   7.15 2453157.50000   64.4186 02:01   5
  47.7368   0.3350  21.0077 163.4719 186.3044 262.3022   6.77 2453157.50000   54.5166 02:01   1
  47.9504   0.3511   2.4332  50.5439 310.7578 351.6461   8.28 2453157.50000   31.5325 02:01   4
  47.6790   0.3383   6.1254 244.3596  85.0293  93.1346   8.44 2453157.50000   53.5147 02:01   1
  47.7344   0.3624  14.8863 302.7371  62.5314  65.2733   8.26 2453157.50000   46.5235 02:01   1
  47.7483   0.1851   1.2601 163.2744 323.4015  26.6770   8.50 2453157.50000   40.2808 02:01   2
  47.7370   0.1845  13.3921 234.8932 292.4547  22.3199   8.07 2453157.50000   39.8994 02:01   2
  47.6905   0.3262   8.9635 172.0387 133.8085 275.1584   8.08 2453157.50000   51.2039 02:01   1
  47.7554   0.3294  12.2891 225.9352 316.0986 184.2869   7.33 2453157.50000   63.4601 02:01   2
  48.0944   0.2391   8.1131 121.0774 268.2728  49.3955   8.37 2453157.50000   42.5949 02:01   1
  47.6887   0.2750   7.0573  26.2870 142.6831  93.5263   7.23 2453157.50000   51.8445 02:01   5
  47.5437   0.1934   7.8095  19.2263 321.9503 248.6944   8.25 2453157.50000   52.2553 02:01   0
  47.6950   0.1620   2.2383  81.6337 243.2957 172.1142   7.76 2453157.50000   55.3687 02:01   4
  48.0122   0.3071  11.3078  34.4782 203.4756 354.6264   7.93 2453157.50000   33.4009 02:01   2
  47.5928   0.0790  16.2649  13.7086 135.6042 352.1547   7.71 2453157.50000   43.8738 02:01   1
  47.6115   0.2997   0.4453 262.6262 138.4237 144.4573   7.72 2453157.50000   60.2594 02:01   4
  47.7540   0.3108   5.8898 173.3872  25.5017 340.4631   7.90 2453157.50000   34.6330 02:01   1
  47.6343   0.1288   2.2711 188.7388 117.8429  27.6568   8.54 2453157.50000   42.4025 02:01   5
  47.4776   0.2576  20.2526  55.8527 350.3972 292.0757   7.69 2453157.50000   45.8941 02:01   3
  47.6162   0.3333  15.1940 209.5003 221.7913 317.6465   8.35 2453157.50000   39.3627 02:01   4
  47.7212   0.3014  17.2130  99.3228 123.6983 315.7584   8.08 2453157.50000   40.3250 02:01   1
  47.6232   0.2252   9.2156 103.4238 185.9103  40.9223   8.22 2453157.50000   40.8648 02:01   5
  47.7667   0.2590  14.8431 135.3955 103.4485 296.3115   8.33 2453157.50000   45.2400 02:01   0
  47.5818   0.1434  32.6428  21.0744 295.8799  91.4431   8.64 2453157.50000   48.7127 02:01   1
  48.0819   0.1589  20.6165 235.0355 358.1760 148.0058   7.39 2453157.50000   54.8447 02:01   1
  47.7502   0.2032   1.7138  64.6443 246.9278 287.3027   8.38 2453157.50000   46.7833 02:01   1
  47.7078   0.1143   6.0698 239.9544 289.2944 222.6087   8.58 2453157.50000   51.9726 02:01   3
  47.5447   0.1013   9.7947  50.7423 359.1090  49.2354   8.56 2453157.50000   44.7079 02:01   1
  48.0420   0.2765   6.2748  57.3517 252.3237 202.0786   8.54 2453157.50000   60.7201 02:01   5
  47.6514   0.2699  20.7015 132.8163 308.7989  26.5321   7.58 2453157.50000   37.1826 02:01   1
  47.6936   0.3053  14.4505  14.0982 232.7095 311.6608   7.39 2453157.50000   41.3270 02:01   1
  47.8487   0.3500  17.4823 180.7778 228.6396  50.1016   7.22 2453157.50000   41.7919 02:01   1
  47.8751   0.2522   9.7180 285.6475 181.4674 199.0851   8.35 2453157.50000   59.5242 02:01   1
  47.5409   0.1127  17.7348 337.2215 231.4705 236.7734   8.03 2453157.50000   50.8624 02:01   4
  47.6282   0.2950   3.7219 321.8557 149.5983 122.5763   8.48 2453157.50000   57.4957 02:01   5
  47.6741   0.0734   5.4862 265.9811 276.7386 218.8153   7.73 2453157.50000   50.4923 02:01   3
  47.4985   0.2973   6.1073  88.2042 253.7248   3.7585   8.17 2453157.50000   33.4381 02:01   5
  47.6866   0.2965  14.5091 296.0232 191.9086  11.3914   8.65 2453157.50000   34.1045 02:01   1
  47.7405   0.2276   8.1963 281.5262  31.1192 324.9466   8.11 2453157.50000   39.9413 02:01   3
  47.7304   0.1253  18.6072 159.0322  69.8111  16.6250   8.14 2453157.50000   42.0733 02:01   3
  47.5433   0.2683   4.6426 126.4845 135.7360 121.5840   7.81 2453157.50000   56.2177 02:01   1
  47.7430   0.1798   1.4637  97.7249 329.3872 242.5248   8.02 2453157.50000   52.7682 02:01   2
  47.6030   0.0944   3.0346 296.1519 184.8385 118.6808   7.65 2453157.50000   50.0639 02:01   5
  47.6789   0.2389   3.9736  73.4344 143.6492  60.6180   8.25 2453157.50000   44.4934 02:01   4
  47.7231   0.2364  20.4645 216.9584 156.2098   8.2552   8.29 2453157.50000   36.6407 02:01   5
  47.6142   0.2493  31.3538 315.1080  94.7451 231.1443   8.32 2453157.50000   56.4837 02:01   1
  47.7342   0.2010  18.8945  99.9312 180.3884 162.2154   7.59 2453157.50000   57.0098 02:01   3
  47.4951   0.1436   5.2361 208.2620 352.6443  19.5191   8.54 2453157.50000   41.2034 02:01   3
  47.7467   0.2136  11.4434 295.8331  25.2484  78.1092   8.12 2453157.50000   47.8090 02:01   0
  47.6923   0.2492   1.4686 115.1759 107.2532 326.7867   8.45 2453157.50000   38.9909 02:01   1
  47.7534   0.2415  11.8996 124.2476  68.4112 153.0351   8.12 2453157.50000   58.4590 02:01   1
  47.6965   0.2773  12.0510 138.9834 280.8850  44.7692   7.58 2453157.50000   40.7437 02:01   1
  47.7409   0.2792  13.6256 211.9088 294.4098 192.2091   8.19 2453157.50000   60.8851 02:01   1
  47.8136   0.1938   4.4027 176.5430 128.1261 143.1540   7.47 2453157.50000   55.7486 02:01   2
  47.6832   0.2696   3.2327 103.3037 125.4775 133.7271   8.34 2453157.50000   57.9508 02:01   1
  47.7740   0.1004   2.0898  39.0616 181.1043 250.7925   8.62 2453157.50000   49.7596 02:01   5
  47.7932   0.2641  22.9490 193.7799  23.3045 329.1929   8.41 2453157.50000   38.2181 02:01   1
  47.7945   0.2964  12.2116 104.4826 222.0163 262.7564   7.87 2453157.50000   53.3054 02:01   1
  47.7602   0.2413   8.2308  80.3048 283.6546 332.2841   7.85 2453157.50000   38.4147 02:01   4
  47.7330   0.1699  14.3561 198.6572 216.1574 140.5952   7.91 2453157.50000   54.4570 02:01   4
  47.7508   0.2773   4.9384  73.9119  80.7539  35.2200   8.25 2453157.50000   38.6871 02:01   2
  47.9893   0.2037   5.3750  95.6276 119.3010 140.9405   8.49 2453157.50000   56.2120 02:01   1
  47.7494   0.2021  27.8226 287.5014  83.3544 303.7703   7.21 2453157.50000   43.9603 02:01   3
  47.7032   0.3499  14.9963  26.1536 150.5792 271.7090   8.20 2453157.50000   52.7006 02:01   5
  47.8937   0.3187   3.1381  55.0100 111.7538 196.8248   6.88 2453157.50000   62.7774 02:01   2
  47.9205   0.0724   0.1441 141.6734 355.2587 290.9440   7.78 2453157.50000   46.9076 02:01   5
  47.6106   0.1814   0.6063 188.2179 205.6972 163.4387   8.59 2453157.50000   55.9910 02:01   5
  47.7577   0.3453  24.1626 116.1448 259.5555 125.7055   8.50 2453157.50000   60.1580 02:01   3
  47.6558   0.3127   3.7878  21.9557 119.1754 303.3809   8.64 2453157.50000   43.5048 02:01   5
  47.5470   0.2536   2.7830 193.0097 270.3586 224.1233   7.94 2453157.50000   57.3463 02:01   2
  47.5985   0.3118  15.5766   3.9417 129.3225 191.3315   8.41 2453157.50000   62.2730 02:01   1
  47.5445   0.3076   8.5989 323.2494 295.4159 142.4951   7.25 2453157.50000   60.3393 02:01   2
  47.7956   0.2667  12.8842 233.9750 234.7869 272.7457   7.20 2453157.50000   50.4878 02:01   4
  47.6328   0.3327   3.9229 133.0224 230.4924 160.8858   7.67 2453157.50000   62.9848 02:01   4
  48.0365   0.1375   7.6235 197.2076 203.8441 289.2252   8.23 2453157.50000   46.7191 02:01   3
  47.5100   0.2417   9.4162  51.9263  16.7842 287.6541   8.57 2453157.50000   46.7416 02:01   3
  47.5957   0.2452   3.2553  97.8519  97.0712 194.9510   7.97 2453157.50000   59.0084 02:01   2
  47.7054   0.3444   6.1260 109.9995 154.1925 108.9359   8.10 2453157.50000   57.1497 02:01   1
  48.0871   0.3372  18.5240 102.9568 311.4389 325.7287   8.21 2453157.50000   37.4086 02:01   4
  47.6844   0.2297  16.6920 132.1092  53.7286 157.7152   8.02 2453157.50000   58.0904 02:01   1
  47.5157   0.2607   7.2262   2.1981  25.2475 108.7777   7.88 2453157.50000   53.9892 02:01   3
  47.7854   0.0845   5.6000 217.3893 243.4469 106.2269   8.54 2453157.50000   49.2155 02:01   4
  47.8995   0.2584   7.3838 213.5571 237.0120 218.7992   8.39 2453157.50000   58.4929 02:01   1
  47.6115   0.1496   6.3452 192.8968 337.3874 336.9863   6.86 2453157.50000   41.2609 02:01   1
  47.8766   0.1152  23.8765 185.9871  17.2012 181.5859   8.43 2453157.50000   53.3909 02:01   2
  47.7939   0.2850   4.9532 169.3774 249.3722  41.2148   8.59 2453157.50000   39.8854 02:01   1
  47.8965   0.3025   2.0237  47.9540 246.0728  23.8113   6.85 2453157.50000   35.7934 02:01   4
  47.7304   0.2240   3.7353 117.3925 276.8841 341.9856   7.91 2453157.50000   37.8904 02:01   5
  47.7483   0.0927  12.1082  71.4222 236.4327 218.7323   8.17 2453157.50000   51.3469 02:01   5
  47.7327   0.2390  20.2421 107.4904 170.2458 173.6618   7.45 2453157.50000   59.0960 02:01   3
  47.6068   0.3439   3.8249 257.9308 120.8874 170.3314   6.49 2453157.50000   63.8475 02:01   5
  47.8164   0.2573  23.9442 121.0516  73.2426  85.8496   7.08 2453157.50000   50.0264 02:01   5
  48.0048   0.2984  18.8958  37.9964 104.7279 101.7267   8.25 2453157.50000   54.5017 02:01   4
  47.7155   0.3124   3.3631 155.6741 123.4638  30.1194   8.41 2453157.50000   36.6607 02:01   4
  47.8694   0.1998   8.2151  56.6375 136.5843 306.2104   8.29 2453157.50000   43.6901 02:01   0
  47.5650   0.1737  14.0582 124.5662  42.7382 358.5805   8.22 2453157.50000   39.3075 02:01   1
  47.6135   0.3059   9.5831 138.9947 189.7941  81.1819   7.49 2453157.50000   49.7697 02:01   1
  47.6306   0.1418   0.9293  75.9624 189.5545 200.9291   7.83 2453157.50000   54.0411 02:01   4
  47.7976   0.3167   1.3953 149.8062 318.4252 301.9578   8.53 2453157.50000   44.0378 02:01   5
  47.8488   0.3194  15.7591 107.1783 186.7117 212.5979   8.47 2453157.50000   61.7120 02:01   5
  47.6281   0.2516   2.5717 111.6146 337.4739  25.2195   8.02 2453157.50000   37.5897 02:01   1
  47.6730   0.0766  12.5875 356.2871 339.6193 109.5086   7.27 2453157.50000   49.1316 02:01   2
  47.7723   0.1508   7.9721 163.0312 169.7621 136.9883   7.97 2453157.50000   53.4717 02:01   3
  47.5798   0.2394  12.3728 172.2724 203.5624  92.7856   8.43 2453157.50000   50.7150 02:01   2
  47.5555   0.2481   6.4735 343.6552  84.1020 139.3738   7.61 2453157.50000   57.4620 02:01   4
  47.7988   0.2594   1.2994 154.3833 265.8339  46.3165   8.44 2453157.50000   41.4242 02:01   1
  47.6766   0.2231  10.8581   8.4792 202.4334 155.7507   8.65 2453157.50000   57.6796 02:01   1
  47.7495   0.3026   7.5347 198.5764  66.0247 295.1427   8.50 2453157.50000   45.7456 02:01   1
  47.9070   0.0844  16.6935 310.2473 294.4576 234.1647   7.76 2453157.50000   50.4818 02:01   5
  47.7460   0.3060  18.1173 186.6262  63.2210 124.2635   7.40 2453157.50000   58.3216 02:01   1
  47.7897   0.1434  12.8059 111.6056 315.1733  85.6239   8.40 2453157.50000   48.2461 02:01   3
  47.6504   0.2102  10.2411  17.2026 299.7949 323.4378   8.49 2453157.50000   40.5806 02:01   3
  47.6812   0.2914  23.1986 294.3693 357.3043 108.8770   8.16 2453157.50000   55.2261 02:01   1
  47.9306   0.3228   3.4503  93.7471   5.8691  18.9158   8.11 2453157.50000   34.2004 02:01   1
  47.9326   0.2362   1.1233  96.4916 184.8743 300.1974   8.42 2453157.50000   44.5705 02:01   1
  47.7696   0.1737  14.1664 221.6727 356.4057 168.3407   8.21 2453157.50000   55.9430 02:01   2
  47.6714   0.3548   2.6634  25.9787 154.7825 336.8224   8.51 2453157.50000   33.7766 02:01   1
  47.7619   0.2182  13.0179 127.7804 322.1436 288.9672   7.17 2453157.50000   46.5739 02:01   4
  47.7744   0.0920  14.5795 296.0079   8.9549  93.9546   8.65 2453157.50000   48.4735 02:01   1
  47.7626   0.3373   3.6071  46.7778 301.7678  71.4655   8.36 2453157.50000   47.9845 02:01   1
  47.9360   0.2609  30.4942  79.3387 231.9677 264.6924   7.54 2453157.50000   52.0914 02:01   1
  47.6675   0.2571  13.7431 195.3268 125.5014   5.8593   7.43 2453157.50000   35.5257 02:01   4
  47.5516   0.2836   3.1333  12.2750  33.3558 146.7447   7.58 2453157.50000   59.6638 02:01   4
  47.5571   0.1160   1.2212 177.4243 249.3588  62.8523   8.56 2453157.50000   45.5854 02:01   2
  47.9917   0.2901  16.6638 190.6794 354.9342 177.0086   8.22 2453157.50000   61.9045 02:01   2
  47.5578   0.3167   4.9763 114.8721 143.7704  41.5675   7.67 2453157.50000   39.2973 02:01   4
  47.6564   0.1578   6.7783 142.2726  86.7467 147.6548   8.20 2453157.50000   54.2927 02:01   1
  48.0170   0.2734  14.4527 153.2051 326.8270 119.4241   8.32 2453157.50000   56.6651 02:01   5
  47.6411   0.1899   5.9773 102.5361  29.6850  10.9962   7.91 2453157.50000   38.8466 02:01   1
  47.7006   0.1895  22.7555 277.4267 213.8032  97.3999   7.03 2453157.50000   50.4551 02:01   4
  47.5084   0.2271   2.1683  67.7129 144.7636 139.4567   7.34 2453157.50000   56.5185 02:01   1
  47.9960   0.1861  15.9827 250.9109 135.1104 152.6958   8.03 2453157.50000   56.2116 02:01   4
  48.0106   0.3440  25.0079  74.7863 334.8688  50.8250   6.61 2453157.50000   42.1612 02:01   1
  47.6402   0.3448   3.7117 108.3562 221.7884 105.9598   7.99 2453157.50000   56.4896 02:01   2
  47.8910   0.0924   8.1273 139.2214   4.2328  37.8183   8.66 2453157.50000   44.5688 02:01   2
  47.7964   0.1007   6.9278 175.8313 266.6805  49.9009   8.09 2453157.50000   45.0075 02:01   2
  47.7444   0.2640  20.6069 101.4766 103.6327  77.1457   7.51 2453157.50000   48.2410 02:01   5
  47.7112   0.1570   5.1155 358.7975 187.7908 341.4535   8.31 2453157.50000   40.7629 02:01   1
  47.7704   0.1032  17.0861 114.8202 124.5242  28.8141   6.21 2453157.50000   43.5884 02:01   4
  47.6108   0.3281  17.5863 170.1161 223.5193 341.0885   7.64 2453157.50000   33.7710 02:01   5
  47.7824   0.3226  10.8651  10.1322 329.0288 241.0850   8.08 2453157.50000   58.2015 02:01   0
  48.0288   0.3051  14.6359  13.7899 155.4105 162.0218   8.45 2453157.50000   62.2607 02:01   1
  47.7358   0.2945   8.5653 131.0862   4.0151   3.6010   7.54 2453157.50000   33.7350 02:01   1
  48.0658   0.3065   2.5791 179.4943 224.3509 226.7923   8.12 2453157.50000   59.9264 02:01   1
  47.7018   0.1500  10.0668 356.2604  83.4252 266.1344   8.61 2453157.50000   49.2215 02:01   3
  47.6636   0.2615  14.4847  26.3386 209.2767 229.2145   8.57 2453157.50000   57.2588 02:01   4
  47.5981   0.0727   0.7590  39.5042 291.3811  88.1072   8.40 2453157.50000   47.7353 02:01   1
  47.8092   0.1865  21.8048 336.4374 325.8873 131.1808   8.39 2453157.50000   54.4674 02:01   2
  47.7292   0.2158   9.9043 290.7137  54.0639 346.3278   7.50 2453157.50000   37.8999 02:01   4
  47.5851   0.0749  10.6732  32.1587 121.0924 184.7170   8.50 2453157.50000   51.1373 02:01   1
  47.6503   0.3287  19.5177 135.5383  69.2546  45.9206   7.60 2453157.50000   40.4539 02:01   4
  47.7844   0.2896   1.3373 204.2733  21.5330 322.8790   7.46 2453157.50000   38.8504 02:01   1
  47.7921   0.2967  15.2304 177.2858 275.3901 199.5751   8.16 2453157.50000   61.4788 02:01   1
  47.7954   0.1916  12.3460 142.9397  47.2575  23.4489   8.56 2453157.50000   39.7640 02:01   3
  47.6415   0.2626  16.0587 122.7278 102.7061 304.5829   8.27 2453157.50000   43.2624 02:01   0
  47.7727   0.3321   8.4118 351.9534  14.5116  65.8398   8.55 2453157.50000   46.3320 02:01   1
  47.7966   0.0720   7.6996  34.9026 285.5357 318.8073   8.08 2453157.50000   45.3250 02:01   3
  47.7432   0.0777  20.0878 201.6168 142.4493  10.0019   8.35 2453157.50000   44.0989 02:01   5
  47.7350   0.2047  14.3975 216.3954  86.0760 296.7309   8.32 2453157.50000   45.1360 02:01   1
  47.6104   0.2773   8.8570 166.1930 218.9762 340.6447   8.51 2453157.50000   35.7860 02:01   4
  47.7280   0.2877   6.7095 301.6365 170.7742 135.9654   7.56 2453157.50000   59.0220 02:01   5
  47.5556   0.2150   2.4409 173.3657 140.8897 192.9427   8.51 2453157.50000   57.6027 02:01   4
  47.5661   0.3275   5.2330 284.4000 339.2001 291.4202   8.00 2453157.50000   46.8385 02:01   1
  47.7737   0.2748   1.4755 332.2815 109.6930 311.2257   8.00 2453157.50000   41.7677 02:01   4
  48.0128   0.3301  21.1083 281.4378  95.7959  61.6719   8.09 2453157.50000   45.3467 02:01   1
  48.0697   0.2712  13.9650  98.6195  31.3463 184.7396   8.60 2453157.50000   61.0789 02:01   1
  47.7722   0.0952  24.4968 116.6862 340.3377  98.5195   6.96 2453157.50000   48.8580 02:01   4
  47.8160   0.2404  20.3575 245.4570  88.6142 268.3460   8.50 2453157.50000   50.7833 02:01   1
  47.6094   0.2940   2.3948   3.4355 209.4447 324.7164   7.77 2453157.50000   38.1998 02:01   1
  47.6462   0.3496   7.2849 154.3674  13.4041 173.1615   8.01 2453157.50000   64.2360 02:01   1
  48.0881   0.3401   9.6891 260.7169   4.8556 215.1442   7.56 2453157.50000   62.7305 02:01   4
  47.7723   0.3134   5.7315  81.6497 113.2680 340.6274   8.61 2453157.50000   34.5181 02:01   1
  47.4836   0.2880  17.8742 145.6331 176.5036 198.0731   7.44 2453157.50000   60.7488 02:01   5
  47.5142   0.2524  12.9202 108.5813 332.4734 202.7212   6.54 2453157.50000   58.9072 02:01   1
  47.7957   0.2682  18.8001 282.6158 315.3256 235.5694   8.12 2453157.50000   56.8980 02:01   5
  47.7908   0.2978   9.9806  96.0863 309.1089 331.4677   8.31 2453157.50000   36.7849 02:01   4
  47.5774   0.2062   9.8426 301.5551 356.1638  16.4018   7.79 2453157.50000   38.3930 02:01   4
  47.7591   0.2598  16.1868 219.3539 286.7013 300.5015   6.46 2453157.50000   44.2959 02:01   5
  47.6491   0.2858   1.0184  38.2172 134.6270 264.7886   6.73 2453157.50000   52.4278 02:01   4
  47.5078   0.3000  13.5090 202.5516 307.1961 257.1480   8.12 2453157.50000   54.2038 02:01   4
  47.9126   0.0888   2.2740  55.7220 178.7465 227.6694   6.95 2453157.50000   50.9648 02:01   4
  47.7189   0.2909   1.6314 294.6669   1.5898 198.9144   8.50 2453157.50000   61.1487 02:01   4
  47.7956   0.1585   1.0101 339.0140 339.9715 147.0214   8.58 2453157.50000   54.4447 02:01   3
  47.7409   0.2451   5.1248 344.0038 182.4417 160.8042   8.10 2453157.50000   59.0196 02:01   1
  48.0481   0.3300   6.0483 116.6463 225.8187 257.6517   7.79 2453157.50000   55.7104 02:01   1
  47.9846   0.3180  11.6240  43.6706  53.8226 212.9530   8.22 2453157.50000   61.7909 02:01   1
  47.6320   0.3181  12.5581 108.1717  33.3736  10.5829   7.84 2453157.50000   33.0252 02:01   1
  47.7353   0.2731  24.6344 118.6179  51.9719 167.8643   7.60 2453157.50000   60.5910 02:01   1
  47.7414   0.1136   2.9783 155.3983   4.6807  95.3490   8.45 2453157.50000   48.8435 02:01   5
  47.6180   0.3147   7.5473 164.0210  45.2181 334.8009   8.62 2453157.50000   35.4539 02:01   1
  47.6951   0.0943   9.7380  18.9896  42.7277 338.2716   8.33 2453157.50000   43.5855 02:01   5
  47.7517   0.2101  20.4271 146.3500  79.4394 159.7792   8.64 2453157.50000   57.3583 02:01   2
  47.6903   0.2797   2.1729 116.6837 310.7901  26.5910   8.13 2453157.50000   36.9009 02:01   1
  47.7564   0.2120  31.2211  95.1639 316.4683 151.0974   8.61 2453157.50000   57.0060 02:01   5
  47.7396   0.1548  18.3220  29.7705   8.8303  49.0153   8.49 2453157.50000   43.6512 02:01   1
  47.7572   0.3408   6.5276 255.9652 114.1414 278.2691   7.11 2453157.50000   50.8370 02:01   2
  47.5119   0.1958   2.5683  27.1764 118.6503  16.8052   8.54 2453157.50000   38.8143 02:01   2
  47.8538   0.1677   5.8285 237.3287 284.5504 164.1105   8.50 2453157.50000   55.6528 02:01   1
  47.7888   0.2563  19.2667 202.5122 323.4497  34.4051   8.01 2453157.50000   39.0893 02:01   3
  47.7794   0.1964   3.8114 128.5596 118.5217 210.0605   8.63 2453157.50000   56.2674 02:01   4
  47.7007   0.1733  16.3589 214.9983   4.3452  63.4609   8.41 2453157.50000   45.2773 02:01   4
  47.6701   0.2133   8.8511 323.5982  48.0538 166.7447   8.49 2453157.50000   57.6538 02:01   4
  47.7906   0.2884  16.4323 289.9691 116.5030 249.1468   8.58 2453157.50000   55.5933 02:01   2
  47.8929   0.2150  17.0140  10.1914 241.3230  60.1821   7.88 2453157.50000   44.6922 02:01   5
  48.0614   0.2189  18.5925  66.3747 162.0950 355.7581   7.97 2453157.50000   37.5903 02:01   2
  47.5757   0.1712  18.5100  16.8935  28.8065 142.9704   7.81 2453157.50000   54.4929 02:01   4
  47.7624   0.2973  16.0448 135.8826 320.1542 230.1009   8.60 2453157.50000   58.7484 02:01   2
  47.7781   0.0970  18.4474 269.0121 183.5790  82.2938   8.51 2453157.50000   47.6040 02:01   3
  47.6287   0.2806  17.3489  88.2975  12.3860 302.7517   8.63 2453157.50000   43.6297 02:01   4
  47.7241   0.2461   3.2932 217.0350 186.1201  43.8722   8.60 2453157.50000   41.0698 02:01   1
  47.6199   0.2349   8.3979 199.4625  23.1128 248.5062   7.91 2453157.50000   53.6818 02:01   5
  47.5999   0.2610  12.9488  14.7739 244.9315 186.2287   8.23 2453157.50000   59.9789 02:01   3
  47.5283   0.1037   8.1905  45.2044  20.1979 240.3664   8.30 2453157.50000   50.3232 02:01   2
  47.8390   0.2495  13.7361 294.3707  61.4114 248.7032   8.17 2453157.50000   54.3843 02:01   1
  47.7342   0.3352   7.4473 112.7141  54.9869 195.1141   8.38 2453157.50000   63.4213 02:01   2
  47.8059   0.2423   4.6278 101.6935 257.6174 331.7011   7.26 2453157.50000   38.5045 02:01   4
  47.6164   0.1739  31.2165  61.0254  68.1859 359.3215   8.65 2453157.50000   39.3368 02:01   1
  47.9279   0.3034   4.1211 107.7573 161.2897 187.0301   7.17 2453157.50000   62.4028 02:01   3
  47.8197   0.2563  11.4758   6.4911 134.0030  94.6781   8.19 2453157.50000   51.7270 02:01   4
  47.4911   0.2284   3.8094 127.9128 321.6863 106.4884   8.28 2453157.50000   52.5908 02:01   4
  47.4876   0.2390   8.1406 196.1656 176.9093 237.0229   8.37 2453157.50000   55.2282 02:01   1
  48.0944   0.1027  30.9320 109.0471 192.0809 343.1784   8.02 2453157.50000   43.4155 02:01   3
  47.6302   0.2399  13.4520 245.0210 277.5579  82.1656   7.97 2453157.50000   48.7928 02:01   4
  47.7740   0.1543   9.4920 118.4035 177.4624 165.3396   8.63 2453157.50000   54.9646 02:01   3
  47.5721   0.3314   9.6477 345.9609  65.4914 149.4949   8.29 2453157.50000   62.0772 02:01   5
  48.0012   0.2786   8.0371 353.7840   4.2783   6.6641   8.48 2453157.50000   34.8005 02:01   5
  47.7673   0.2312  15.2650   9.2138 103.5856 200.1244   8.66 2453157.50000   58.3641 02:01   1
  47.5431   0.3020   8.4615 219.3470  38.9056 121.8998   7.56 2453157.50000   57.5694 02:01   1
  47.7570   0.1300  15.0843 274.2470 212.4576  91.2211   8.65 2453157.50000   48.6838 02:01   4
  47.9984   0.1135  10.5671  56.9811 200.9886  24.9033   8.47 2453157.50000   43.1875 02:01   4
  47.7654   0.2581  10.7928 277.7583 313.0662 145.1179   8.32 2453157.50000   58.6545 02:01   1
  47.9470   0.3775  20.5059 125.4491 231.8908  65.2513   6.68 2453157.50000   46.9516 02:01   1
  47.7766   0.2487  17.8418 196.0786 109.3506 290.3837   8.27 2453157.50000   46.4898 02:01   1
  47.7805   0.2393  20.7073 254.0568 345.9530  25.9698   8.51 2453157.50000   38.2494 02:01   4
  47.6889   0.2931  12.7119  64.0862  44.6730 301.2136   8.59 2453157.50000   44.0731 02:01   5
  47.7750   0.1020  12.2754  21.8578  40.0535 215.0078   8.43 2453157.50000   51.9116 02:01   1
  47.5713   0.2692   6.7724 181.0451 293.6660 185.5098   7.96 2453157.50000   60.3429 02:01   1
  47.5838   0.2977  18.4015 218.6263  20.5028  60.6019   8.50 2453157.50000   44.4544 02:01   5
  47.7504   0.2821   0.8197 100.5554 180.4817 284.4786   8.20 2453157.50000   48.1445 02:01   1
  47.7820   0.3386  12.5992 196.8126 204.0340 305.9200   7.08 2453157.50000   42.9416 02:01   4
  47.7703   0.2361   7.8622 332.5812 149.3170 118.5043   8.55 2453157.50000   54.8700 02:01   5
  47.9696   0.2351  17.2915 210.9825 212.7198  30.3560   7.73 2453157.50000   39.1812 02:01   1
  47.7262   0.2771   1.4618 163.4473 123.9713 306.7331   7.73 2453157.50000   42.7689 02:01   2
  47.7906   0.1901   7.4752  44.7379 100.4719 358.0939   8.09 2453157.50000   38.7120 02:01   1
  47.6807   0.2401  11.8065 115.0101 126.1458 126.5369   7.99 2453157.50000   55.9269 02:01   1
  47.6880   0.2708  12.7678 207.6036 225.7561  41.5628   7.85 2453157.50000   40.1217 02:01   1
  47.7119   0.2762  15.5983  47.1034  76.2496 119.8120   7.69 2453157.50000   56.4696 02:01   5
  47.7848   0.2285   5.2566  27.7744 178.3806 258.4101   8.47 2453157.50000   52.1544 02:01   5
  47.6810   0.3525   9.6760 286.5061  54.7554 196.7866   7.90 2453157.50000   64.0928 02:01   5
  47.6912   0.1070  15.9853 156.8957  40.1317  80.2810   8.33 2453157.50000   47.3707 02:01   5
  47.7208   0.1445   5.9774 246.7406 330.6861 231.1871   7.91 2453157.50000   52.5713 02:01   4
  47.7909   0.2888   5.2319 124.3227 234.7897 357.9307   7.58 2453157.50000   34.0064 02:01   5
  47.7223   0.2713   4.6826 178.6281 250.8294 118.0034   8.22 2453157.50000   56.0320 02:01   4
  47.7206   0.1812  11.7221  87.9850 268.9241 356.3242   8.59 2453157.50000   39.0982 02:01   5
  47.7464   0.2308   3.1019  39.7551   2.9801 155.3729   8.45 2453157.50000   58.0959 02:01   5
  47.8929   0.2149   3.7452  77.8586 160.6108 119.6281   8.47 2453157.50000   54.3929 02:01   0
  47.7365   0.1981   5.5890  75.3986  55.9075  96.3303   8.49 2453157.50000   50.5297 02:01   4
  47.6097   0.2835  11.3944  90.8210   1.8483  11.4573   7.90 2453157.50000   34.6277 02:01   0
  47.6492   0.3700   2.3998 158.5952  64.7167 134.2190   8.61 2453157.50000   62.2769 02:01   1
  47.6514   0.2863   2.5554 233.0281 256.8818 294.5954   8.44 2453157.50000   45.6666 02:01   5
  47.7899   0.1705   9.6679   7.3005 323.5310 316.3425   8.52 2453157.50000   42.6926 02:01   3
  47.6499   0.2241   2.4002 100.3892  80.4430   0.9442   8.49 2453157.50000   36.9720 02:01   2
  47.7618   0.2884   3.9772 103.6254 332.8688 127.4592   7.53 2453157.50000   58.0666 02:01   4
  47.6475   0.2655  10.9826 322.5560 264.2842 325.7077   8.47 2453157.50000   38.7123 02:01   1
  47.8155   0.0877   7.3980 211.7591  45.5820  67.5495   7.78 2453157.50000   46.5434 02:01   5
  47.7648   0.0773  15.2160 192.0311 245.8321 317.8044   8.60 2453157.50000   45.1700 02:01   5
  47.9817   0.2928  23.6974 170.4472 170.5290   4.6736   8.61 2453157.50000   34.0274 02:01   5
  47.7686   0.1666  27.4901 338.5092  89.3089 240.4730   7.87 2453157.50000   52.5732 02:01   2
  47.6726   0.2672  13.2637  67.4499 188.3139  48.0483   8.18 2453157.50000   41.5950 02:01   5
  47.6268   0.3183  14.6460  79.1633  12.8082 309.6048   8.62 2453157.50000   41.7544 02:01   5
  47.7426   0.2101  16.2308 122.0697 145.1231 281.1536   7.83 2453157.50000   47.8975 02:01   0
  47.6073   0.2683   1.2114 141.2220 100.4451 119.4911   8.64 2453157.50000   56.0003 02:01   1
  47.6118   0.3107   6.9920 251.6199 303.4595 156.1814   8.08 2453157.50000   61.6600 02:01   1
  47.7267   0.3046  26.4619  15.0476 156.7437 273.6017   7.97 2453157.50000   51.0900 02:01   5
  47.7493   0.2462   2.2796  25.9894 241.3253 105.7099   7.76 2453157.50000   53.2959 02:01   0
  47.5901   0.2045  16.2311 195.5667 236.7863  59.1416   7.67 2453157.50000   44.2877 02:01   2
  47.7078   0.2877   6.4709  88.7005 155.3163 207.5530   8.56 2453157.50000   60.4761 02:01   4
  47.6008   0.1276   6.6564  47.6254   3.2626 250.9874   8.54 2453157.50000   50.2262 02:01   2
  47.9376   0.2201   0.8201  25.5533 192.3572 137.3514   8.42 2453157.50000   56.5443 02:01   1
  47.7393   0.2567  21.2131 175.9911  86.8359  45.4300   8.06 2453157.50000   41.2252 02:01   5
  47.6336   0.2251   8.6402   1.6231 323.2534 281.7902   7.67 2453157.50000   47.8403 02:01   1
  47.5177   0.2627   5.2387 284.4287 273.8646 328.3512   6.94 2453157.50000   38.1894 02:01   1
  47.8789   0.3438   8.9897  14.4068 267.0971 288.0841   8.10 2453157.50000   48.3405 02:01   1
  47.6865   0.1535  12.1751  69.3459   7.7586 199.7645   7.89 2453157.50000   54.6819 02:01   0
  47.7050   0.2415   0.8643 146.5569  74.8523 136.8244   8.15 2453157.50000   57.1190 02:01   1
  47.6287   0.2762   4.2748  71.3712  66.2289  35.0905   8.07 2453157.50000   38.5884 02:01   2
  47.9063   0.3451  16.5567 229.5297 201.2324 263.9878   7.91 2453157.50000   54.6467 02:01   3
  47.6740   0.2232  14.0843 165.7299  61.7766 137.9361   8.43 2453157.50000   56.4160 02:01   1
  47.7704   0.2686  19.9388  86.1519 231.1525  96.5280   7.18 2453157.50000   52.3481 02:01   1
  47.5395   0.3231   6.7987 100.7492 348.5045 214.3137   7.36 2453157.50000   61.3263 02:01   1
  47.7057   0.2119  33.3046 271.0203 278.4261  53.4029   7.84 2453157.50000   43.3298 02:01   4
  47.5289   0.3164  12.8294  84.7940 144.5270 178.7807   7.46 2453157.50000   62.5642 02:01   2
  47.7444   0.2062  17.4470  33.6951 251.0256  10.4891   8.57 2453157.50000   38.1605 02:01   4
  47.5294   0.2967   1.7558 129.9707  20.7203 281.1561   7.81 2453157.50000   48.9450 02:01   5
  47.7532   0.3341  13.9156 150.6930 107.1530 296.8489   8.13 2453157.50000   45.5635 02:01   1
  47.7458   0.3290   9.1484 250.4932 300.7192  78.0592   7.29 2453157.50000   49.5992 02:01   4
  47.9799   0.1291  23.7009 176.0157 191.7665 237.5409   8.12 2453157.50000   51.8147 02:01   1
  47.6523   0.2680   5.0487 284.0921 170.5417 217.6344   7.43 2453157.50000   58.7141 02:01   1
  47.5846   0.1504  10.2831 260.8992  70.7056 326.7522   8.60 2453157.50000   41.9937 02:01   3
  47.7533   0.2104  13.8099 117.2916 172.1831 106.5441   8.62 2453157.50000   52.3561 02:01   1
  47.6711   0.3244   2.8230  86.9158  35.6111 257.8309   8.10 2453157.50000   55.0501 02:01   3
  47.6640   0.1024  15.7605 166.9298 280.2706 125.5013   8.15 2453157.50000   50.8015 02:01   4
  47.7928   0.0770  16.0575 262.8725  21.6741 316.8578   6.97 2453157.50000   45.2508 02:01   2
  47.7596   0.1200  18.3744  19.2454  65.3633 295.5209   8.33 2453157.50000   45.8920 02:01   4
  47.5941   0.2224  14.3596 272.7519 272.9922 275.0726   8.28 2453157.50000   48.9863 02:01   5
  47.5735   0.2044   2.3407  92.6558 278.8801 249.6200   8.58 2453157.50000   52.5044 02:01   1
  47.9865   0.1979   7.3193  80.9065 160.6394 345.0798   8.58 2453157.50000   38.9817 02:01   2
  47.7698   0.3094  13.0178 309.0832  40.9892  67.2378   7.51 2453157.50000   46.4546 02:01   1
  47.7889   0.2726  15.3857  53.0184  41.2001 310.4411   8.27 2453157.50000   41.9846 02:01   5
  47.5715   0.2685  19.6625  25.6169  29.9392 200.9529   8.20 2453157.50000   59.8141 02:01   0
  47.4691   0.2144  22.3047 304.7812  37.6609 299.4133   7.91 2453157.50000   44.3731 02:01   2
  47.6084   0.1984   7.3921 152.1317  64.7880 175.7499   8.44 2453157.50000   57.0354 02:01   2
  47.9092   0.2443   1.9853 191.2743  42.6330 234.8304   7.75 2453157.50000   56.1935 02:01   4
  47.6694   0.1746  10.0025 296.7254 210.6699 243.9007   8.56 2453157.50000   52.3661 02:01   3
  48.0302   0.3241  12.4228  75.3128 272.0619  72.4811   8.14 2453157.50000   48.3142 02:01   1
  47.7603   0.1138   9.5079  38.3630 317.9966 127.9682   8.12 2453157.50000   51.4514 02:01   3
  47.6776   0.1953   3.2773 143.0538 341.5475  26.7184   7.96 2453157.50000   39.8477 02:01   2
  47.6837   0.2250   3.7795 222.5829 209.3419 221.2931   8.52 2453157.50000   56.5722 02:01   1
  47.6466   0.2764  25.9406 132.0833 101.2694 122.1173   8.11 2453157.50000   56.7268 02:01   0
  47.7461   0.2274   0.8183  95.0390 344.3076  34.7955   8.36 2453157.50000   39.9114 02:01   1
  47.6901   0.3153   9.5841  12.2534 327.9383   5.8508   8.47 2453157.50000   32.8207 02:01   5
  47.7652   0.2786  15.6417 100.3309 337.6714 323.8282   7.75 2453157.50000   38.8677 02:01   5
  47.6529   0.1134   3.2940  75.0704 113.0343 142.8880   8.28 2453157.50000   52.1582 02:01   0
  47.5007   0.3239  13.8820 161.1171   6.6159  97.6298   8.13 2453157.50000   53.8849 02:01   5
  47.6953   0.2834   1.9872  25.3421 231.0673 300.1400   8.11 2453157.50000   44.3308 02:01   1
  47.7543   0.2953   8.7321  46.5804 172.2138  35.2654   8.31 2453157.50000   38.2812 02:01   3
  47.5472   0.2464  13.1901 216.3540 125.7963  11.4302   8.11 2453157.50000   36.2353 02:01   5
  47.7598   0.3408  22.3238 256.7505 173.8790  41.6510   8.26 2453157.50000   39.1970 02:01   1
  47.6291   0.1993  22.4969 304.6217  50.1109   5.7841   7.63 2453157.50000   38.2103 02:01   5
  47.7401   0.1559  11.5730  89.8332 326.1412 321.2195   7.05 2453157.50000   42.4882 02:01   4
  47.6891   0.3143   9.4992 186.2420  39.8210 319.8701   7.35 2453157.50000   39.0603 02:01   1
  47.5916   0.2751   2.0793  95.0469 174.1209 227.0046   8.35 2453157.50000   57.9903 02:01   5
  47.7450   0.2789  15.3431 265.2028 352.2428 214.6412   8.09 2453157.50000   59.5762 02:01   4
  47.5597   0.1353  19.7102 353.0903 188.0593 138.7795   7.90 2453157.50000   52.7239 02:01   0
  47.7591   0.3061   8.6194  16.1126  44.9641  37.1755   8.51 2453157.50000   38.5110 02:01   1
  48.0850   0.2705   8.2944 317.3824  14.0053 168.0974   7.74 2453157.50000   60.9178 02:01   4
  47.5085   0.3111   1.3052  62.0513 144.5825 242.8721   8.46 2453157.50000   57.1383 02:01   4
  47.7939   0.2806  16.2805 330.5994  58.4893 264.6757   7.55 2453157.50000   52.4673 02:01   2
  48.0161   0.2678   0.1566 221.1432  62.3947 290.6789   8.33 2453157.50000   46.8048 02:01   1
  47.5958   0.1302   8.9199 192.4445  81.4308 337.7464   7.63 2453157.50000   42.0017 02:01   2
  47.7329   0.2212   5.7665  90.8833 296.2847 300.7058   8.34 2453157.50000   44.3476 02:01   3
  47.6647   0.1477   3.2056  72.9492 118.1435 345.7990   7.58 2453157.50000   40.9169 02:01   1
  47.7839   0.1986   7.7512 247.5052  92.1782  76.4920   8.49 2453157.50000   47.4303 02:01   1
  47.7419   0.2585   3.4404 114.7756 121.3161  56.6382   8.54 2453157.50000   43.6444 02:01   5
  47.4894   0.0949   9.8476 118.7201 276.2259  23.4659   8.16 2453157.50000   43.4337 02:01   0
  47.7438   0.3278   4.5013 284.9324 229.2392  63.2365   6.88 2453157.50000   45.5190 02:01   3
  47.6840   0.2551  20.5690  48.8247 124.3333 162.2876   8.36 2453157.50000   59.4796 02:01   1
  47.8604   0.3047   0.3538  72.0501   8.7089 141.0126   8.28 2453157.50000   60.4651 02:01   5
  47.7658   0.1948   5.4200 241.3224 172.9750 214.3306   8.65 2453157.50000   55.9088 02:01   1
  47.5222   0.0758  14.8783 194.7948 334.8484 170.4810   8.59 2453157.50000   51.0792 02:01   1
  47.9310   0.1825  27.9645 140.2655  16.4499 208.9059   8.35 2453157.50000   55.8848 02:01   2
  47.6976   0.2197  20.4030 168.4457  35.7576 314.1480   8.33 2453157.50000   41.8875 02:01   0
  47.7208   0.3476   7.9747   2.7219 176.9208 262.6921   8.28 2453157.50000   54.8123 02:01   4
  47.6665   0.2450   2.7392  46.1225 151.1073  84.1475   8.58 2453157.50000   49.3012 02:01   5
  47.6225   0.2052   6.6397  47.7900 176.7391 333.3786   7.82 2453157.50000   39.4312 02:01   1
  47.6948   0.3205  18.2207 284.2143 338.0400  48.7856   7.84 2453157.50000   41.3542 02:01   5
  47.7723   0.2551   1.7751  49.4058 120.0471 151.8135   8.04 2453157.50000   59.0242 02:01   0
  47.6776   0.1324  12.8940 181.5467 104.6351 153.7757   8.54 2453157.50000   53.4772 02:01   2
  47.5973   0.2459  11.4492 329.8993   0.5824 358.4033   8.04 2453157.50000   35.9000 02:01   4
  47.7500   0.3111   5.6481 100.4583 213.8302 218.3931   7.80 2453157.50000   60.6662 02:01   5
  47.7993   0.3458  15.5883  91.2062 359.5632 136.6317   8.14 2453157.50000   61.7123 02:01   5
  47.6183   0.2337  16.6882  76.2519   5.8483 207.3498   8.28 2453157.50000   57.9145 02:01   1
  47.7076   0.3809  15.8980 146.2696 339.2934 112.6972   8.30 2453157.50000   59.2754 02:01   5
  47.6931   0.0943  11.8008 329.1026 261.6395 332.3500   8.06 2453157.50000   43.8118 02:01   1
  47.7964   0.2961   4.8191 248.6086 106.4138  56.7641   8.64 2453157.50000   43.6556 02:01   0
  47.7457   0.1598  30.8702 349.3066   0.2425 342.9066   8.13 2453157.50000   40.5896 02:01   4
  47.7388   0.2387   3.1891  91.6825   4.0887 188.2546   8.05 2453157.50000   59.0562 02:01   0
  47.7672   0.2801   3.8074 148.0247  24.0465 169.7118   8.52 2453157.50000   61.0130 02:01   1
  47.6136   0.2934   9.5656   3.9558 197.4728 145.9352   6.12 2453157.50000   60.1123 02:01   1
  47.7269   0.1516  10.9096   4.4243 353.3141 255.6639   8.54 2453157.50000   50.4809 02:01   1
  47.7951   0.2455   3.5766 122.2914 163.3348  20.3169   8.15 2453157.50000   37.3058 02:01   4
  47.9238   0.2745   1.9211 355.2248 350.9644 246.9584   7.45 2453157.50000   55.6176 02:01   1
  48.0768   0.1804   4.6952 163.9782 170.9278 237.4821   7.65 2453157.50000   53.6978 02:01   0
  47.7233   0.2446  20.5535  68.5661 198.2754 112.5022   6.73 2453157.50000   54.2680 02:01   1
  47.5950   0.2394   4.7395 295.4986 108.0351 253.6850   6.59 2453157.50000   53.0120 02:01   2
  47.7541   0.1535  10.7585   4.8539  80.8909 297.1152   6.81 2453157.50000   45.3931 02:01   4
  47.7738   0.3075  17.2806 239.3703 171.2231 327.4432   8.58 2453157.50000   37.3886 02:01   4
  47.6801   0.3363   6.8622 159.4787 151.0830 267.2780   7.55 2453157.50000   53.3582 02:01   1
  47.5659   0.2731  23.8207 112.7760 268.6456 164.9034   6.85 2453157.50000   60.2772 02:01   5
  48.0445   0.2750  13.2173  53.3888 170.8465  41.9246   8.20 2453157.50000   40.4291 02:01   4
  47.7861   0.1078  24.1054 204.7114 119.1318 271.3246   7.91 2453157.50000   48.2202 02:01   1
  47.5554   0.2514  23.3092  98.2159  55.5477  91.6835   8.40 2453157.50000   50.7631 02:01   4
  47.7223   0.2942  15.7141 230.3667  76.1607  23.7009   8.40 2453157.50000   35.9248 02:01   5
  47.6930   0.2787   1.9930 316.2858 116.5681 148.8599   7.44 2453157.50000   59.7853 02:01   5
  47.7611   0.2620   5.0059 145.7215 224.4025 341.3454   8.30 2453157.50000   36.4204 02:01   4
  47.6874   0.2873   1.2372  36.0592 196.6835 126.5870   7.89 2453157.50000   57.8182 02:01   1
  47.8729   0.3165  14.0276 189.3443 315.6821 357.8485   8.41 2453157.50000   32.7424 02:01   1
  48.0370   0.0820   2.6277  90.8452 106.8956 191.2908   7.95 2453157.50000   51.9101 02:01   2
  47.6658   0.2472  22.3637  10.3822 272.9136 284.7238   8.11 2453157.50000   47.5502 02:01   1
  47.5775   0.3051  13.7915 247.2388   6.7778  23.6144   7.69 2453157.50000   35.4299 02:01   4
  47.7157   0.3545  11.9584 350.4907 262.9574 128.2026   7.76 2453157.50000   60.8613 02:01   1
  47.6080   0.2272   1.9651  84.9410 298.8070 222.6584   8.59 2453157.50000   56.4516 02:01   0
  47.6050   0.2754   2.7440 227.4882   0.4874 322.7769   7.64 2453157.50000   39.0316 02:01   1
  47.5926   0.2885   3.3326 150.0345 348.6081  93.5683   8.50 2453157.50000   52.1047 02:01   4
  47.7333   0.2571  33.7488 152.5544 159.7053 107.2292   8.36 2453157.50000   53.8668 02:01   1
  47.8674   0.2011   7.2709  31.1021 339.4310 316.9926   7.90 2453157.50000   41.9530 02:01   3
  47.5732   0.3004  14.5607 128.2150 162.0384 224.3115   7.90 2453157.50000   59.3434 02:01   5
  47.7923   0.2921  10.2186 352.8647  46.9191  19.9063   8.43 2453157.50000   35.4304 02:01   0
  47.7366   0.2003  13.6484 318.4501 214.2870 204.0278   8.31 2453157.50000   56.7149 02:01   2
  47.7509   0.3059  11.8913 179.3546  98.1516  11.8105   8.40 2453157.50000   33.7774 02:01   4
  47.7503   0.0985   1.3583  81.5094  33.0566  39.4213   7.62 2453157.50000   44.3275 02:01   2
  47.6035   0.1438   1.7374 318.8225 127.1543 262.4138   7.19 2453157.50000   49.4349 02:01   3
  47.6578   0.1964   3.6815 283.5236 159.6429 314.5295   8.47 2453157.50000   42.2414 02:01   5
  47.8004   0.1866   3.9097 104.8067 202.1513  82.9859   8.50 2453157.50000   48.3691 02:01   0
  47.6271   0.2565  22.4258  57.5033 151.2098 254.4785   7.83 2453157.50000   53.4466 02:01   5
  47.5624   0.2149  10.2390 265.5853  98.9062 240.6121   7.75 2453157.50000   53.9894 02:01   1
  47.7596   0.1525  18.6026 196.3295 207.4399 134.3071   7.53 2453157.50000   53.3330 02:01   4
  47.7027   0.2587  16.0912 269.4912  98.5470 348.0903   7.88 2453157.50000   35.8403 02:01   4
  47.5933   0.3225   1.6843 154.7371 156.0878  83.5816   7.63 2453157.50000   50.6998 02:01   0
  47.7182   0.2242  10.5466 345.9360 285.0157 329.6542   8.61 2453157.50000   39.3238 02:01   2
  47.6605   0.2851  23.2645 154.7051 297.3399 192.3301   6.80 2453157.50000   61.0601 02:01   0
  47.6048   0.2764   7.9860 336.9555   5.7288 164.6529   7.81 2453157.50000   60.4753 02:01   4
  47.7272   0.2834   1.7179 320.4577 134.5383 122.7727   6.22 2453157.50000   57.1866 02:01   4
  47.5748   0.1899  19.4251 266.2244 221.6932 249.5508   8.52 2453157.50000   52.0773 02:01   3
  47.7128   0.2196  11.0647  50.6891 172.4220 173.7719   8.07 2453157.50000   58.1478 02:01   2
  47.6637   0.3102   9.6572 275.2255  30.3624  17.9892   8.59 2453157.50000   34.3408 02:01   4
  47.7432   0.2096   3.9172 173.4859 280.9788  15.6098   8.51 2453157.50000   38.3202 02:01   1
  47.7892   0.2692   2.5672 216.9350 171.9793  53.8137   8.62 2453157.50000   42.9965 02:01   1
  47.5261   0.3252   2.1537 174.5471 290.4704 359.7815   8.54 2453157.50000   32.0687 02:01   0
  47.8681   0.2551  10.1661 110.9438 238.6107 263.2606   8.29 2453157.50000   52.1313 02:01   1
  47.5001   0.2166   5.3171 247.8560 349.9294 155.6821   7.57 2453157.50000   57.1623 02:01   2
  47.5981   0.1128  12.3996 186.3903  81.8157 337.0360   8.60 2453157.50000   42.7635 02:01   2
  47.6763   0.2958   2.8572 324.3689 125.1620 199.0615   8.23 2453157.50000   61.3123 02:01   1
  47.7947   0.2390  21.3150  27.3171 235.2400   4.4086   8.61 2453157.50000   36.4311 02:01   3
  47.7581   0.2619   5.6170 262.2506 105.7680  64.1991   8.62 2453157.50000   45.3554 02:01   1
  48.0459   0.2248   9.6183 350.9308 313.2203 193.6257   8.34 2453157.50000   58.6441 02:01   4
  47.9025   0.2747   7.2389 315.6558 160.1479 183.0584   6.31 2453157.50000   61.0476 02:01   1
  47.6459   0.3243   6.4997 141.2911 148.2167 324.1765   6.56 2453157.50000   37.7295 02:01   2
  47.5286   0.3128  12.4306 260.2952 357.4900 304.1630   8.44 2453157.50000   43.1755 02:01   1
  48.0983   0.1521  17.1276 175.3335  49.6918  58.5669   8.01 2453157.50000   45.1889 02:01   4
  47.7513   0.2877  16.4926  69.3750 113.1890 258.9762   8.13 2453157.50000   53.7440 02:01   4
  47.5767   0.2352  25.9485  55.2624 120.2462 344.9478   7.24 2453157.50000   37.0348 02:01   1
  47.7375   0.2676   4.7489  72.9953  77.3211 174.7610   8.20 2453157.50000   60.4801 02:01   1
  47.7222   0.3248   2.6994  86.2245 353.7500 276.6336   7.92 2453157.50000   50.8376 02:01   3
  47.7349   0.2165  22.6274  24.6463  79.0193 114.1265   6.46 2453157.50000   53.5669 02:01   4
  47.7612   0.1934  12.9671  12.3109  86.7572 249.3454   8.30 2453157.50000   52.4128 02:01   3
  47.7058   0.1778   4.2535  99.9974 215.3746 126.2242   8.55 2453157.50000   53.5558 02:01   2
  47.6568   0.3396   3.3311 196.3791 336.7577 100.3242   8.22 2453157.50000   55.1479 02:01   5
  48.0333   0.3154  17.4101 143.7518 279.1089 277.6046   8.56 2453157.50000   50.7121 02:01   3
  47.9305   0.1617   3.1924 134.2824 281.2755  68.7907   8.34 2453157.50000   46.2989 02:01   2
  47.7536   0.2543  15.6677 101.3601  58.4296 266.8666   7.19 2453157.50000   51.3163 02:01   4
  47.7089   0.2194   0.5373 305.2620 224.1063 158.6941   7.90 2453157.50000   57.6910 02:01   1
  47.7984   0.2546   3.9517  93.1604   3.1277 116.7029   8.04 2453157.50000   55.3197 02:01   4
  47.6472   0.1920   1.8191 160.4050 340.9918 283.6781   8.41 2453157.50000   47.2176 02:01   5
  47.7720   0.3215   1.9853 179.8670  58.5004 137.4273   8.44 2453157.50000   60.7060 02:01   1
  47.7100   0.2163  17.1478 112.7202 228.8266  84.5608   8.12 2453157.50000   48.9433 02:01   1
  48.0105   0.2015  21.4905  31.8052  31.8816 287.5955   8.46 2453157.50000   46.9798 02:01   3
  47.8294   0.1185  20.8552 186.2832 218.7720 220.4793   8.41 2453157.50000   52.3905 02:01   1
  47.6370   0.2805  17.4041  56.6820 134.5867 334.1868   7.34 2453157.50000   36.6971 02:01   1
  47.7264   0.3440  15.1068   6.2021 263.6662 315.7952   8.36 2453157.50000   39.9000 02:01   2
  47.7205   0.0826  12.7586  70.1227 356.9099 200.3655   8.47 2453157.50000   51.4515 02:01   0
  48.0536   0.3345   8.1317 352.5593 135.2288 107.9838   7.71 2453157.50000   57.0180 02:01   4
  47.7448   0.2535   6.8978 118.6015 106.7981 316.6072   8.66 2453157.50000   40.8617 02:01   1
  47.7658   0.1267   3.0503  60.9080 113.4414 143.0096   8.58 2453157.50000   52.8409 02:01   0
  47.9028   0.1174  12.1425 352.6633 281.4492 359.1879   7.86 2453157.50000   42.2817 02:01   3
  47.7962   0.1843  11.7543 166.9891  97.6789  23.3369   8.18 2453157.50000   40.0421 02:01   4
  47.6710   0.2532  10.2500  48.3165  21.3958 262.9694   8.16 2453157.50000   51.9189 02:01   3
  47.6237   0.3123  12.3037  21.6934 259.3058  34.7599   8.44 2453157.50000   37.6861 02:01   5
  47.6814   0.3106   9.0535 188.5178   0.1799  80.8200   8.06 2453157.50000   49.8505 02:01   5
  47.7853   0.2604   1.9918 101.5628 140.8058 324.4281   7.10 2453157.50000   39.1989 02:01   1
  47.7755   0.2419  16.8307  90.1898 350.9568 311.7362   7.98 2453157.50000   42.0504 02:01   4
  47.8337   0.2982   9.8313 323.8545 196.1085  61.1532   7.11 2453157.50000   44.8333 02:01   3
  47.6182   0.3058  12.4491 164.0056  84.2335  11.5385   7.60 2453157.50000   33.6556 02:01   3
  47.8442   0.2334  12.9337 313.0526 228.7334 340.0141   6.36 2453157.50000   37.7926 02:01   1
  47.6884   0.2424  11.4880 323.7720 113.6663 221.2570   7.68 2453157.50000   57.3192 02:01   1
  47.7010   0.2557  23.1055 155.3490 299.2158  24.7130   8.58 2453157.50000   37.4249 02:01   1
  47.4993   0.2413  12.4590  86.1777  37.4016  14.3025   7.90 2453157.50000   36.6464 02:01   1
  47.7225   0.2058   2.5506  79.4255 325.9974 133.9269   8.38 2453157.50000   55.3869 02:01   4
  47.6555   0.2293  11.3166 262.7050  79.1246 176.1032   8.56 2453157.50000   58.5668 02:01   4
  47.7768   0.1111  19.2833  72.3413  91.6668  48.2867   8.04 2453157.50000   44.6109 02:01   3
  47.7672   0.2509  16.9954 219.7573 214.7793 139.7359   7.33 2453157.50000   57.8713 02:01   5
  47.7035   0.2213   1.3820 206.2240  38.9304 101.9675   8.42 2453157.50000   51.9283 02:01   0
  47.9161   0.1181  12.9701 230.0373 232.7319 208.4781   7.11 2453157.50000   53.0220 02:01   1
  47.7211   0.1278  18.1990 217.3444  74.5781  24.9624   8.49 2453157.50000   42.3577 02:01   4
  47.6693   0.2330   3.4775 141.5870  30.1616 278.9884   8.02 2453157.50000   48.5061 02:01   5
  47.6878   0.3057   9.5223 243.3195 163.8902 112.7149   8.56 2453157.50000   56.4084 02:01   3
  47.8415   0.3013  11.7439 130.9055 140.0989 290.8330   7.36 2453157.50000   46.9356 02:01   1
  47.7701   0.1886   1.2651  22.1056 315.3607  77.7624   8.13 2453157.50000   47.5446 02:01   1
  47.9382   0.2529  13.5966 263.4033 344.5039 302.4776   8.51 2453157.50000   44.0396 02:01   1
  47.7811   0.3012  20.5455  49.5497 305.1750  63.8269   7.43 2453157.50000   45.4967 02:01   1
  47.8637   0.2477   5.7505 101.2885 211.6897  84.2656   7.86 2453157.50000   49.5771 02:01   1
  47.9223   0.1813  15.1889 119.7843 158.2295 347.0065   8.47 2453157.50000   39.5653 02:01   3
  47.7957   0.2331   7.7912 188.1812  77.5245  43.3674   7.80 2453157.50000   41.2786 02:01   5
  47.6342   0.2382   1.6506  30.6801 246.0552 285.3275   7.98 2453157.50000   47.3005 02:01   1
  47.9217   0.2748   2.3816  38.1332 141.1275  31.5833   8.53 2453157.50000   38.1588 02:01   3
  47.6687   0.0854   2.6696 234.1230 254.4747  45.9072   7.82 2453157.50000   45.0313 02:01   2
  47.9743   0.2755  21.2965  77.7300 307.6606 342.3806   7.19 2453157.50000   35.9059 02:01   5
  47.7579   0.3228  16.9431 104.3628 323.0039 142.8257   8.36 2453157.50000   61.3231 02:01   5
  47.9097   0.2948  19.4329 231.4334 197.1597  31.9079   7.17 2453157.50000   37.6730 02:01   1
  47.6948   0.1973  10.4030  17.6046 339.3508  72.9004   8.19 2453157.50000   46.7349 02:01   1
  47.7283   0.1318  13.8828 163.8962  50.7957 202.7921   8.12 2453157.50000   53.6347 02:01   3
  47.7382   0.2274   7.9324 195.5341 135.0791  77.2510   8.52 2453157.50000   47.7913 02:01   1
  47.6544   0.3160  10.2594 219.7402 227.1838  21.2772   8.14 2453157.50000   34.6737 02:01   1
  47.6762   0.0790  17.9948 200.4455 299.7297 180.8147   8.39 2453157.50000   51.4435 02:01   1
  47.6139   0.2435   5.3665 204.8443 185.4557 269.1862   8.49 2453157.50000   50.4838 02:01   2
  47.6339   0.1721   6.7374  16.0287 299.2159  82.4543   8.48 2453157.50000   47.9642 02:01   1
  47.6064   0.2803  11.2662 126.3557 300.2918  37.0277   8.60 2453157.50000   38.8845 02:01   1
  47.9848   0.2457   8.6404  80.8309 161.3073 303.0191   8.31 2453157.50000   43.9967 02:01   1
  47.6254   0.1794  22.9522 307.8482 271.7959 254.7078   8.05 2453157.50000   51.1870 02:01   5
  47.7956   0.3105   7.5840   6.4887 105.7300 185.0166   8.12 2453157.50000   62.6020 02:01   1
  47.4653   0.2572   3.0957 133.6782   1.2112 100.0288   8.14 2453157.50000   52.3403 02:01   4
  47.7082   0.2430   8.3204 209.3688 311.0750 280.8581   7.53 2453157.50000   48.3236 02:01   5
  47.6386   0.2409   4.0733  62.0043  20.2877 273.2963   7.80 2453157.50000   49.6880 02:01   3
  47.9975   0.2800   3.4563  87.2385 351.7301 138.5095   8.09 2453157.50000   59.2922 02:01   5
  47.6475   0.2362  10.5965 294.1775 337.0679 101.4000   7.27 2453157.50000   52.1854 02:01   0
  47.7907   0.2186   8.7778 309.5826 154.4095  53.3193   8.38 2453157.50000   43.3155 02:01   2
  47.7460   0.1555   4.6986  63.3656 347.9332  91.0791   8.61 2453157.50000   49.0177 02:01   2
  47.8099   0.2691  16.8596 301.9840  49.4586 243.7763   8.31 2453157.50000   55.7880 02:01   0
  47.7188   0.1792  23.2031 354.6391 111.1804 114.0527   8.25 2453157.50000   52.3364 02:01   4
  47.7359   0.1759   0.3047 292.4885  50.5997 285.6111   8.62 2453157.50000   46.9192 02:01   2
  47.7718   0.0834  17.6877 220.9625 132.8163 349.6658   7.69 2453157.50000   43.8630 02:01   4
  47.7899   0.2258   7.9496 198.1895 154.9599 258.9175   8.52 2453157.50000   52.0062 02:01   1
  47.7526   0.1725  10.1772 323.0615 316.1472   0.3438   7.64 2453157.50000   39.5165 02:01   3
  47.6203   0.2742   4.1721 110.2630  16.1347 248.7323   8.43 2453157.50000   54.9700 02:01   3
  47.8963   0.1837   6.0286  85.0538 297.0277 285.2672   8.32 2453157.50000   47.1634 02:01   2
  47.5280   0.2912  15.5238  91.3149 199.3635 337.6690   8.38 2453157.50000   35.6526 02:01   3
  47.7211   0.2423   1.2968 335.1448 303.0777 282.0184   8.58 2453157.50000   48.0954 02:01   1
  47.6410   0.3085   3.8337 102.9543  68.8583 346.0569   8.48 2453157.50000   33.8290 02:01   1
  47.5873   0.1768  15.3449 205.4384 202.7654 119.2966   7.84 2453157.50000   52.6900 02:01   3
  47.7130   0.2931  15.6166 186.3752 337.1842 341.6861   8.26 2453157.50000   35.0986 02:01   1
  47.7987   0.3400  23.0636  53.2447 149.9836 331.0463   8.50 2453157.50000   35.7194 02:01   1
  47.6457   0.3030   5.1566  61.5933 335.0534 346.0451   8.02 2453157.50000   34.0684 02:01   5
  47.6383   0.2220   2.0913 104.9707 282.3722 226.8841   8.44 2453157.50000   55.8696 02:01   1
  48.0674   0.3287  16.7614  94.0199 118.4672  71.5930   7.85 2453157.50000   48.1847 02:01   5
  47.7897   0.0874  16.5500  65.7298 254.5994 258.0215   7.54 2453157.50000   48.9947 02:01   0
  47.7336   0.3494   4.2017  64.0675 199.7518 116.4644   8.58 2453157.50000   58.7773 02:01   1
  47.6655   0.3444  17.8389 145.4851 276.1025 247.5854   8.59 2453157.50000   57.7673 02:01   2
  47.6562   0.1570   2.7424 107.9580 202.3331 318.2250   6.97 2453157.50000   42.6992 02:01   2
  47.9568   0.1306   1.5126  15.8128  10.3084  57.8059   8.31 2453157.50000   45.2666 02:01   1
  47.6871   0.1236  12.2842 108.8911  19.5157  36.8928   8.00 2453157.50000   43.2801 02:01   2
  47.9841   0.2602  14.7361 347.8897 129.4698 294.7657   8.62 2453157.50000   45.7973 02:01   4
  47.7495   0.3530   7.6109 239.2220 264.1911 356.2961   8.38 2453157.50000   30.9757 02:01   1
  47.6748   0.3717   1.9750  75.2976 264.2975 185.0254   7.04 2453157.50000   65.3611 02:01   5
  47.8136   0.2836   4.8218 100.8070 127.9996 134.6889   7.93 2453157.50000   58.8115 02:01   1
  47.7940   0.2444   4.2137 214.5792 150.8244  62.1242   8.29 2453157.50000   44.9074 02:01   1
  48.0582   0.2654  29.1450  77.6765 318.2995  56.9075   8.41 2453157.50000   43.9714 02:01   1
  48.0399   0.2434   3.1101 176.1661 233.3118 333.1928   7.55 2453157.50000   38.4350 02:01   5
  47.7741   0.3092   1.9860  21.2552  37.2532 133.9608   8.60 2453157.50000   59.7717 02:01   4
  48.0885   0.2217  15.7529 194.2089  12.4125 147.1937   8.22 2453157.50000   57.5834 02:01   1
  47.5697   0.2059  20.9879 348.1264 253.1144 135.8342   6.78 2453157.50000   55.3878 02:01   1
  47.5426   0.0736  22.7004 176.9869 270.0770  89.6853   8.42 2453157.50000   47.7801 02:01   3
  47.7418   0.2445  17.9182 228.7637 323.4736 359.6694   7.09 2453157.50000   36.0709 02:01   2
  47.5906   0.2837   3.9750 103.6261  98.4407  67.5865   7.52 2453157.50000   46.1199 02:01   4
  47.6378   0.2986   4.2439 291.0987 338.9311 207.7025   8.27 2453157.50000   60.8772 02:01   4
  47.7883   0.3080   5.0893 313.9387  78.6102  53.0139   7.94 2453157.50000   42.6453 02:01   1
  47.7909   0.2925  13.7143 333.7913 290.2327 292.4203   8.34 2453157.50000   46.3918 02:01   1
  47.5417   0.2689   2.8448  61.3831 121.3391 334.8528   8.07 2453157.50000   36.9055 02:01   1
  47.7692   0.2453   1.2864  60.0789  34.6930 128.2274   8.11 2453157.50000   56.4339 02:01   5
  47.6679   0.1222   9.4392 101.3341   7.6979 237.2673   8.43 2453157.50000   51.2733 02:01   2
  48.0504   0.2316   0.3922 313.7582 359.5423 168.2776   8.63 2453157.50000   59.0263 02:01   3
  47.5664   0.2163   1.2432 118.3116 233.7213 245.2766   8.13 2453157.50000   53.4504 02:01   1
  47.7595   0.2357  14.4284 342.6141 224.6752 161.3215   7.85 2453157.50000   58.6239 02:01   1
  47.5807   0.2987   2.9028  23.2996 117.9542  96.3994   8.25 2453157.50000   52.9595 02:01   4
  47.7744   0.1881  15.7204 172.5956  93.3642 205.3645   7.35 2453157.50000   56.1411 02:01   4
  47.7468   0.2700   8.6116 344.5127 228.8803 150.4644   7.78 2453157.50000   59.5765 02:01   1
  47.7911   0.2512  11.4739 133.7650 359.2054 125.0752   7.71 2453157.50000   56.3111 02:01   5
  48.0280   0.1472   5.7236  48.8338 186.7774  27.9262   7.94 2453157.50000   42.0637 02:01   4
  48.0859   0.2393   8.1583 336.6113  82.2974 104.2266   8.47 2453157.50000   53.2202 02:01   3
  47.7664   0.3226  16.5730  22.1217  90.0198 301.2533   8.42 2453157.50000   44.2314 02:01   5
  47.5785   0.2648  15.3734 282.3009  52.4402   6.4269   7.19 2453157.50000   35.1252 02:01   4
  47.6155   0.1136   4.9408  35.1721  21.3281 235.0617   8.37 2453157.50000   51.0858 02:01   1
  47.6291   0.1947   6.6632 299.1118 258.9692 266.4629   8.63 2453157.50000   49.9270 02:01   5
  47.8994   0.2450   7.3911 141.8946 223.3017  66.0110   7.24 2453157.50000   45.8270 02:01   1
  47.7108   0.2666  11.4055 179.6971 230.5155  34.7904   8.53 2453157.50000   38.8317 02:01   1
  48.0516   0.1692  20.4940  74.8059 243.3583 340.2268   8.47 2453157.50000   40.6058 02:01   3
  48.0404   0.1087  15.5346  53.9929 187.3753  69.9443   8.39 2453157.50000   46.7756 02:01   5
  47.5521   0.2290  12.0435 327.6739 334.5300 188.7295   8.49 2453157.50000   58.3555 02:01   4
  47.6624   0.2079   8.8414  18.0882 140.0424 187.7635   8.23 2453157.50000   57.5096 02:01   1
  47.7192   0.2230  11.4820 111.8979 223.3119 182.1192   6.86 2453157.50000   58.3564 02:01   4
  47.7369   0.2413  12.6485 165.5752 136.0786 152.4633   8.54 2453157.50000   58.3930 02:01   3
  47.6250   0.2382   5.2993 337.9432 125.1856 289.3198   8.52 2453157.50000   46.4903 02:01   4
  47.6888   0.2547   5.3968 310.3365 254.5324 355.1640   6.44 2453157.50000   35.6205 02:01   2
  47.6543   0.2490  16.3959 346.7747 110.8164  48.2526   8.22 2453157.50000   41.8455 02:01   2
  47.7666   0.1781   1.8767  41.2799  75.5126 105.3532   7.46 2453157.50000   51.3111 02:01   4
  47.6811   0.1876   3.3945 244.6334 168.7156 273.4469   8.54 2453157.50000   48.8043 02:01   3
  47.6706   0.0928  12.8226 174.6205 181.6240 282.7272   8.08 2453157.50000   47.0966 02:01   2
  47.5181   0.1062   0.6101 268.2211 125.1786  38.9867   8.61 2453157.50000   43.8361 02:01   0
  48.0236   0.2304   8.8488  49.2281  71.3246 293.8762   8.03 2453157.50000   45.9288 02:01   4
  47.7316   0.1283   2.7197  47.2328 196.5664 358.0934   8.52 2453157.50000   41.6116 02:01   3
  47.6720   0.1018   7.4852  18.9395 328.9585 171.2290   7.84 2453157.50000   52.4777 02:01   4
  47.7399   0.2012  19.5739 267.5884  33.8512 287.9425   8.09 2453157.50000   46.6545 02:01   1
  47.5754   0.3149   3.2918  76.0775 264.4951 252.6702   8.48 2453157.50000   55.6346 02:01   1
  47.6365   0.1781   9.1208 167.5008 115.1026 140.4109   8.63 2453157.50000   54.6786 02:01   2
  47.7021   0.3157   2.1825  95.0434  34.3577 105.4233   6.89 2453157.50000   55.4456 02:01   4
  47.5703   0.3222  22.9475 298.4576 139.8043  30.8181   8.17 2453157.50000   36.4588 02:01   1
  47.6927   0.4058  17.1521 320.9541 158.6436 179.2106   8.50 2453157.50000   67.0463 02:01   0
  47.7550   0.3142  22.6560  67.8879 321.8809 239.6700   7.91 2453157.50000   58.0649 02:01   1
  47.9990   0.2318  15.4717 133.5812 127.7130  24.2818   8.27 2453157.50000   38.4786 02:01   4
  47.4725   0.2670   2.1897 192.3045  13.5828 153.9843   7.62 2453157.50000   59.3359 02:01   1
  47.6328   0.2672   2.3635 249.2005 190.5939 120.1960   8.34 2453157.50000   56.0893 02:01   4
  47.6341   0.3443  16.8129 285.5915 171.5022 292.4269   8.64 2453157.50000   46.8554 02:01   4
  47.6354   0.0787   4.2808  12.4052  12.1456 161.0897   8.31 2453157.50000   51.2119 02:01   4
  47.5820   0.2221   8.7722 261.9007 262.1793  89.3621   6.63 2453157.50000   49.7467 02:01   4
  47.6378   0.2034   3.3274 125.8979 129.9864 115.9632   7.39 2453157.50000   53.2569 02:01   1
  47.8420   0.2108   5.1097  42.3836 113.3074 180.3388   8.00 2453157.50000   57.9260 02:01   1
  47.6819   0.2481   3.1652 106.9192 335.4256  15.3759   7.12 2453157.50000   36.5862 02:01   0
  47.6792   0.2930  18.0309 203.3820  63.7709 294.9253   8.62 2453157.50000   45.6594 02:01   1
  47.8325   0.2607  20.1196  68.6427  76.6210 356.1495   7.63 2453157.50000   35.4126 02:01   1
  47.5995   0.1283  16.1643  50.4147 301.6559 113.8093   7.51 2453157.50000   50.6672 02:01   2
  47.7055   0.2861   3.2079  90.1807 285.9699 217.4322   7.58 2453157.50000   59.5961 02:01   0
  47.6078   0.2303  21.3462  25.0314 178.0844 274.2126   8.41 2453157.50000   49.2907 02:01   5
  47.5773   0.2966  11.0143 143.1021 311.4651 141.4754   7.46 2453157.50000   59.7961 02:01   5
  47.7711   0.1341   2.1991  94.4598  84.7580 324.5773   8.09 2453157.50000   42.8915 02:01   0
  47.6693   0.1277  21.2654 249.5581  24.0252 214.1329   8.63 2453157.50000   52.9194 02:01   4
  47.7805   0.1080  10.9697  28.1849  46.4040 335.0718   8.62 2453157.50000   43.2158 02:01   5
  47.6576   0.2770   7.3785 264.8044 183.4296 207.2135   8.26 2453157.50000   59.9473 02:01   1
  47.6060   0.3219  22.2269 230.1373 205.0273  72.9797   6.31 2453157.50000   47.9846 02:01   2
  47.6022   0.1776  18.3458 187.8170 347.7597 199.9787   7.65 2453157.50000   55.6887 02:01   2
  47.7976   0.2046  12.8266 188.2230   8.9217 168.5113   6.98 2453157.50000   57.4397 02:01   1
  47.6953   0.0976  14.0487 176.7140 343.3697 199.9636   8.15 2453157.50000   52.1149 02:01   2
  47.7740   0.2769  19.1836 343.1581 302.4226 193.9422   8.65 2453157.50000   60.7628 02:01   4
  47.9665   0.1879  13.8135  82.3684  57.1164 215.0981   7.42 2453157.50000   55.7917 02:01   2
  47.5573   0.3612   9.8673 248.1737 149.0201 338.2814   8.47 2453157.50000   33.1479 02:01   5
  47.7694   0.1493  22.1544 220.9040 158.1954 171.9486   8.60 2453157.50000   54.8500 02:01   5
  47.6706   0.3900   6.1648  51.1587 193.7949 221.6822   7.57 2453157.50000   63.7106 02:01   4
  47.9304   0.2641  10.8851 108.2217  50.7170  64.9290   8.41 2453157.50000   45.6935 02:01   3
  47.6345   0.2618   2.3714 159.8230 294.6880  26.6651   8.05 2453157.50000   37.4626 02:01   1
  47.5760   0.2386   4.2727  13.6307  25.9643 124.4607   8.61 2453157.50000   55.4958 02:01   3
  47.7788   0.1860   3.1671 138.3052 331.3507 292.1710   7.98 2453157.50000   45.9710 02:01   4
  47.7711   0.2635   4.9650 194.8738 349.2416 139.3879   7.78 2453157.50000   58.3854 02:01   0
  47.7776   0.3009   2.5698 156.0239 352.4830  92.0302   8.38 2453157.50000   52.3137 02:01   4
  47.7966   0.2272   1.0838 129.6755 154.4207  95.1111   8.27 2453157.50000   51.0673 02:01   0
  47.6985   0.2570  20.5672  35.2920 347.9475 334.2496   8.19 2453157.50000   37.5336 02:01   4
  47.6720   0.2818   8.6952 131.8782  26.6636 261.7986   7.61 2453157.50000   52.9331 02:01   4
  47.7295   0.3491  11.4076 286.8275  10.9118  26.0759   8.33 2453157.50000   34.6970 02:01   5
  47.5064   0.1854  14.2796 125.1296 157.6594 151.4334   8.21 2453157.50000   55.5413 02:01   2
  47.8843   0.2890   3.1127 259.2252 177.6164 214.0879   6.83 2453157.50000   60.2502 02:01   1
  47.7817   0.2719   4.1563  44.8681  67.9935 293.5863   8.51 2453157.50000   45.9361 02:01   4
  47.7410   0.2733   3.6321 104.9550 284.6075 235.9764   7.29 2453157.50000   56.9797 02:01   1
  47.7215   0.1305   5.4518 119.8268  65.3092 173.8399   7.58 2453157.50000   53.9209 02:01   1
  47.7586   0.3041  27.0570  84.5717  62.4386 359.3235   7.89 2453157.50000   33.2388 02:01   1
  47.7560   0.3119  11.8076 339.2260 195.4838  84.1520   8.06 2453157.50000   50.7653 02:01   4
  47.7048   0.3182   9.5118 354.9494  83.9465 107.1705   7.86 2453157.50000   55.8703 02:01   4
  47.6926   0.1678  20.2232 317.3304 227.5881  32.2112   7.41 2453157.50000   41.4006 02:01   3
  47.7902   0.2473  11.8126 193.7980 279.2931  26.0235   8.59 2453157.50000   37.9859 02:01   1
  47.8990   0.2800  13.3198 185.8722  68.8632  33.2933   7.80 2453157.50000   38.3417 02:01   4
  48.0848   0.3603  14.7900 326.9805  25.8467  75.0674   8.57 2453157.50000   49.7797 02:01   1
  47.7202   0.2532  17.1096  72.3617 162.5322 186.8070   7.20 2453157.50000   59.7473 02:01   3
  48.0726   0.3954   7.9390 195.9758  33.3747 134.2723   8.00 2453157.50000   63.9612 02:01   1
  47.7520   0.2819  16.4657 224.2590  71.8055 187.0370   7.42 2453157.50000   61.1515 02:01   4
  47.6549   0.2114  10.7005 183.7974  48.8896  12.2037   8.36 2453157.50000   37.9416 02:01   3
  47.9305   0.0800  13.0330 355.6728 248.2811 252.1930   8.26 2453157.50000   49.3713 02:01   5
  47.7818   0.2584  14.7080  24.3518 302.6827  88.0995   8.34 2453157.50000   50.4643 02:01   1
  47.7154   0.3438  22.3422  77.5004 293.1505 346.3905   8.51 2453157.50000   32.3509 02:01   4
  47.9847   0.2924   3.6914 330.7600 204.3025  98.9376   8.22 2453157.50000   53.7403 02:01   5
  47.7759   0.2565  12.3768 358.0261 325.5986  73.8114   8.06 2453157.50000   47.4559 02:01   0
  47.7857   0.3274  11.7610 317.5914 354.4808 208.7231   8.32 2453157.50000   62.3163 02:01   5
  47.6587   0.2655  10.3831 221.1483 267.9759 102.5169   8.09 2453157.50000   53.2395 02:01   4
  47.6981   0.2918   1.0207  70.5895 181.5324 136.4536   8.43 2453157.50000   59.2159 02:01   1
  47.7773   0.2006   9.8523 111.7554 212.5768 126.2256   7.53 2453157.50000   54.4856 02:01   2
  47.6123   0.2269   4.7391 104.4616  42.8562  95.6246   8.30 2453157.50000   50.9491 02:01   4
  47.7504   0.2472  14.0391 256.4199 209.0622  11.1655   7.50 2453157.50000   36.3364 02:01   1
  47.5814   0.2038   3.0699  42.4309 323.6312 284.5024   7.96 2453157.50000   47.1006 02:01   2
  47.8734   0.2724   6.6434 317.5002  73.1192 257.4821   8.62 2453157.50000   53.6883 02:01   2
  47.7649   0.2604   7.7426  89.2176 176.2540 218.5069   8.35 2453157.50000   58.4443 02:01   4
  47.6695   0.2284   2.4398   6.3138 318.5667 101.0245   8.57 2453157.50000   51.9338 02:01   1
  47.7637   0.2814   4.6013 132.8720  88.0472 306.5323   7.18 2453157.50000   42.8302 02:01   0
  47.5956   0.2222   5.6787 132.7548  28.4295 171.2697   7.25 2453157.50000   58.0884 02:01   1
  47.7843   0.1208   3.0996 157.9270 246.0840 238.8889   7.02 2453157.50000   51.2295 02:01   1
  47.7005   0.2836  14.6495 183.1002  77.2267  14.8083   6.32 2453157.50000   35.0312 02:01   3
  47.7016   0.2000   9.6361 301.6513 286.2819 210.4732   8.51 2453157.50000   56.3102 02:01   3
  47.6388   0.1996  11.3405  68.9511 215.8310 291.7240   7.06 2453157.50000   45.9095 02:01   1
  47.7832   0.0732  12.3931 312.3806 348.7906 320.7965   6.47 2453157.50000   45.1853 02:01   2
  47.7781   0.2926  10.0869  20.7733 131.1036  92.7991   8.64 2453157.50000   52.2568 02:01   4
  47.6724   0.2254   0.7639  39.7900 152.0255 323.0073   8.20 2453157.50000   40.2529 02:01   0
  47.9778   0.0982   1.5411  60.0723 269.3740 129.3365   8.57 2453157.50000   51.2169 02:01   2
  47.8795   0.1003   4.1891  30.4537  90.9821 177.9384   8.41 2453157.50000   52.6800 02:01   0
  47.7154   0.2340  14.6040 124.0887   4.3034   3.4773   7.85 2453157.50000   36.5868 02:01   1
  47.6451   0.2792  11.4511 177.1315 183.1155  62.9607   8.13 2453157.50000   45.0257 02:01   1
  48.0159   0.3266   9.3140  44.8675  91.0451 110.0379   7.66 2453157.50000   57.0781 02:01   5
  47.7613   0.3235  11.0437 272.9325 324.8288  66.3758   8.15 2453157.50000   46.3710 02:01   5
  47.6503   0.2142  23.8920 349.9172 117.8113 184.2351   8.34 2453157.50000   57.8368 02:01   0
  47.9495   0.3317   9.5131 165.8110 143.7063 188.2646   8.49 2453157.50000   63.7611 02:01   4
  47.7375   0.1930   0.9649 288.8914 254.2972  68.9469   8.37 2453157.50000   46.1109 02:01   4
  47.7978   0.1995   4.3393  53.1373  48.8196 111.6853   8.36 2453157.50000   52.7710 02:01   4
  47.5813   0.2630  11.5341 100.2942 124.9483  57.9385   7.93 2453157.50000   43.7752 02:01   4
  47.7156   0.2030  18.9683 251.1140 114.9289 315.7267   8.49 2453157.50000   41.9734 02:01   3
  47.5955   0.1977   7.3811  43.7651 187.3943  46.2805   8.48 2453157.50000   42.2844 02:01   4
  47.9298   0.0929   3.4021  64.1122 149.4965  77.8543   8.56 2453157.50000   47.3978 02:01   5
  48.0184   0.1722   5.2348 206.5964 124.6507 274.5602   8.38 2453157.50000   48.7766 02:01   1
  47.8710   0.1029   8.2133 105.6745 254.2141 130.7591   7.37 2453157.50000   51.3489 02:01   3
  47.7239   0.2552  11.7035 275.6849 174.6552 218.2107   7.47 2453157.50000   58.1911 02:01   1
  47.6952   0.2857   2.5385  92.5790 237.0208   3.9633   8.35 2453157.50000   34.1331 02:01   4
  47.7047   0.1990  10.0215 221.0721  49.6402 219.6436   8.12 2453157.50000   55.6334 02:01   5
  47.7909   0.3155  14.2396 146.8948 311.5413  32.0803   7.71 2453157.50000   37.0953 02:01   1
  47.7946   0.2287  23.2282  50.5696   1.9014 120.4406   8.28 2453157.50000   54.8800 02:01   4
  47.7646   0.2590  26.8418  67.6942  60.2572 193.4356   8.37 2453157.50000   59.9207 02:01   1
  47.6399   0.3218  20.3844 147.5841 106.1156 322.9132   8.21 2453157.50000   38.1001 02:01   2
  47.7882   0.2147  25.2581 209.0573 345.2466 226.8978   8.22 2453157.50000   55.7458 02:01   3
  47.5700   0.1924  20.9380 131.5805 258.7151 104.2028   7.35 2453157.50000   51.3288 02:01   3
  47.7317   0.2870   7.6131 127.9569 266.9259 133.5128   8.50 2453157.50000   58.7195 02:01   4
  47.6656   0.2768   9.2794 265.5462  90.1707   8.5503   7.39 2453157.50000   34.7482 02:01   5
  47.8074   0.2310  15.4800   8.1067 342.0777 241.3898   7.63 2453157.50000   54.7445 02:01   0
  47.8825   0.2107  10.2508 133.3751 330.9481 204.4538   8.03 2453157.50000   57.3470 02:01   1
  47.5731   0.1760   4.5014 223.0023 269.8755 222.8129   7.76 2453157.50000   54.2810 02:01   2
  47.7476   0.2819  14.0763 162.6637 299.7098 201.9237   8.58 2453157.50000   60.6068 02:01   1
  47.5813   0.2340   6.5468 101.3196 108.3428 221.6296   7.66 2453157.50000   56.7977 02:01   4
  47.7593   0.1262  18.4351  64.3615   1.3456 232.2101   6.16 2453157.50000   51.8772 02:01   1
  47.5782   0.0983  14.7215  88.2302 209.0221  99.2017   8.62 2453157.50000   48.7604 02:01   1
  47.9258   0.1477   9.6940 137.4842 108.6162 228.8529   8.21 2453157.50000   53.0965 02:01   4
  47.6860   0.2597   2.9144 143.1328 344.7030 185.2067   8.53 2453157.50000   60.0398 02:01   1
  47.5162   0.2181   7.5366 159.3044 333.2170 114.6057   7.99 2453157.50000   53.4396 02:01   5
  47.7025   0.3305   7.7562 140.5941  50.9874 314.2629   8.50 2453157.50000   40.4326 02:01   0
  47.7593   0.3318  14.1075 135.3142 164.7221  26.7067   8.44 2453157.50000   35.3663 02:01   5
  47.6332   0.2595   3.9663 111.8114  77.1561 358.2390   8.23 2453157.50000   35.2842 02:01   2
  47.8663   0.2133  13.5668 199.7217 147.3855  84.8028   8.59 2453157.50000   49.0993 02:01   1
  47.7088   0.1508  24.7937  90.1992 137.3903 126.4546   7.96 2453157.50000   52.5954 02:01   1
  47.6856   0.3126  20.8985 323.3735 337.1364 295.0207   7.71 2453157.50000   45.8039 02:01   1
  47.6060   0.2800  28.5957 140.1434 312.4614  15.7814   7.62 2453157.50000   35.2214 02:01   1
  47.7693   0.3147   5.4059 131.3963 343.4563  96.8957   8.54 2453157.50000   53.7482 02:01   4
  47.7081   0.1577   3.5399 172.3484 283.3538 219.6126   8.19 2453157.50000   53.9084 02:01   1
  47.6546   0.0797   1.3902 112.3158 331.6073 194.9713   8.40 2453157.50000   51.3426 02:01   0
  47.7207   0.2260   3.6387 163.0700 276.3885 136.9333   8.28 2453157.50000   56.4945 02:01   5
  47.7944   0.2232  18.0251 225.1790 129.0020 159.3277   8.62 2453157.50000   58.0005 02:01   4
  47.6749   0.3002  10.6704 241.2780   2.8225 341.6200   8.07 2453157.50000   34.7979 02:01   2
  47.7845   0.2116   3.8299  45.5022 213.9482 279.8486   7.93 2453157.50000   48.1847 02:01   0
  47.7270   0.2644  15.4343 274.8881 294.5782  76.0475   7.79 2453157.50000   47.9903 02:01   5
  47.5748   0.2868   3.3540  18.1317 259.1803 116.5915   7.48 2453157.50000   56.2167 02:01   1
  47.6753   0.3266   2.7405 173.5819 207.0326 160.9221   8.40 2453157.50000   62.7539 02:01   4
  47.6371   0.2569   2.0643  49.3005 115.3950 225.0285   8.53 2453157.50000   57.5002 02:01   3
  47.6761   0.2380  12.3889 103.0581 206.9830 119.5782   8.49 2453157.50000   54.9732 02:01   2
  47.8262   0.2914   9.3289 174.9946 230.6155 248.2797   8.36 2453157.50000   55.8859 02:01   2
  47.7312   0.2270  30.6172 179.5342 210.2597 143.7516   8.18 2453157.50000   57.1339 02:01   4
  47.7167   0.0750   1.2644  83.0229  66.2361 296.4462   8.23 2453157.50000   46.3485 02:01   5
  47.9148   0.2360  14.5926 177.5819 169.0108  62.8238   8.00 2453157.50000   45.1678 02:01   0
  47.7917   0.3058  28.5430  20.4232 101.1017 341.8994   8.56 2453157.50000   34.6235 02:01   0
  47.6533   0.0794   4.7598  81.2036 354.1979 145.0137   7.90 2453157.50000   50.8444 02:01   5
  47.8979   0.2159  15.6668 125.0387 272.7249  35.0002   8.00 2453157.50000   40.3982 02:01   0
  47.7715   0.3428   3.8662  23.3852  45.0122 146.6219   8.15 2453157.50000   62.6049 02:01   5
  48.0594   0.2279   0.6680 328.3148 107.4649 252.1556   7.55 2453157.50000   53.4085 02:01   2
  47.5269   0.2716   5.8018  97.0075 273.8772 325.6980   7.21 2453157.50000   38.4589 02:01   4
  47.6931   0.2768   8.5985 132.7714 298.1513 136.7734   8.58 2453157.50000   58.5987 02:01   4
  47.7183   0.1619   4.6696  67.0075 355.3523 197.8481   7.62 2453157.50000   55.1691 02:01   0
  47.8794   0.1692  14.1577 240.6540 221.5155  63.7668   8.07 2453157.50000   45.5160 02:01   2
  47.5650   0.2319  21.8617  78.3084 340.0635 198.9819   8.35 2453157.50000   58.1963 02:01   0
  47.6618   0.2993  33.7271  35.4776 180.8520  50.5028   8.57 2453157.50000   41.9031 02:01   4
  47.6547   0.1759   9.2522  54.5349 225.9131 125.9980   8.65 2453157.50000   53.4083 02:01   1
  47.9658   0.2068   6.6150  39.0039 209.8054 323.9603   7.90 2453157.50000   40.8700 02:01   2
  47.7711   0.2643   8.4575 310.0793 277.8301 297.7687   8.56 2453157.50000   44.9278 02:01   0
  48.0656   0.2736  29.5497 344.8713 256.0340 135.1491   8.61 2453157.50000   58.7444 02:01   1
  47.7832   0.3387  10.5418 358.6406  84.1538 294.7142   8.06 2453157.50000   46.2624 02:01   4
  47.6480   0.3342  10.6521 218.7283 231.8734 129.3389   8.31 2453157.50000   60.0762 02:01   5
  47.6834   0.2660   4.8068 323.2816 230.5202 339.2391   8.59 2453157.50000   36.4722 02:01   1
  47.7028   0.2788  22.4846 184.2746   5.8342 168.4298   8.59 2453157.50000   60.8379 02:01   1
  47.7622   0.0911  10.0568 272.5377 179.3090   8.6756   8.40 2453157.50000   43.4719 02:01   0
  47.9468   0.3083   4.3152 168.2140 129.7248 142.3461   6.76 2453157.50000   60.8650 02:01   2
  47.9262   0.2495  18.7652  91.0807 200.3382  40.2453   7.75 2453157.50000   40.4684 02:01   5
  47.6495   0.1673  18.3886 212.5204  69.7569 184.6831   6.75 2453157.50000   55.6021 02:01   4
  47.7492   0.1666   2.5619 138.2454 156.7662 110.7807   8.59 2453157.50000   51.6206 02:01   1
  47.7874   0.2808   8.8366 106.4041 260.4477  68.3794   7.58 2453157.50000   46.4756 02:01   1
  48.0837   0.1671   8.4280 187.2734  43.6189 337.0399   7.13 2453157.50000   40.9457 02:01   2
  47.6102   0.2412   2.6025  34.8754 195.4562 316.2504   8.26 2453157.50000   41.0373 02:01   1
  47.7018   0.2432   1.1503 256.9646 258.9532  33.4422   8.19 2453157.50000   39.2085 02:01   2
  47.6571   0.3281   2.0038 134.0850  19.7544  98.5330   8.10 2453157.50000   54.3889 02:01   5
  47.7947   0.2568   9.6090 178.7861 161.7532  76.7294   6.71 2453157.50000   48.1034 02:01   1
  47.7685   0.3637  12.7841 130.7735 192.2866 272.2203   8.13 2453157.50000   53.0322 02:01   1
  48.0208   0.2414  15.2336 101.5704 263.3018 262.6328   7.61 2453157.50000   52.0499 02:01   1
  47.6915   0.3525   1.7357 120.3497 355.4124 114.3785   8.48 2453157.50000   58.4694 02:01   4
  47.7199   0.2417   7.4450 312.5655 125.4577 208.1582   8.65 2453157.50000   58.3520 02:01   1
  47.7229   0.3335  13.8596 218.4093 134.1312 182.0424   7.86 2453157.50000   63.6309 02:01   5
  47.6573   0.2727   4.1276  93.6433 174.2150 292.9216   8.39 2453157.50000   45.9773 02:01   1
  47.6267   0.2034  18.3015  56.6643 344.6025  48.7146   8.59 2453157.50000   42.5900 02:01   1
  47.5254   0.1767  12.5372  56.2524 174.1973 247.0521   7.48 2453157.50000   51.9238 02:01   5
  47.5891   0.1894   3.3093  75.9067 273.4152 200.0567   8.36 2453157.50000   56.2109 02:01   5
  47.7365   0.1025  12.5906 133.4759 306.9568 127.6695   8.49 2453157.50000   51.0127 02:01   4
  47.7744   0.2240   5.1600 354.4376 228.1627 153.5497   8.55 2453157.50000   57.7167 02:01   1
  47.6438   0.2916  14.1296 217.6751 264.6956 357.7149   8.39 2453157.50000   33.7739 02:01   0
  47.7861   0.1695  16.8623 127.7240 211.2552 359.5892   7.64 2453157.50000   39.6881 02:01   4
  47.7399   0.3066   3.1048 105.7964  22.0586 111.7571   8.24 2453157.50000   56.3368 02:01   5
  47.7315   0.2849  14.6107 267.5995 103.9665 236.5946   8.41 2453157.50000   57.3398 02:01   1
  48.0484   0.1990   5.6056 165.2173   3.7910  61.6229   7.89 2453157.50000   45.1728 02:01   4
  47.7838   0.1145  24.4653  64.0044 356.4839 121.1204   8.17 2453157.50000   51.0315 02:01   4
  48.0095   0.2763   3.3011  17.3393 105.9746 292.4586   7.64 2453157.50000   46.4532 02:01   4
  48.0337   0.1344   9.9891 127.5317 179.6739 211.9554   8.42 2453157.50000   53.7176 02:01   5
  47.8593   0.1872   6.9259 326.8048 115.6753  96.5024   7.08 2453157.50000   50.4450 02:01   3
  47.6169   0.1051  13.8685 106.1191 289.4533 117.7200   8.43 2453157.50000   50.3280 02:01   3
  47.6380   0.2406  28.5209 163.9862  65.9511 135.3604   8.63 2453157.50000   56.8587 02:01   1
  47.6441   0.3588  20.1968   3.2412 278.7863 100.4373   8.63 2453157.50000   55.8030 02:01   1
  47.6821   0.1599  18.3336 294.4502  41.1066 335.0703   8.24 2453157.50000   41.0437 02:01   3
  47.5312   0.1837   8.4806 324.6901 304.2172 287.6904   6.52 2453157.50000   46.4294 02:01   1
  47.6167   0.2537   2.9730  73.2005 170.9843  57.0758   8.10 2453157.50000   43.6447 02:01   5
  47.7593   0.2700   3.9846  85.0544 336.2706 311.0804   8.49 2453157.50000   41.8372 02:01   4
  47.7871   0.2465   2.9371 299.4377  42.7456  88.9023   8.63 2453157.50000   50.3737 02:01   1
  47.6834   0.1716   6.3220 352.8735  94.0710 106.5503   8.06 2453157.50000   51.1971 02:01   4
  47.6377   0.1030  15.6437  79.7672  50.5877 252.6137   8.57 2453157.50000   49.5412 02:01   3
  47.8077   0.2816   0.9386 129.9107  85.6396 335.4413   8.61 2453157.50000   36.5769 02:01   1
  47.7292   0.2574   1.9296  50.7452 240.3717  16.5032   8.50 2453157.50000   36.3413 02:01   4
  47.5753   0.2560   6.9440  87.5493 297.7832 157.5803   8.13 2453157.50000   59.1649 02:01   4
  47.7815   0.2743  22.0032 173.3367 111.2563 214.4997   8.57 2453157.50000   59.4287 02:01   5
  47.7094   0.1692   4.3762 104.9442 237.3983  83.1006   7.75 2453157.50000   48.1019 02:01   1
  47.7546   0.2783   2.1587 199.2300 191.7388 330.8892   8.29 2453157.50000   37.4534 02:01   4
  48.0048   0.1486   3.7760 112.0944 310.5400 336.5363   6.98 2453157.50000   41.6718 02:01   5
  47.7381   0.1951  12.8078 107.8959 219.1323 130.6600   8.42 2453157.50000   54.6713 02:01   2
  47.7920   0.2784   0.9503 149.7720 316.3504 197.7372   8.34 2453157.50000   60.7082 02:01   1
  47.7046   0.2138  16.0890 328.7101  16.5694 258.1845   8.65 2453157.50000   51.7027 02:01   1
  48.0642   0.2763   3.0721 105.0962 205.6871 127.7389   8.53 2453157.50000   57.9768 02:01   2
  47.7375   0.1014  12.1714 260.6783 138.5338  41.9194   8.24 2453157.50000   44.3824 02:01   1
  47.8621   0.2689  10.3541 226.3329  32.4816 232.5280   8.27 2453157.50000   57.3978 02:01   5
  47.6076   0.0912   9.8443 105.5278 331.8070 273.2589   8.41 2453157.50000   47.7565 02:01   3
  47.7519   0.1199   3.1173 163.4346  77.3359 357.9299   7.50 2453157.50000   42.0333 02:01   3
  47.6433   0.2772   2.1319  78.4555 306.9562 344.0032   7.60 2453157.50000   35.3912 02:01   5
  47.7649   0.1163  20.4652  87.0237 210.1824 212.9420   7.93 2453157.50000   52.5942 02:01   5
  47.7342   0.3234  15.8057 192.9228  85.1527 103.6120   8.12 2453157.50000   55.3852 02:01   1
  47.7366   0.3221  15.6791 135.6161  15.5977 331.4987   7.78 2453157.50000   36.0406 02:01   0
  47.7548   0.3032   4.5021  56.0871 326.9892 349.6424   8.29 2453157.50000   33.7542 02:01   5
  47.5067   0.2565   9.9694 207.7297  83.7831 147.7505   8.09 2453157.50000   58.4757 02:01   2
  47.7560   0.2784   1.4006 319.7401 330.6178 277.3300   7.82 2453157.50000   49.7084 02:01   1
  48.0986   0.1616  17.4548 352.0033 162.5999  96.0550   8.56 2453157.50000   50.1100 02:01   4
  47.7799   0.1980   2.2935 298.1430 187.0200 217.1264   8.57 2453157.50000   55.8671 02:01   2
  47.7334   0.1165   2.9210 105.2952 311.2699  57.2228   7.98 2453157.50000   45.2243 02:01   1
  47.4843   0.1745   8.0143 213.0468 119.5907 177.8802   8.13 2453157.50000   55.7651 02:01   4
  47.7277   0.3395   3.2264  83.7159 211.2183 337.6809   8.12 2453157.50000   34.1187 02:01   3
  48.0931   0.2227  26.1914  72.3782 206.1832 279.8072   7.15 2453157.50000   48.6418 02:01   0
  47.7648   0.2898  14.9277  87.1177 151.7482 340.2813   8.00 2453157.50000   35.4698 02:01   2
  47.7220   0.0768   0.9758  65.0455 320.1664 351.0687   8.17 2453157.50000   44.1098 02:01   5
  47.7938   0.2366   3.5206 237.4953   2.2748 312.6417   8.60 2453157.50000   41.9650 02:01   1
  47.7207   0.2457  13.9974  96.0797  31.8549  80.3390   7.54 2453157.50000   48.6146 02:01   3
  47.7043   0.2917  20.1907 199.8715  44.8851 129.8869   8.16 2453157.50000   58.4422 02:01   1
  47.5720   0.2628   1.9464 330.3150 120.2385 299.7644   8.54 2453157.50000   44.2865 02:01   4
  47.8304   0.1805   4.4295 130.8798  83.4296 344.6641   8.08 2453157.50000   39.6505 02:01   2
  47.7570   0.2769  18.6061  91.4638 232.4688 203.0426   8.38 2453157.50000   60.3249 02:01   5
  47.6118   0.2777  13.4140  43.4101 236.0851 153.1074   8.61 2453157.50000   59.9434 02:01   2
  47.7835   0.3043  15.4106 309.1776 109.1333 141.8354   8.33 2453157.50000   60.4327 02:01   4
  47.6532   0.2965   5.1047 191.0607  33.0915 309.1971   7.81 2453157.50000   41.9889 02:01   1
  47.6008   0.2914   1.8119 175.5335 277.3737 238.5095   7.68 2453157.50000   57.1632 02:01   2
  47.8634   0.3197  16.6461 285.3560  54.2495 248.5355   7.97 2453157.50000   56.9083 02:01   0
  47.7071   0.2949   6.1005 188.8556 177.1087  64.6134   7.93 2453157.50000   45.5832 02:01   1
  47.7085   0.1656   7.7197 239.8086 170.4458 333.3200   7.68 2453157.50000   40.9841 02:01   5
  47.7720   0.2773  18.7081 192.7963  65.0449 126.7672   7.87 2453157.50000   57.5401 02:01   1
  47.6641   0.0971   6.0028 103.5921  26.4879 173.5918   8.49 2453157.50000   52.2676 02:01   0
  47.5415   0.2669   6.2837 156.8966 274.8630 310.7513   7.97 2453157.50000   41.7531 02:01   4
  47.7880   0.2916  22.0209  93.4127 141.4732  48.7644   8.24 2453157.50000   41.6247 02:01   4
  47.6917   0.3842   2.1195 138.2322 330.6586  22.5687   8.58 2453157.50000   32.7335 02:01   1
  47.7546   0.2168   5.1779 320.0444  33.3467 328.0339   7.81 2453157.50000   39.8165 02:01   3
  47.5443   0.2281   3.4501  58.9361 317.4172 104.6929   7.45 2453157.50000   52.3655 02:01   2
  47.5819   0.3045   2.4270  85.7292 152.9860 116.7722   8.04 2453157.50000   56.9156 02:01   0
  47.7961   0.2348   1.4721  82.8199  36.1221 295.9109   7.77 2453157.50000   45.3113 02:01   5
  47.8878   0.2672   2.2388 113.6600 168.4146 311.7264   8.33 2453157.50000   41.8332 02:01   2
  47.9737   0.1942  12.0320 201.7279 218.9762 134.7160   8.60 2453157.50000   55.2764 02:01   4
  47.7936   0.2707   8.4599 113.8533 327.1787  25.3911   8.24 2453157.50000   37.0771 02:01   1
  47.6688   0.2114  19.2043 119.6839  78.4927 148.0973   8.19 2453157.50000   56.6880 02:01   1
  47.7042   0.3154  13.5635 228.9350  37.5380  48.5994   7.95 2453157.50000   41.3395 02:01   5
  47.9471   0.2279  12.1408   3.1750 284.6944 138.5786   8.50 2453157.50000   56.9951 02:01   2
  47.7138   0.2571  26.0285  87.0951 176.3088 301.0887   8.48 2453157.50000   44.1269 02:01   1
  47.8398   0.2934   7.0027 291.1973 307.4875 186.1925   8.53 2453157.50000   61.8252 02:01   3
  47.9005   0.2584   9.1013 190.4812 101.4014 165.2393   7.67 2453157.50000   60.0211 02:01   3
  47.7848   0.2618  18.7872 135.1019 103.0480 244.2414   8.41 2453157.50000   55.4256 02:01   5
  47.6887   0.2473  12.2607 283.5190 224.0588  16.7398   8.35 2453157.50000   36.7582 02:01   2
  48.0987   0.2472  14.4624 264.1201 145.1865  60.9091   8.53 2453157.50000   44.9335 02:01   1
  47.9547   0.2438  16.1525  68.8109  27.8965  23.6826   8.33 2453157.50000   37.9186 02:01   1
  47.7571   0.2817   6.6422 285.4173 126.1354 329.2507   7.73 2453157.50000   37.6693 02:01   5
  47.9726   0.0758  14.4871  55.2935   2.1810 270.5445   8.56 2453157.50000   48.2127 02:01   3
  47.7068   0.2581   2.4302  73.7842 283.0971 259.3007   8.47 2453157.50000   52.7513 02:01   1
  47.7179   0.2575   2.5099  50.7127 174.3985  47.7047   8.54 2453157.50000   41.6775 02:01   4
  47.6441   0.2784  15.6131 262.4323 290.5961 173.0201   8.01 2453157.50000   60.8476 02:01   2
  47.6897   0.2496   3.0276   4.4090  42.9080 222.4463   8.63 2453157.50000   57.5156 02:01   1
  47.6238   0.2256  11.0806 221.2228 201.6168 309.5176   7.39 2453157.50000   42.5601 02:01   4
  47.7195   0.2478   8.4943 217.2161 242.7035 111.4735   8.40 2453157.50000   54.2163 02:01   4
  47.6321   0.2227   2.8545  81.1556 296.7523  81.9878   6.25 2453157.50000   48.5016 02:01   2
  47.5941   0.2061  24.5024  66.5776 175.5216 324.9550   7.64 2453157.50000   40.4341 02:01   1
  47.5482   0.1001  25.9117 101.2498  87.6847 216.5206   8.40 2453157.50000   51.5244 02:01   3
  48.0096   0.3147  16.2732 149.2166 353.7792  83.4047   8.53 2453157.50000   50.9171 02:01   4
  47.6944   0.2362  23.0932 124.8310 125.4108 222.2901   8.60 2453157.50000   56.9679 02:01   4
  47.7662   0.3449  13.0037  76.1796 138.3576 195.3504   8.19 2453157.50000   63.9149 02:01   3
  47.6898   0.3003  23.0953 246.9778  55.7593  87.1705   8.11 2453157.50000   51.1251 02:01   0
  47.9020   0.3385  13.1740 239.1544 346.2401  14.6319   7.95 2453157.50000   32.8536 02:01   3
  47.6788   0.2154   7.0392 131.5018 239.6582 238.4695   7.79 2453157.50000   54.3994 02:01   1
  47.7701   0.1839  15.8251  18.0708 273.9296 307.8439   8.19 2453157.50000   43.5651 02:01   2
  47.7714   0.2533   7.3590 338.8666 235.5411 131.3564   8.12 2453157.50000   57.1168 02:01   0
  47.7463   0.3126  13.8622  51.8030 269.2859  89.3910   7.56 2453157.50000   51.9990 02:01   1
  47.8476   0.2214   1.3323 251.8699 227.9491 127.4778   8.34 2453157.50000   55.5017 02:01   5
  47.5667   0.3144  15.7598 355.3213 282.6338 350.4398   8.36 2453157.50000   33.0474 02:01   3
  47.7918   0.2366  19.6922 238.6162  66.0590 274.9972   7.97 2453157.50000   49.4463 02:01   1
  47.6929   0.2394  16.4930  14.2227  33.3221 222.8438   8.55 2453157.50000   57.0479 02:01   1
  48.0802   0.3501   7.9131 307.4767  66.9911 343.8371   7.21 2453157.50000   32.7580 02:01   4
  47.8466   0.2873  20.1594 293.5723 165.8823 130.8435   8.44 2453157.50000   58.5545 02:01   5
  47.5558   0.2562  21.7389 249.2380 169.4432 220.3113   8.14 2453157.50000   57.8368 02:01   1
  47.7074   0.2787   8.7692  43.1519 139.5692 334.5555   8.27 2453157.50000   36.7473 02:01   1
  47.7729   0.3109   1.8775 204.0941 210.7940 211.0858   7.09 2453157.50000   61.3529 02:01   0
  47.7329   0.3080   2.8931  95.1735 120.8439 149.0604   8.57 2453157.50000   61.1817 02:01   1
  47.6366   0.2383  15.0218  24.1372 137.4955 171.6897   8.23 2453157.50000   58.9112 02:01   1
  47.5534   0.2673  18.8372 146.9847 152.5048 287.0932   8.59 2453157.50000   47.1572 02:01   1
  47.7779   0.2881   5.2191 302.2963 215.3955 294.2390   8.56 2453157.50000   45.8885 02:01   5
  47.6429   0.0761  27.1974 344.4939  78.9767  95.5077   6.20 2453157.50000   48.2602 02:01   3
  47.7802   0.2909  16.7353 294.2637  52.3906 354.8659   8.43 2453157.50000   33.9921 02:01   4
  47.7247   0.2655   7.4387 135.4971 225.8964 349.3673   7.25 2453157.50000   35.4532 02:01   4
  47.5644   0.1365  15.1116  64.2134 279.9497 251.6358   8.61 2453157.50000   50.3523 02:01   1
  47.5438   0.2235   9.7069 159.1811  35.6366 352.7555   7.96 2453157.50000   37.0592 02:01   2
  47.7854   0.2499   6.4997  33.1700 206.1192   1.7821   8.53 2453157.50000   35.8519 02:01   3
  47.7643   0.2484  16.3781   5.5894  39.7034 238.0978   8.42 2453157.50000   55.7671 02:01   1
  48.0113   0.2935   8.8458  96.8673 331.9045 321.1048   7.80 2453157.50000   39.3700 02:01   5
  47.7097   0.3087  20.9330 163.4422 156.0685  13.5380   8.12 2453157.50000   33.8204 02:01   4
  47.5860   0.1927  20.6211 124.8946 104.7240  25.6331   7.99 2453157.50000   39.7573 02:01   3
  47.8138   0.1126  14.7346 292.5259 315.5866  48.6968   8.35 2453157.50000   44.6416 02:01   4
  47.6131   0.3218   1.5652 206.5333 273.9579 197.0191   8.00 2453157.50000   62.5475 02:01   1
  47.6437   0.3344   7.2154 124.9341  35.5397 272.5032   8.22 2453157.50000   52.0137 02:01   4
  48.0043   0.2439  16.2850 302.9282  50.2925 359.6419   8.00 2453157.50000   36.2951 02:01   5
  47.7524   0.1738  23.8638 114.8228 152.0924 117.6557   8.29 2453157.50000   52.5993 02:01   1
  47.7897   0.2728  14.3103 166.4009 191.9129 264.0514   6.12 2453157.50000   52.3730 02:01   1
  47.8748   0.1148  16.7949  16.6402  46.7156 109.1513   8.64 2453157.50000   50.2056 02:01   3
  47.7565   0.1521   6.2411 307.1925  75.5566 279.2944   7.55 2453157.50000   47.6828 02:01   2
  47.5613   0.2224   4.4178 137.7007  43.6555 221.4752   7.14 2453157.50000   56.2980 02:01   3
  47.7963   0.1977  15.9963 148.0976  56.2837 139.8540   7.90 2453157.50000   55.6441 02:01   1
  47.6748   0.2222  11.2769 348.8930  39.9869 246.4603   7.98 2453157.50000   53.6122 02:01   1
  47.7610   0.3197  16.0180 339.4364  30.5590 356.0905   8.45 2453157.50000   32.5693 02:01   5
  47.9630   0.2780   1.0559  67.0669 191.3482 354.1536   8.40 2453157.50000   34.7615 02:01   3
  47.7246   0.2782   8.4715  73.5824 209.1883 291.8868   7.06 2453157.50000   46.3289 02:01   1
  47.7186   0.2274   0.8757 153.6908  95.4281 209.5756   7.95 2453157.50000   57.6145 02:01   4
  47.9009   0.2750   6.9334 106.8551 351.1099 135.5633   8.45 2453157.50000   58.6464 02:01   5
  47.7720   0.2577  12.6989 311.3470  33.5608 186.5249   8.42 2453157.50000   60.0318 02:01   5
  47.8808   0.2726  19.9234 240.2837 205.3523 272.4455   6.91 2453157.50000   50.7698 02:01   3
  47.7339   0.1064  18.6134  31.7006  57.4490 213.7947   6.76 2453157.50000   52.1025 02:01   1
  47.7088   0.1506  12.9921 161.9895  67.0899 114.2359   7.18 2453157.50000   51.4727 02:01   0
  47.5761   0.2594   8.6873 207.9218 323.8103 218.8989   8.52 2453157.50000   58.1313 02:01   3
  48.0209   0.1351  11.5228  48.8823  90.5259  71.9262   8.33 2453157.50000   46.8429 02:01   3
  48.0367   0.1191  14.0299 130.4659 250.5534  53.5466   7.73 2453157.50000   45.1269 02:01   1
  47.7712   0.1209   3.1951 100.1433 230.1988 141.8685   8.49 2453157.50000   52.5479 02:01   3
  47.7966   0.1971  15.6470  41.5283 282.3455 275.9975   8.06 2453157.50000   48.6585 02:01   1
  47.6557   0.1378   5.5499 108.9651 334.9894  68.3665   8.16 2453157.50000   46.0700 02:01   2
  47.9470   0.2149   0.5578 206.0182 277.8759 111.8067   8.47 2453157.50000   53.4405 02:01   4
  47.5765   0.2343   9.5519 109.3803 260.4822  77.2092   8.27 2453157.50000   47.6992 02:01   1
  47.7180   0.2947  27.0385 356.3364 344.5687 355.9870   8.65 2453157.50000   33.7227 02:01   4
  47.7475   0.2985  13.1130  93.2874 288.9054 166.3742   8.10 2453157.50000   61.7610 02:01   5
  47.7822   0.3244   7.1600  15.2226  95.7285 189.5180   8.14 2453157.50000   63.1618 02:01   1
  47.7849   0.2722   2.0571  76.1035 184.2222  41.6182   8.30 2453157.50000   40.1908 02:01   4
  47.6727   0.2988  16.9498  96.0286 325.0517  71.5966   7.27 2453157.50000   47.3532 02:01   2
  47.7773   0.1967   6.1632 265.4665 208.9947 196.0667   7.98 2453157.50000   56.9188 02:01   1
  48.0694   0.2347  22.1380 239.9159 101.2302 175.6800   8.33 2453157.50000   59.3309 02:01   4
  47.6784   0.3220  10.8483 283.9596 155.1628  97.1947   8.42 2453157.50000   53.9327 02:01   3
  47.6866   0.3002   5.9520 202.3351 310.5197 166.1574   8.64 2453157.50000   61.7572 02:01   1
  47.8249   0.2025   4.2373 274.5157 115.9042 334.4019   8.46 2453157.50000   39.5855 02:01   4
  47.6156   0.3208  22.9229 159.7834 142.3119 206.2991   8.05 2453157.50000   61.9686 02:01   5
  47.7280   0.2684  14.6450 161.5473 325.9208  76.3776   8.42 2453157.50000   48.1186 02:01   3
  47.5161   0.3356  17.5004 352.8093  11.9246 308.6498   8.43 2453157.50000   41.8904 02:01   3
  47.7047   0.3260  25.9343 158.0106 126.0076  34.6269   8.48 2453157.50000   37.4306 02:01   5
  47.6661   0.2336   3.3158  71.6859 150.5214 205.1796   8.53 2453157.50000   58.0947 02:01   3
  47.7238   0.3052  12.3714 257.3051 206.4594 198.7296   8.46 2453157.50000   61.8327 02:01   1
  47.5885   0.1599  21.1560 215.3763 282.2418 156.9169   6.44 2453157.50000   54.7432 02:01   0
  47.7062   0.1949   7.4668 251.4079 255.3641  86.8510   8.13 2453157.50000   48.9857 02:01   4
  47.7050   0.2251  24.8977 278.1737 261.9978 146.0026   8.66 2453157.50000   57.1893 02:01   0
  47.6603   0.2296   2.2389 129.5094 201.2397  88.6365   8.11 2453157.50000   49.8468 02:01   1
  47.5337   0.2327  22.4863  17.5383 336.8435 140.3625   7.52 2453157.50000   56.8658 02:01   3
  47.6590   0.2054   1.4060  90.6733  14.2435  30.3376   8.33 2453157.50000   39.8947 02:01   1
  47.5373   0.3319  22.8508 183.4492  23.8556  80.8103   7.09 2453157.50000   50.1590 02:01   5
  47.7972   0.1779   7.7529  39.7289  12.0685 116.9748   6.95 2453157.50000   52.7086 02:01   3
  47.5305   0.2933   1.3519 218.5061  95.0340  95.1858   6.55 2453157.50000   52.5016 02:01   1
  47.7777   0.2813   6.2654 258.4596 110.6568 247.2822   8.63 2453157.50000   55.6376 02:01   1
  47.8051   0.2626   9.6150 332.6059 324.9708 205.3832   8.25 2453157.50000   59.5894 02:01   4
  47.6342   0.2127  25.6810 203.1232 231.9643 304.5053   8.57 2453157.50000   43.6243 02:01   4
  47.7175   0.1608  17.4584  69.4102 301.0210 105.0661   8.49 2453157.50000   50.7785 02:01   2
  47.5667   0.3467  17.8436  47.8636 204.3887  25.6613   8.54 2453157.50000   34.5447 02:01   4
  47.5024   0.2239   5.3040  31.8723 191.1431 238.1546   8.37 2453157.50000   54.5443 02:01   4
  47.8932   0.2984  10.5418 359.6852  92.2420  30.7340   7.89 2453157.50000   37.3089 02:01   1
  47.7465   0.2437   8.4966  68.2364 314.6546  59.2004   8.64 2453157.50000   44.2513 02:01   1
  47.9590   0.1100  19.6867 223.1426 144.4668 141.5113   7.58 2453157.50000   52.2871 02:01   3
  47.9699   0.3101   8.0354 129.9439 119.8049 299.8681   8.36 2453157.50000   44.7442 02:01   1
  47.9494   0.1486  22.4646  29.4371 293.9179 276.3215   8.44 2453157.50000   48.2214 02:01   1
  47.6604   0.3440  11.5828 266.7832 279.9317 319.6822   8.38 2453157.50000   38.6861 02:01   0
  47.7712   0.0908  10.1024 137.2859  45.1968 142.8788   8.53 2453157.50000   51.3585 02:01   0
  47.7826   0.2656  13.4239  26.5486 229.4018 293.1946   8.27 2453157.50000   45.9877 02:01   1
  48.0390   0.2809  13.3480 144.2567 170.7516 184.1684   7.70 2453157.50000   61.5132 02:01   4
  47.9916   0.2484   3.0496 181.6080 138.3551  75.2849   7.49 2453157.50000   47.8911 02:01   0
  47.6259   0.2680   4.1121  81.3226 204.7371 131.2359   8.44 2453157.50000   57.5338 02:01   2
  47.7122   0.3257   2.8883 131.7614  78.0620  69.2137   8.42 2453157.50000   47.1322 02:01   4
  47.6935   0.3412   5.5334 114.9944 119.3831 187.7288   7.41 2453157.50000   63.8825 02:01   3
  47.7656   0.3381   5.1206  97.3564  40.3976  79.4985   8.00 2453157.50000   50.1936 02:01   4
  47.6769   0.3228  16.9025 293.5000 351.7158 167.8158   8.18 2453157.50000   62.8665 02:01   3
  47.6300   0.2954  14.3260 316.0511 141.3011 286.6008   7.99 2453157.50000   47.7096 02:01   4
  47.9357   0.2091  10.0276  37.3207 302.5908   5.5507   7.74 2453157.50000   37.9857 02:01   5
  48.0675   0.2268  19.6490 204.7120  87.2559 290.6908   8.48 2453157.50000   46.5850 02:01   1
  47.7869   0.2107  15.9656 166.9553 268.7203  73.9478   7.93 2453157.50000   47.0827 02:01   2
  47.4572   0.1535  14.9695  87.6225   2.6646 333.5047   8.41 2453157.50000   41.2145 02:01   5
  47.5777   0.2193  13.2103 354.4535 132.5474 248.1761   7.66 2453157.50000   53.1721 02:01   3
  47.6880   0.2777   3.2554 358.9141 199.9465 328.3907   7.87 2453157.50000   37.8977 02:01   1
  48.0482   0.2024  18.7265  51.2824 225.7693  22.5728   8.61 2453157.50000   39.4623 02:01   4
  47.7596   0.2380   7.2483 322.4991 213.1984 265.0470   8.52 2453157.50000   51.2580 02:01   4
  47.5954   0.2362   4.7153 175.2705 342.8591 269.1196   8.01 2453157.50000   50.3177 02:01   4
  47.8033   0.3335   9.2056   4.5888 278.6792  34.5324   8.28 2453157.50000   37.3317 02:01   5
  47.7935   0.0767  19.5455 108.5485 216.0357 295.3096   7.80 2453157.50000   46.4671 02:01   2
  47.7301   0.3039   3.4414 191.8570  22.1647 252.5139   7.77 2453157.50000   55.4648 02:01   5
  47.7378   0.3044  24.1237  59.9297  78.2545 288.3187   7.70 2453157.50000   47.5142 02:01   5
  47.7907   0.3036   8.4048 148.7071 204.9489 244.6770   8.28 2453157.50000   56.8944 02:01   1
  48.0451   0.2352   6.9991 150.9836 344.4382 296.8895   8.48 2453157.50000   45.3491 02:01   5
  47.5476   0.2800  15.1331 356.2018  91.9060   7.7593   8.00 2453157.50000   34.4676 02:01   0
  48.0620   0.2184  18.4734 260.7780  50.5782 280.8645   7.64 2453157.50000   48.3635 02:01   1
  47.5491   0.2490   2.8999  37.8761 134.5239 349.6114   8.06 2453157.50000   36.0515 02:01   1
  47.6270   0.1264  19.8136 185.0075 282.7132 119.9323   8.30 2453157.50000   51.1477 02:01   4
  47.5853   0.2471   9.1109 152.4084  21.0150  35.8383   8.60 2453157.50000   39.4212 02:01   3
  47.6100   0.2318   3.0126 199.4379  19.4201 223.8296   8.21 2453157.50000   56.5349 02:01   4
  47.7493   0.1409  13.7521 325.8925  92.8176 142.4438   7.94 2453157.50000   53.3835 02:01   4
  48.0739   0.2909  11.6799 170.2778 230.9879 333.4405   8.42 2453157.50000   36.8280 02:01   4
  47.7885   0.2572   2.1887 143.7049  58.3329  70.8851   8.43 2453157.50000   46.8406 02:01   4
  47.6528   0.2338  10.4202   0.1949 240.4891  39.5096   7.89 2453157.50000   40.4520 02:01   4
  47.5881   0.2851  11.0803 101.1296 182.9856 211.5370   8.57 2453157.50000   59.9126 02:01   4
  47.5895   0.3299  34.3215 108.5071 212.3605  21.8283   7.76 2453157.50000   34.2432 02:01   5
  47.9387   0.3039   0.7953 266.2292 271.6712 152.2730   6.59 2453157.50000   61.5063 02:01   1
  47.7907   0.2752  22.9737  52.1817 113.4781 351.0757   8.34 2453157.50000   34.9399 02:01   1
  47.9660   0.1832  11.8049 349.6420   3.5653 136.0963   8.34 2453157.50000   54.9344 02:01   3
  47.7316   0.2816   1.0165 171.2591  50.8194 141.5303   7.69 2453157.50000   59.3331 02:01   1
  47.6151   0.3367   0.5292 206.8450 304.9727 252.0497   8.54 2453157.50000   56.5705 02:01   4
  48.0324   0.0930  18.8888 329.7353 327.2825 333.2023   7.42 2453157.50000   44.1422 02:01   3
  47.6546   0.1412   1.2070  89.4228 167.6450 286.9727   8.44 2453157.50000   46.6041 02:01   0
  47.8757   0.1724   4.3300  51.9858 299.8917  15.9212   7.93 2453157.50000   40.0808 02:01   5
  47.7032   0.2252   1.3941 100.5000 196.9273 265.4366   7.24 2453157.50000   50.8274 02:01   0
  47.5590   0.0773  11.4734  59.8213 205.7025 327.1856   6.30 2453157.50000   44.5627 02:01   2
  47.6279   0.0828  13.2050 290.0245 115.5632 153.5417   7.52 2453157.50000   51.2153 02:01   5
  47.6006   0.1901  12.6856 172.6261 347.3627  80.2416   7.82 2453157.50000   47.7788 02:01   4
  47.7576   0.2110  20.1151 123.8901  40.8214  95.1281   7.63 2453157.50000   50.6554 02:01   5
  47.6197   0.2390  14.2906  68.1390 351.4015  25.9479   8.46 2453157.50000   38.1314 02:01   0
  47.7169   0.1644   1.8124 140.7609 267.2317 240.8332   7.86 2453157.50000   52.4075 02:01   1
  47.7980   0.2268  15.4651  30.3651  77.2811 197.7384   8.16 2453157.50000   58.2920 02:01   1
  47.6219   0.2400   5.8739 295.9977 242.0751 210.6242   8.25 2453157.50000   57.9938 02:01   3
  48.0768   0.1150   5.5953 332.4281 151.1432 211.5460   7.21 2453157.50000   52.9380 02:01   2
  47.7739   0.2853  10.1431 337.5591 308.9045 209.1269   7.83 2453157.50000   60.3372 02:01   4
  47.8377   0.1886   8.7878 204.1768 355.1446 165.5336   8.27 2453157.50000   56.6555 02:01   1
  47.6963   0.3149  20.6320 167.1224 220.4526 237.9054   7.93 2453157.50000   58.2943 02:01   1
  47.6197   0.3219  20.6339 190.7759 297.0291  33.2179   8.27 2453157.50000   37.0919 02:01   2
  47.7048   0.2420   3.3188 150.0116  49.9678 137.5357   8.47 2453157.50000   57.2072 02:01   0
  48.0931   0.0951   1.3056 134.3987 128.1268 148.3969   7.73 2453157.50000   52.0929 02:01   2
  47.6910   0.3301   9.1230  35.6049 190.1861 313.8238   8.09 2453157.50000   40.5522 02:01   1
  47.7110   0.2641  16.9696 193.5992 252.6473 210.7566   7.20 2453157.50000   59.1779 02:01   1
  48.0869   0.2217  11.1699 275.3347 101.8864  79.3942   7.39 2453157.50000   48.4756 02:01   1
  47.8315   0.2305   9.2693  88.9917  51.6211 286.7791   8.60 2453157.50000   47.1397 02:01   5
  47.7112   0.2424  13.6758  26.1375 138.9886  65.6762   8.35 2453157.50000   45.5687 02:01   4
  47.9609   0.2646   0.6715 157.2655  55.8100  57.7305   8.46 2453157.50000   44.0736 02:01   4
  47.5100   0.2119   5.5756 185.1698  44.5302  57.6426   8.52 2453157.50000   43.8981 02:01   4
  47.7234   0.1996  10.0916 144.0914 278.9494 312.8163   8.46 2453157.50000   42.4999 02:01   4
  47.6120   0.3312   6.1500 331.8325 278.6834 236.4463   7.84 2453157.50000   59.0672 02:01   5
  47.7633   0.3337  16.8670 119.0730 134.3249 133.9680   8.58 2453157.50000   60.8130 02:01   1
  47.7824   0.0906   1.6321 105.0210 242.9393 181.2842   7.37 2453157.50000   52.1111 02:01   5
  47.7203   0.2520   8.3525  99.2596 200.0068 186.8657   7.68 2453157.50000   59.6899 02:01   4
  47.6494   0.2710  15.1702 105.8680 327.7448 312.3320   7.76 2453157.50000   41.4457 02:01   4
  47.6633   0.1501  15.9621 344.3591 258.3331 161.6830   7.70 2453157.50000   54.5435 02:01   2
  47.7062   0.1510  10.2592  14.2731 249.1586 156.4504   8.35 2453157.50000   54.4530 02:01   2
  47.7049   0.1650   8.0643 165.2171  64.3436  19.6012   8.44 2453157.50000   40.4800 02:01   3
  47.7954   0.1722   5.9437 120.4178 290.3349 127.7997   7.48 2453157.50000   53.5931 02:01   4
  48.0098   0.1893   6.3959  27.9353 144.7331 226.5764   8.27 2453157.50000   55.0073 02:01   3
  47.7710   0.1692  16.3581 120.6338  63.0269  99.1219   7.82 2453157.50000   50.3126 02:01   5
  47.7754   0.1389  13.3718  34.3277  46.4118 210.0885   8.20 2453157.50000   53.7112 02:01   1
  48.0510   0.3393  12.7583 197.1743 241.8890 138.3395   8.57 2453157.50000   61.9540 02:01   5
  48.0427   0.1308   0.1796 243.8158 105.8156 281.0007   8.27 2453157.50000   47.6568 02:01   2
  47.7774   0.3021  10.7471 122.7716 120.3418  23.0048   8.45 2453157.50000   35.5683 02:01   3
  47.9529   0.2400   4.7073  91.9460 342.6529 314.3514   7.69 2453157.50000   41.7205 02:01   4
  47.7776   0.3357  10.1068 275.0913 265.8303  86.9243   8.32 2453157.50000   52.0525 02:01   5
  47.8297   0.1553   5.6491  34.4635  69.1915 308.0463   7.89 2453157.50000   44.0745 02:01   5
  47.7463   0.1944  18.9747  14.9421 182.3657  25.6769   7.20 2453157.50000   39.8317 02:01   3
  47.6964   0.2519  13.8155 131.9705 320.4434 104.3680   8.27 2453157.50000   53.1896 02:01   4
  48.0481   0.2874   2.9993  33.6006 353.6224 164.7245   7.38 2453157.50000   61.5600 02:01   5
  47.6659   0.3115   3.1776 231.4716 171.5354 342.5564   6.83 2453157.50000   34.2073 02:01   5
  47.5993   0.1167  10.7953 120.7462 124.3237 143.3218   8.58 2453157.50000   52.2570 02:01   1
  48.0065   0.3397  12.0133   8.8456 265.6109  40.9520   6.57 2453157.50000   39.2049 02:01   5
  47.5987   0.2959   8.8127 138.7443 243.2781 281.0211   8.26 2453157.50000   49.0331 02:01   2
  47.7332   0.2990  14.6493  72.6428  18.4957 128.3962   8.19 2453157.50000   58.5870 02:01   4
  47.6446   0.2842  16.5165 303.2551 213.3887  38.6201   8.63 2453157.50000   39.1848 02:01   2
  47.7811   0.2013  18.9506 184.7146 185.3966 289.0323   7.10 2453157.50000   46.5090 02:01   2
  47.9486   0.1269   5.4658 163.7653 162.0432 311.9255   7.74 2453157.50000   44.3687 02:01   2
  47.6418   0.3025   3.3699 102.3909 308.1884 151.0672   8.49 2453157.50000   60.9732 02:01   5
  47.5529   0.2671  13.8946 259.7735 281.2961  89.3138   7.78 2453157.50000   50.6587 02:01   5
  47.4828   0.2963   8.2825 316.2185 251.2808 247.5529   8.15 2453157.50000   55.7828 02:01   4
  47.7908   0.2414   6.3133 118.8250 315.2629 313.0220   8.35 2453157.50000   41.8158 02:01   4
  47.8810   0.2940  23.3427 347.4803 309.0726  33.6576   8.54 2453157.50000   38.0520 02:01   5
  47.5770   0.2498  26.4111  91.1454 289.4188 242.2207   7.27 2453157.50000   55.0415 02:01   1
  48.0835   0.2896   1.3982 166.1977 195.1836  71.4315   8.45 2453157.50000   47.6007 02:01   1
  47.9880   0.3244  12.6559  44.7639  79.5202 294.2450   6.74 2453157.50000   46.4282 02:01   5
  47.9589   0.2400   0.8062 298.5213  56.8708 352.9919   8.60 2453157.50000   36.5976 02:01   4
  47.6331   0.2673   5.8805  67.4162  45.5055 204.9732   8.65 2453157.50000   59.6133 02:01   1
  47.6266   0.3190  20.3312 115.7839 138.9321  57.9648   8.32 2453157.50000   43.8671 02:01   5
  47.5658   0.2789   3.5679 133.4826 227.0656  74.3776   6.94 2453157.50000   47.6488 02:01   1
  47.7226   0.2686  18.5932 168.1520 308.0841 281.6441   7.22 2453157.50000   48.5534 02:01   4
  47.7230   0.2751   5.0859 240.4953 337.7577 257.3148   7.74 2453157.50000   53.6330 02:01   5
  47.5327   0.2432  12.2975 115.7569 221.6455  75.4318   7.43 2453157.50000   47.4047 02:01   1
  47.5782   0.2566  15.4062 206.1993  56.7767 295.5933   8.60 2453157.50000   45.2132 02:01   1
  47.9842   0.2323  15.1538 104.9366   4.0076  21.0657   8.50 2453157.50000   38.0639 02:01   1
  47.7145   0.2614  13.7687 263.7834 176.8542 132.9208   8.48 2453157.50000   57.5592 02:01   4
  47.9351   0.1882  12.1545  96.2656 130.4379  68.0133   7.93 2453157.50000   46.1494 02:01   5
  47.7540   0.2707  14.0130  98.2305 221.2195 193.0767   8.56 2453157.50000   60.4742 02:01   4
  47.6067   0.2287  23.4421 119.4747  90.2573 252.0361   8.63 2453157.50000   52.9488 02:01   5
  47.4673   0.2258   2.0371  40.2819  98.2731 349.8302   8.27 2453157.50000   37.0268 02:01   0
  47.6289   0.2851   3.1913 113.5932 300.8754 328.7903   8.09 2453157.50000   37.5669 02:01   5
  47.7070   0.1780  14.4917   6.2834  13.7037  47.2767   8.35 2453157.50000   42.9216 02:01   0
  47.6979   0.3464  21.6742 200.8405  41.2907  52.1630   8.26 2453157.50000   42.2968 02:01   4
  47.9331   0.2553   8.9829  65.9546 178.0400   4.2458   8.32 2453157.50000   35.7547 02:01   3
  47.7122   0.3634   2.5338 167.2323  52.7604 238.9391   8.24 2453157.50000   60.1053 02:01   4
  48.0586   0.2856   9.5555 257.9335 231.8531 232.0782   7.72 2453157.50000   58.3731 02:01   2
  47.9620   0.3294   1.3904  60.2301 161.6129 201.9068   8.06 2453157.50000   63.1073 02:01   3
  47.7369   0.2836  23.5129  30.0145 267.2447  29.5768   7.83 2453157.50000   37.3704 02:01   5
  47.7100   0.1813   9.0633 359.6503 150.9828 283.3823   7.62 2453157.50000   47.2560 02:01   5
  47.9329   0.0702   0.8273 285.1345 118.4004 209.3623   8.45 2453157.50000   50.9180 02:01   0
  48.0657   0.0925   4.9490 219.9662 320.7232   4.9257   7.46 2453157.50000   43.6416 02:01   2
  47.5351   0.2170   5.6612 103.8982   4.3896 112.7671   8.63 2453157.50000   53.1806 02:01   4
  47.7341   0.1392   0.8888 128.8223 101.9660 334.2847   7.50 2453157.50000   41.9606 02:01   2
  47.6906   0.3626   2.5302 148.9151 262.4931 155.7374   8.28 2453157.50000   64.1476 02:01   5
  47.7516   0.2608  11.1553  78.4904 163.4283 188.8280   6.60 2453157.50000   60.1138 02:01   3
  47.7342   0.2805   3.5674 161.8189  99.1533 223.0076   8.63 2453157.50000   58.8311 02:01   4
  47.6397   0.3234   9.3567  26.9636 168.4461 334.3627   7.52 2453157.50000   35.2900 02:01   1
  47.7490   0.1757   7.2342 123.9346 198.8956  20.3612   7.54 2453157.50000   40.1162 02:01   5
  47.6062   0.1186   5.6380  92.1011  24.3954 196.2525   6.76 2453157.50000   53.0700 02:01   1
  47.7017   0.3120  24.1879  39.3769 325.7937 180.0439   8.28 2453157.50000   62.5834 02:01   5
  48.0451   0.2660   2.8920 144.6233  18.7597 270.9961   8.46 2453157.50000   51.0938 02:01   4
  47.6854   0.2840  12.9589 115.4474  20.5544   3.2584   8.08 2453157.50000   34.1859 02:01   1
  47.5839   0.2452  12.7120  10.1890 238.3797   6.0151   8.02 2453157.50000   36.0305 02:01   3
  47.7839   0.1262   5.8631 159.4978 359.8832 320.2102   7.35 2453157.50000   43.5105 02:01   0
  47.5190   0.2763  10.4684  51.5537 307.5253 174.6822   8.12 2453157.50000   60.6160 02:01   4
  47.5997   0.2848   2.1199 137.0779  67.6804 225.6966   7.59 2453157.50000   58.5538 02:01   4
  47.8318   0.2751   3.0383 183.4046 357.4599 155.6454   8.16 2453157.50000   60.2600 02:01   1
  47.5654   0.2506   6.2048 142.5902 163.0805 320.1730   8.66 2453157.50000   40.0621 02:01   2
  47.9340   0.2698  11.4182  25.2196 279.7402 194.9895   8.24 2453157.50000   60.5928 02:01   4
  47.5421   0.1936  11.4115 134.7242 322.5106 291.7337   8.39 2453157.50000   45.8113 02:01   4
  47.6170   0.2978   1.3676 342.4128 176.5808   9.1630   8.54 2453157.50000   33.7999 02:01   2
  47.5984   0.2102  32.0187  89.8907 358.4434  12.2867   7.31 2453157.50000   37.9558 02:01   0
  47.5957   0.2968  13.9283 265.6286 288.8808 254.6078   7.96 2453157.50000   54.6815 02:01   4
  47.6206   0.3116   4.4840 109.3101  15.4192 174.7927   7.70 2453157.50000   62.4233 02:01   0
  47.6494   0.2120   5.0943 179.3022 106.2457 308.9536   8.00 2453157.50000   42.8672 02:01   2
  47.9902   0.1696  32.5025 120.0664 108.1845 334.9706   8.07 2453157.50000   40.9321 02:01   2
  47.8816   0.2541  18.5913 132.8453 299.1530 309.5765   7.31 2453157.50000   42.4429 02:01   4
  47.7809   0.1614  12.5806 128.2162 351.6458 115.8440   8.39 2453157.50000   52.0430 02:01   5
  47.8653   0.2372  13.7988 133.8950 209.1618 263.8912   7.38 2453157.50000   51.5539 02:01   1
  47.6592   0.2136   1.2292 143.9496 158.0328 180.9292   8.35 2453157.50000   57.8403 02:01   4
  47.5928   0.2061  28.4366  97.5594 219.3775 359.9908   7.97 2453157.50000   37.7838 02:01   4
  47.7514   0.3131  10.4508  90.3270  54.6061 206.6654   8.36 2453157.50000   61.7658 02:01   2
  47.7435   0.2338   2.5899 271.9667 356.2232 209.5184   8.43 2453157.50000   57.9380 02:01   4
  47.6366   0.2740  22.6105 265.8828 149.2293 144.0934   8.09 2453157.50000   59.1141 02:01   4
  47.9811   0.2867   5.9920 357.8714 293.5422 201.9838   8.58 2453157.50000   61.1257 02:01   4
  47.7365   0.2930   2.7242  59.3074 104.1168 165.5848   8.13 2453157.50000   61.4566 02:01   1
  47.7545   0.2512  12.8485 248.1280  73.4765 179.9902   7.98 2453157.50000   59.7513 02:01   4
  47.6528   0.1280   7.4723  45.7805 176.4610 249.9839   8.55 2453157.50000   50.3819 02:01   5
  47.7448   0.1178   6.7280 264.3018 183.2098 287.6942   8.51 2453157.50000   46.6649 02:01   4
  47.6530   0.2681  12.6671 120.0660 244.8310 246.2108   8.36 2453157.50000   55.1967 02:01   1
  47.7504   0.2579  10.8846 195.1962 225.1394  61.6546   8.01 2453157.50000   44.7694 02:01   2
  47.9968   0.2005   8.2657 331.0454   2.1523  12.6518   8.13 2453157.50000   38.7345 02:01   5
  47.6997   0.2705   6.5727 341.4922 295.8367  27.1353   8.64 2453157.50000   37.3020 02:01   4
  47.6309   0.1647   3.7976 247.1642 118.5895 247.3330   8.57 2453157.50000   51.6455 02:01   1
  48.0839   0.3349  11.1157  69.0716  34.9583 282.7032   7.19 2453157.50000   49.8701 02:01   4
  47.6809   0.2691  17.2864 333.6166  38.1507 182.3795   7.23 2453157.50000   60.5041 02:01   5
  47.6576   0.2480   8.0118 105.9803 113.0624 341.8538   8.64 2453157.50000   36.8527 02:01   2
  47.6608   0.1256   4.5710 145.7971 234.0523 156.2831   8.51 2453157.50000   53.2439 02:01   4
  48.0096   0.2229  24.5049  81.8581 324.6009 336.7170   8.38 2453157.50000   38.7042 02:01   5
  47.6276   0.0834  10.6692  76.1531  27.6561 187.4270   7.90 2453157.50000   51.5721 02:01   0
  47.7680   0.2024   1.4687  27.0337 127.9282 345.5026   8.10 2453157.50000   38.5773 02:01   1
  47.5575   0.2822  20.0904 139.5960 132.1349 154.4268   8.63 2453157.50000   60.1638 02:01   2
  47.7946   0.1993  13.4121 217.1122  75.6636 203.7901   7.24 2453157.50000   56.7514 02:01   4
  47.7934   0.1852  19.7637 190.0545  53.9107  37.5084   8.49 2453157.50000   41.5360 02:01   4
  47.7942   0.1109  13.3159 187.5411 229.1510 320.7526   7.91 2453157.50000   43.9594 02:01   4
  47.9826   0.2997   2.8218 303.5786  16.2819  68.2840   7.24 2453157.50000   46.8289 02:01   0
  47.8059   0.3026   7.7473 350.3084 122.7818 108.5899   7.13 2453157.50000   55.7075 02:01   4
  47.8358   0.2556  17.7704 148.2555 135.9834 216.9566   8.45 2453157.50000   58.4543 02:01   5
  47.7358   0.1984  11.4861  38.4432 258.7198 199.8890   8.39 2453157.50000   56.8104 02:01   4
  47.7392   0.1461  14.9101  77.1163 170.2045  50.2497   6.82 2453157.50000   43.9714 02:01   4
  47.5868   0.2510  11.3152  50.0837 116.9266 263.1549   8.33 2453157.50000   51.7371 02:01   4
  47.7285   0.2933  15.5786 240.3557 139.3120 231.9039   7.84 2453157.50000   58.3095 02:01   1
  47.7604   0.1976   7.0085 158.1126 170.4151 199.3417   8.18 2453157.50000   56.8254 02:01   5
  47.4931   0.2809   5.0395  58.0351  67.8499 287.9187   7.31 2453157.50000   47.0663 02:01   4
  47.7226   0.2002  11.1068 223.5963 267.6958 357.0244   8.63 2453157.50000   38.1907 02:01   1
  47.7030   0.2512  16.9600   8.4666  76.1563 130.4677   7.72 2453157.50000   56.8519 02:01   4
  47.6354   0.3615   5.2622 211.6406  15.5844 319.6985   8.10 2453157.50000   38.4686 02:01   1
  47.7945   0.1422  18.0216 134.5694  71.4630 163.6496   8.28 2453157.50000   54.3786 02:01   1
  47.7468   0.2517   4.0551 156.1018 189.4828 174.2555   7.78 2453157.50000   59.7265 02:01   4
  47.5065   0.3416   6.1282 333.8707 334.9894  94.8500   8.59 2453157.50000   53.8181 02:01   1
  47.7257   0.2645   3.0063 181.6143 162.0175 355.1643   7.04 2453157.50000   35.1865 02:01   4
  47.9992   0.3447  14.7557 237.0374 118.4448  68.6566   8.23 2453157.50000   47.5375 02:01   1
  47.6565   0.2507  26.2250  35.4091 111.4454 168.4854   7.57 2453157.50000   59.4508 02:01   1
  47.7188   0.2329   2.9279 336.6665 351.8410 162.3262   7.79 2453157.50000   58.4864 02:01   4
  47.5305   0.2310   2.8709  19.4322 101.5905   7.3929   8.17 2453157.50000   36.7056 02:01   1
  47.5902   0.2289  29.0956 204.7188 305.8315 192.6203   7.50 2453157.50000   58.3105 02:01   1
  47.6004   0.2156   1.6780   0.7223 325.6119 198.6784   8.29 2453157.50000   57.4943 02:01   5
  47.7800   0.3115  21.1399 173.5296 255.0474  49.4195   6.98 2453157.50000   41.6514 02:01   1
  47.5852   0.0730   8.2565  15.8348  71.1073 134.2081   8.36 2453157.50000   50.1287 02:01   5
  47.9165   0.2498   0.4088 172.2811 233.3575 143.8665   8.24 2453157.50000   58.3672 02:01   4
  47.6144   0.2556  18.3441 263.8458 196.4982 312.3601   8.05 2453157.50000   41.5979 02:01   5
  47.6581   0.2613  15.5939 294.9691 357.5996  87.2930   6.75 2453157.50000   50.2353 02:01   0
  47.7361   0.0746   2.5550  57.7358 330.8618  97.0594   8.57 2453157.50000   48.4312 02:01   2
  47.6589   0.2703   1.7378 118.2745 164.5463 215.3865   8.36 2453157.50000   59.0214 02:01   5
  48.0718   0.0845   2.2786  10.5570 206.7149 136.9694   8.36 2453157.50000   51.1857 02:01   1
  47.7041   0.2223  13.9987  52.7257 119.2805  76.0675   8.47 2453157.50000   47.4818 02:01   4
  47.7262   0.3166  23.2740 277.3644  96.5361 168.3708   7.52 2453157.50000   62.6580 02:01   5
  47.7525   0.3347   2.1489  21.2856  36.7351  88.5335   6.97 2453157.50000   52.3953 02:01   3
  47.8670   0.2166  11.5411 214.3466 138.4512 231.3336   8.60 2453157.50000   55.4646 02:01   0
  47.5273   0.3437   0.3075 167.7656 280.5847 281.8393   8.54 2453157.50000   49.7097 02:01   4
  47.9698   0.3160   2.5030 285.7308 335.2565 225.7956   8.54 2453157.50000   60.3390 02:01   5
  47.7131   0.3459  21.0487 241.4261 351.6714  57.1231   7.27 2453157.50000   43.8282 02:01   4
  47.7478   0.1089   2.4810  36.6983 225.1930  21.5409   8.45 2453157.50000   43.0012 02:01   4
  47.4793   0.2690  11.2188  31.7800 154.8088 333.9420   8.22 2453157.50000   37.0012 02:01   1
  47.7490   0.2013   9.9942 136.3217   0.7521  15.7862   8.63 2453157.50000   38.6959 02:01   1
  47.7446   0.1690   4.3101  76.2367  55.3268 359.3895   8.33 2453157.50000   39.6763 02:01   1
  47.7342   0.3079   9.3305 122.0994 342.5915 219.1851   8.64 2453157.50000   60.4265 02:01   2
  47.6762   0.2276   7.5904 309.6562 275.8808  25.9552   7.88 2453157.50000   38.5833 02:01   3
  48.0697   0.1704   2.7461 131.9819  66.2611 144.0271   8.62 2453157.50000   55.0951 02:01   1
  47.7655   0.2507  34.0351 149.9733 182.1973 255.4978   7.69 2453157.50000   53.2518 02:01   1
  47.8714   0.2763  28.3525   7.8619 229.2879 248.4998   7.85 2453157.50000   55.3695 02:01   5
  47.5309   0.1894  18.8160 277.6329  35.8187  96.9119   7.15 2453157.50000   50.2047 02:01   1
  47.6837   0.1087  11.0345 141.4292 109.5672  53.2675   8.55 2453157.50000   44.9808 02:01   5
  47.6516   0.2622  11.5952   2.7842  44.7022  70.5216   8.63 2453157.50000   46.6711 02:01   2
  47.7937   0.2807   8.4286 208.5831  85.1275 282.4132   8.30 2453157.50000   48.6448 02:01   1
  47.5507   0.2400  15.4953 307.5698 257.8901 242.2888   8.25 2453157.50000   54.6514 02:01   4
  47.7457   0.2876  13.0417 315.7410  59.8210  81.9146   8.65 2453157.50000   49.7096 02:01   2
  47.8647   0.1460   5.1423  65.4917 245.8399 208.3839   7.52 2453157.50000   54.2052 02:01   5
  47.7770   0.2223   1.6452 298.5273 146.8772 308.0146   8.46 2453157.50000   43.0168 02:01   4
  47.7258   0.2800   5.2403 272.8117 208.2244 358.4757   8.00 2453157.50000   34.3705 02:01   0
  47.5532   0.2860  12.8222 236.6160 237.6232 114.0801   8.58 2453157.50000   55.7649 02:01   4
  47.6043   0.2916   2.6960  60.6030 184.5113 242.2070   8.15 2453157.50000   56.6205 02:01   5
  47.7293   0.1723  14.4091 109.3168 218.2406 349.9584   8.63 2453157.50000   39.6881 02:01   4
  47.8076   0.2717  16.9781  94.4109  71.9299 254.9779   7.76 2453157.50000   54.0406 02:01   4
  47.5037   0.1416  12.0590 134.4830 158.7785  37.7979   8.65 2453157.50000   42.6129 02:01   5
  47.6770   0.2969  14.0594  23.9736  34.5703 222.0665   8.21 2453157.50000   59.5693 02:01   1
  47.7664   0.3282   4.6416 286.8119  50.0768  74.1461   8.53 2453157.50000   48.5668 02:01   1
  47.8941   0.2573   9.0436 202.7185  97.0044 106.9582   7.74 2453157.50000   54.0114 02:01   1
  47.6915   0.1100  23.2345 255.0953  65.4461  96.0139   8.49 2453157.50000   48.7981 02:01   1
  47.8382   0.3294  15.9506  42.8703 357.1218 226.2114   7.64 2453157.50000   60.6980 02:01   1
  47.5710   0.2733  12.0586 115.1108  40.1823 291.3927   7.75 2453157.50000   46.2537 02:01   5
  47.5265   0.1983   3.0716 209.5693 237.6278 281.3013   7.98 2453157.50000   47.5367 02:01   3
  47.6233   0.2301   0.7627  65.8929  69.8982 262.3467   7.20 2453157.50000   51.3773 02:01   4
  47.7837   0.1408   3.8575 146.6654 333.6523  82.2454   8.66 2453157.50000   47.8204 02:01   3
  47.9543   0.2040   0.9419 206.4990 293.6906 280.2158   8.32 2453157.50000   48.2046 02:01   4
  47.6974   0.2734  13.8675 274.5545 225.9049 277.3024   6.81 2453157.50000   49.5579 02:01   4
  47.5004   0.2430  11.7750 351.2961 259.5340  47.8254   8.15 2453157.50000   41.7057 02:01   4
  48.0974   0.2564   3.7414  80.5997  74.1050 100.8943   8.20 2453157.50000   53.1680 02:01   5
  47.5088   0.3189  14.4990   2.1203 112.7035 116.3129   7.30 2453157.50000   57.2974 02:01   4
  47.7756   0.3106  21.6438 119.8975 200.8917 201.3323   8.63 2453157.50000   62.0158 02:01   5
  47.7884   0.0963   5.6807 181.2454 247.2542 133.6099   8.47 2453157.50000   51.1715 02:01   4
  47.5077   0.2294  12.2303 333.7719 225.3883 157.4611   7.79 2453157.50000   57.8492 02:01   1
  47.7633   0.2938   1.4953   2.9214 211.4792  63.8036   7.70 2453157.50000   45.4231 02:01   4
  47.5840   0.3220   3.0139 106.9155  63.3063 334.5837   7.84 2453157.50000   35.2426 02:01   0
  47.6203   0.2489   1.3065 184.0496  86.7000 280.6177   8.58 2453157.50000   48.3674 02:01   0
  47.6319   0.2945   2.2779  83.8817 262.5419 300.1895   6.37 2453157.50000   44.2852 02:01   2
  48.0717   0.2315   4.0146 313.8842   7.8884  21.0318   8.42 2453157.50000   38.1609 02:01   5
  47.8582   0.2945  10.2682 115.1410 196.7980  33.8240   7.58 2453157.50000   38.0592 02:01   5
  47.5080   0.2962  11.9727 152.1261  98.7021 351.0624   8.38 2453157.50000   33.7791 02:01   2
  48.0725   0.2528  20.9642 197.3563 137.0925  81.9733   8.11 2453157.50000   49.4207 02:01   1
  48.0337   0.1331   4.2907 309.7499  43.8883 321.6502   7.00 2453157.50000   43.4047 02:01   3
  47.6806   0.2439   2.2973 148.0140  64.6037  59.6937   8.28 2453157.50000   44.2925 02:01   4
  47.6456   0.2522  19.6667 292.1693  23.0217 327.1838   8.31 2453157.50000   38.8007 02:01   3
  47.6989   0.2234   5.8791 142.1653 283.7603 234.8956   8.49 2453157.50000   55.1362 02:01   1
  47.5001   0.1858   3.4340  17.7090 288.1787 352.0516   8.04 2453157.50000   38.8022 02:01   3
  47.6636   0.1270   9.0751 180.3661 150.0724 270.5420   8.21 2453157.50000   48.3677 02:01   1
  47.9830   0.1843   1.7561 125.0792   7.2407 110.2679   8.61 2453157.50000   52.3323 02:01   5
  47.6038   0.0904  13.3459  69.4078 201.4057 334.7067   7.32 2453157.50000   43.7927 02:01   2
  48.0352   0.2255   9.8030 133.3355  32.8339 189.5466   6.35 2453157.50000   58.7658 02:01   2
  47.7158   0.2734  21.3810 109.9905 356.3042 196.0978   7.81 2453157.50000   60.4432 02:01   1
  47.7139   0.2591   3.2229 136.9739 203.5434  80.9954   6.85 2453157.50000   48.9554 02:01   1
  47.7499   0.3506  10.7960 193.0004 131.9210 198.4927   8.39 2453157.50000   64.0121 02:01   5
  47.5538   0.2089  23.2369 133.3601 128.2976 331.6902   7.93 2453157.50000   39.4378 02:01   2
  47.7176   0.2043  21.1264   8.5149  50.8876 150.9016   7.91 2453157.50000   56.6046 02:01   5
  47.7195   0.2106   6.9812 118.1903 135.5704 313.3305   8.23 2453157.50000   42.2112 02:01   1
  47.5900   0.3028  26.3012  56.0054 321.9282 239.4676   8.40 2453157.50000   57.4532 02:01   1
  47.6552   0.3659  19.1273 110.3253 286.2934  48.7016   8.20 2453157.50000   41.1689 02:01   1
  47.7003   0.1576   1.1724  36.6554 252.4306 311.8532   8.63 2453157.50000   43.4528 02:01   2
  47.6629   0.0871   0.4825 358.5351 127.6509 193.4884   7.62 2453157.50000   51.7162 02:01   1
  47.7941   0.2994   8.9004 269.2731 226.7693  71.6035   6.89 2453157.50000   47.4825 02:01   3
  47.6785   0.3469  18.6756  68.8666 106.3378 239.3666   7.60 2453157.50000   59.3229 02:01   4
  47.4985   0.2079  14.1413 280.8314 358.2351  96.9702   8.46 2453157.50000   50.5967 02:01   0
  47.7589   0.1075  16.3417  48.3688 163.7205 227.6911   8.61 2453157.50000   51.4868 02:01   4
  47.6833   0.3190  13.6150 122.5390   1.5518   2.1437   8.41 2453157.50000   32.4974 02:01   1
  47.7469   0.2129   9.2496  53.7289 167.4764 151.3674   8.55 2453157.50000   57.0530 02:01   1
  47.9824   0.2629  18.8176 312.4864 346.2942  12.1507   8.49 2453157.50000   35.8822 02:01   4
  47.7759   0.3472   1.4918  36.5463 288.6768 359.9765   8.51 2453157.50000   31.1878 02:01   4
  47.7290   0.2362   4.4586  63.1737 186.4776  43.9161   8.61 2453157.50000   41.2637 02:01   4
  47.7548   0.2651  19.2416 348.4409 226.5379  60.6460   8.58 2453157.50000   44.5509 02:01   4
  47.5658   0.3304   4.3277  97.8873  41.2077 210.6521   8.62 2453157.50000   62.0112 02:01   2
  47.6288   0.1595  12.2361 124.6405  47.8149  29.7186   8.49 2453157.50000   41.4041 02:01   2
  47.6760   0.3055   1.9995  39.1103 325.9038  70.8290   8.57 2453157.50000   47.2500 02:01   1
  47.9301   0.2468  13.5052  26.2120 156.2320 256.7512   8.57 2453157.50000   53.1080 02:01   4
  48.0476   0.3160  17.2104 220.1867   0.4373 136.6368   7.76 2453157.50000   60.7220 02:01   1
  48.0640   0.2903  29.9921 216.4357 226.9601  19.8401   7.54 2453157.50000   35.6907 02:01   1
  47.6447   0.2698  13.7215 232.7642 116.8486 266.8881   7.96 2453157.50000   51.5792 02:01   1
  47.6979   0.2235   8.3912 147.8055 302.3708 123.7960   8.28 2453157.50000   54.9869 02:01   4
  47.7170   0.2408  16.4796 310.5051 346.6525  29.4851   8.30 2453157.50000   38.6593 02:01   5
  47.6404   0.3374  13.9963 205.1679 181.2787  51.9667   8.44 2453157.50000   42.1823 02:01   1
  47.7505   0.1877   2.8268  44.5160 281.6152 210.7167   7.70 2453157.50000   55.8054 02:01   5
  47.8208   0.2103  22.6966  61.1168 283.7773 185.1782   8.29 2453157.50000   57.8508 02:01   5
  47.7845   0.2750   4.8615 252.0380 340.1009  49.3534   8.64 2453157.50000   41.9104 02:01   4
  48.0568   0.2633  13.5529  75.6660  20.0801  29.9308   8.30 2453157.50000   38.2974 02:01   1
  47.4580   0.3372  17.3537 249.3278 320.9840 176.2290   7.90 2453157.50000   63.4391 02:01   2
  47.5432   0.3001   7.1949  55.2246  41.6974 313.5337   8.60 2453157.50000   40.7548 02:01   5
  47.7999   0.2424  16.4518 202.4006  37.5241 325.4217   8.22 2453157.50000   39.5035 02:01   1
  47.6340   0.1443  18.2737 168.9801 252.9526  34.8204   7.55 2453157.50000   42.3804 02:01   1
  47.5281   0.1537   3.9995 105.4317 100.3115  78.3603   8.51 2453157.50000   47.1656 02:01   5
  47.5253   0.2385  11.5222 109.1328 139.1030 235.8713   8.29 2453157.50000   55.3930 02:01   5
  47.7618   0.2007   0.5578 301.8238  74.0330  57.8557   8.45 2453157.50000   44.2574 02:01   1
  47.8380   0.2464  19.8155 201.3867 241.8215 106.3394   8.13 2453157.50000   53.5022 02:01   4
  47.7492   0.2551   2.4917 131.1771 181.9676  79.5059   7.48 2453157.50000   48.6168 02:01   0
  47.8311   0.2720  13.0758 297.7345 289.6568 126.2558   8.49 2453157.50000   57.3313 02:01   1
  47.6731   0.2647  19.6151  93.1812 250.9830 154.3133   8.09 2453157.50000   59.5025 02:01   4
  47.7669   0.1865  10.9996 103.0046  27.3931 291.5998   8.39 2453157.50000   46.0496 02:01   5
  47.7381   0.3045  11.0663 209.3497 318.0929 158.4729   8.18 2453157.50000   61.6736 02:01   1
  47.7412   0.3077  11.7167 335.3498 344.0322  14.4657   8.50 2453157.50000   33.9979 02:01   4
  47.9933   0.2114  19.6615 116.7992 119.5627  41.7586   8.13 2453157.50000   41.6346 02:01   4
  47.9879   0.2789  14.3316 220.1049  67.9655 100.9178   8.43 2453157.50000   53.7195 02:01   1
  47.7240   0.3108   1.5083 107.3935  65.4412 108.2450   8.58 2453157.50000   55.8367 02:01   5
  47.7838   0.3341  11.8106 235.3743 291.4268  38.4475   8.41 2453157.50000   38.3813 02:01   3
  47.6978   0.2854   2.8842  90.0688  63.0769 197.9963   7.38 2453157.50000   60.9056 02:01   2
  47.6939   0.2061   6.1673  10.8155 235.1967 319.9449   8.47 2453157.50000   41.2406 02:01   1
  47.7194   0.2375   8.2039 257.6628  76.1307 262.9215   8.01 2453157.50000   51.5712 02:01   1
  47.9318   0.2341   3.8171 114.9937 138.3030 287.4924   8.36 2453157.50000   47.1268 02:01   0
  47.7852   0.1339   2.0841  84.0838  83.3327 228.4726   8.34 2453157.50000   52.4490 02:01   3
  47.7345   0.2495  11.7851 141.9056 286.1468 128.2947   6.75 2453157.50000   56.5687 02:01   4
  47.6041   0.1826   1.0389 237.5130 278.3819  46.7389   8.53 2453157.50000   42.6607 02:01   3
  47.7238   0.2820  14.9204 231.6781  82.4997 100.5715   8.02 2453157.50000   53.4536 02:01   1
  47.8058   0.2540  12.9971 105.8549 134.4958 231.6944   8.48 2453157.50000   56.8345 02:01   4
  47.7538   0.2754   5.6910  29.9989 265.5374  23.4939   7.73 2453157.50000   36.5782 02:01   4
  47.7356   0.3497   5.3984 137.5915 237.2389 256.6003   7.90 2453157.50000   56.2420 02:01   1
  47.7904   0.2047   0.7843 256.1224  46.5975 354.4797   7.92 2453157.50000   38.0783 02:01   4
  47.7432   0.0969   5.2595 188.7655  79.0159  67.3271   8.59 2453157.50000   46.3619 02:01   5
  47.5778   0.1600   6.9953   1.3400 337.9636 319.3185   8.64 2453157.50000   42.4291 02:01   3
  47.6962   0.2068  14.9339 264.2989 277.5405  14.7633   8.28 2453157.50000   38.3461 02:01   2
  48.0376   0.2600   8.6892 222.1948 337.5141 153.3104   7.93 2453157.50000   59.6773 02:01   1
  47.6749   0.3127  12.8046 111.8363  99.6060 324.8198   8.47 2453157.50000   37.8206 02:01   1
  47.7840   0.2375  16.4139 138.0695 212.6048  66.8932   8.56 2453157.50000   45.8733 02:01   1
  47.7276   0.3632  12.5144 106.5766 118.6572 138.1688   7.31 2453157.50000   62.5720 02:01   1
  47.7715   0.1982   6.3669 171.9507 255.2339  64.0726   7.81 2453157.50000   45.3279 02:01   2
  47.6414   0.0710   6.9186 290.0359 313.4194 317.2185   8.38 2453157.50000   45.2778 02:01   1
  47.5146   0.2398  12.4809  66.9427  11.9171 207.4404   7.99 2453157.50000   58.0610 02:01   1
  47.7105   0.2800   2.4680 225.0060 195.0611 320.8657   8.53 2453157.50000   39.4353 02:01   4
  47.7053   0.2573  23.2603 103.6753 132.6114 329.6118   7.08 2453157.50000   38.2806 02:01   1
  47.6637   0.2813   1.3306 268.5311   9.6249 109.4324   6.94 2453157.50000   54.9572 02:01   1
  47.7383   0.1944  12.8516 221.7160  21.0664 325.3819   7.73 2453157.50000   40.8503 02:01   1
  48.0331   0.2445   6.8143 258.2407 212.5894 124.4299   8.43 2453157.50000   56.2543 02:01   5
  47.7084   0.2676  12.0581  98.4208 246.9065 268.5874   8.34 2453157.50000   51.2569 02:01   1
  47.9264   0.3060   8.4347 336.2918 269.9699 238.9297   8.23 2453157.50000   58.0672 02:01   5
  47.7075   0.2954   8.1455 356.6275  90.1511 315.7763   8.51 2453157.50000   40.3827 02:01   5
  47.6249   0.2749  17.6742  82.6593  65.0203 166.6719   7.32 2453157.50000   60.4968 02:01   1
  47.7742   0.1893  26.1362 241.2083 144.9823 347.8044   7.99 2453157.50000   39.0401 02:01   5
  47.7327   0.3226  22.5137  14.2906  36.9445 323.1704   8.50 2453157.50000   38.0933 02:01   4
  48.0251   0.4115  10.8572  91.8122 276.0050 251.6298   8.40 2453157.50000   59.9624 02:01   1
  47.6723   0.2150  13.0930 188.8901 279.5940 288.6168   7.34 2453157.50000   46.5345 02:01   4
  47.7564   0.2740  17.8634 130.9089 169.5976 195.7205   8.40 2453157.50000   60.5369 02:01   4
  47.7639   0.2588  19.9183 297.7896 238.7632 164.6036   8.56 2453157.50000   59.8437 02:01   1
  47.9159   0.3133  15.6833 316.6238  99.3826 215.1230   7.78 2453157.50000   61.2933 02:01   1
  47.5422   0.2334   6.9262 312.5634 132.2952 122.2661   8.65 2453157.50000   54.9942 02:01   4
  47.6075   0.2229   6.4074 229.0964 193.5661 224.4609   6.82 2453157.50000   56.1042 02:01   1
  47.7711   0.2482  19.1377 350.3004 210.5722 337.2886   8.02 2453157.50000   37.4785 02:01   1
  48.0869   0.1531  12.5173 310.2100  58.6410 235.7981   8.22 2453157.50000   52.8998 02:01   1
  47.6519   0.0738   5.1856  72.2543 247.9659 143.4340   8.24 2453157.50000   50.5591 02:01   3
  47.6186   0.1206   9.9194 330.7273 221.5351 180.1412   7.66 2453157.50000   53.3591 02:01   2
  47.5397   0.2369  27.5962 165.2297 205.0844 247.0282   7.81 2453157.50000   53.8712 02:01   1
  47.6800   0.2664   4.1714  81.5222 220.8586 283.2905   7.53 2453157.50000   48.1152 02:01   1
  47.7903   0.1926  13.3383 243.1782 322.5143 348.7699   8.42 2453157.50000   38.8543 02:01   2
  47.7315   0.1695  16.2383 186.9090 295.1779 123.3311   8.34 2453157.50000   53.0072 02:01   5
  47.6560   0.2321  21.1722 120.6271 243.5690  81.0820   7.88 2453157.50000   48.4935 02:01   1
  47.6356   0.3103  13.8076 143.0595 142.0273 281.6228   8.05 2453157.50000   49.1954 02:01   1
  47.7183   0.2817  22.0703  11.5505  86.4349 113.5793   7.57 2453157.50000   55.7215 02:01   4
  47.6863   0.2711   6.5536 358.7198 310.5485  14.7993   7.79 2453157.50000   35.5495 02:01   4
  47.6482   0.2768  11.9239  87.7531  28.6226 117.0668   8.49 2453157.50000   56.0087 02:01   5
  47.7207   0.3041   2.4631 236.3713 222.3753 123.6224   8.23 2453157.50000   58.1205 02:01   4
  47.6843   0.2386   5.2618 129.6954 358.6326 188.5964   7.41 2453157.50000   58.9778 02:01   1
  47.6247   0.1941   0.8761  36.4163  24.4306 303.0076   8.06 2453157.50000   44.0495 02:01   4
  47.5892   0.2359  11.5153 228.6742 112.7984 266.9660   7.36 2453157.50000   50.6881 02:01   1
  47.7241   0.1106  15.8140 223.2976 266.0073  21.0855   7.79 2453157.50000   42.8890 02:01   1
  47.6664   0.1143  16.3834 322.5086  10.7575 238.1390   8.48 2453157.50000   50.9530 02:01   0
  47.8630   0.2193   2.3878 139.3806 114.8657 306.4714   8.47 2453157.50000   43.4121 02:01   1
  47.5089   0.0777  14.3725 178.4405 312.1303 282.5672   7.03 2453157.50000   46.9851 02:01   4
  47.7220   0.2541  17.0512  83.6461 314.7104 328.4137   7.93 2453157.50000   38.5937 02:01   4
  47.7487   0.1378   2.4267  26.4619  22.6540 139.4096   6.69 2453157.50000   53.0749 02:01   4
  47.5652   0.2891  15.6813 228.2660 197.4268  70.5202   8.17 2453157.50000   46.8605 02:01   2
  47.6376   0.3274  12.0872  58.6118  82.5787 190.1488   6.23 2453157.50000   63.0953 02:01   1
  47.8570   0.2649   5.8919 286.6577 185.0094   0.2387   8.43 2453157.50000   35.1786 02:01   0
  47.6037   0.2778  10.7591 283.6860 212.8273  42.2042   8.58 2453157.50000   40.0731 02:01   2
  47.6115   0.2701   7.2714 151.3822 250.6712 342.4480   7.91 2453157.50000   35.8465 02:01   5
  47.7841   0.3172  23.8546 167.5354 204.3324  76.4311   8.34 2453157.50000   48.9868 02:01   1
  47.8860   0.2324   4.3716 154.2325 122.1212 103.0627   8.40 2453157.50000   52.6096 02:01   1
  47.6388   0.2834   8.0592 213.6074 283.5969 283.8075   8.55 2453157.50000   48.2085 02:01   4
  47.7516   0.2421   4.9931  98.8780 255.9165 189.5758   8.13 2453157.50000   59.2100 02:01   5
  47.7817   0.2214  11.5598 222.1802 105.0199 166.3331   7.90 2453157.50000   58.1581 02:01   4
  47.7576   0.3508   2.3623 165.8054  82.4503 122.9251   7.72 2453157.50000   59.9513 02:01   1
  48.0121   0.2142   9.3519  67.7330  12.3514 225.2497   7.52 2453157.50000   56.1443 02:01   1
  47.7631   0.1990  11.4365 289.7251 342.0845  88.4609   7.52 2453157.50000   49.3650 02:01   0
  47.7768   0.2899  13.7570  37.4346  19.2950  34.0093   8.60 2453157.50000   38.1457 02:01   1
  47.6768   0.3232  16.1273  24.6134  97.2387 108.4218   7.53 2453157.50000   56.2523 02:01   4
  47.6605   0.1915   1.5794  92.3378 269.6675   0.2989   8.18 2453157.50000   38.5331 02:01   5
  47.7352   0.0999  11.5670 221.1159 217.1389  55.8337   7.93 2453157.50000   45.4109 02:01   2
  47.8653   0.2771  22.9556 349.2718  20.9283 346.2271   8.07 2453157.50000   35.3203 02:01   4
  47.7431   0.2421  22.3351  71.1159  85.8717 110.5775   8.35 2453157.50000   53.9195 02:01   5
  47.7261   0.3043  16.8426  76.3916 232.0378  34.7288   7.87 2453157.50000   37.9347 02:01   5
  47.7096   0.2019   3.3017 116.5041  48.1954  68.1416   8.28 2453157.50000   45.9569 02:01   4
  47.7683   0.3197  19.3042 163.9568 304.4483 223.2551   7.97 2453157.50000   60.5443 02:01   2
  47.7327   0.2495  10.6279  11.9641 340.9429 247.0344   8.06 2453157.50000   54.5165 02:01   1
  47.5738   0.3035  22.4006 282.2539 251.5801 150.2683   7.57 2453157.50000   60.8716 02:01   0
  47.7848   0.1655  13.7809  49.6549 160.5253 307.9956   8.22 2453157.50000   43.8587 02:01   0
  47.8515   0.2210   2.9343  66.9962 328.5538 223.8330   8.33 2453157.50000   56.3718 02:01   1
  47.5334   0.2936   4.9637 337.3181 300.7969 286.8156   7.58 2453157.50000   47.5354 02:01   1
  47.7822   0.3004   7.1487 257.7639 274.5656  36.4309   6.61 2453157.50000   38.4644 02:01   3
  48.0165   0.1374  10.3359 165.7916  49.5906 156.8223   8.07 2453157.50000   54.1970 02:01   1
  47.7049   0.2991  17.9383 133.4282  96.5231  65.0571   8.48 2453157.50000   45.7262 02:01   5
  47.7925   0.2678   2.6043  48.9621  20.3578 192.3311   8.10 2453157.50000   60.4054 02:01   0
  47.7741   0.3320   7.3569  43.3412 149.6352  83.9821   8.65 2453157.50000   51.2212 02:01   5
  47.9075   0.2320  13.3019   1.4987  41.1783 176.9775   8.43 2453157.50000   59.0095 02:01   5
  47.6287   0.2968   9.5399   3.7479  66.6508 143.2404   8.49 2453157.50000   60.0386 02:01   5
  47.6338   0.2710   5.9439  64.9194 155.3179 227.5407   7.28 2453157.50000   57.8079 02:01   4
  47.7467   0.1011   3.7642  65.2585 356.9683 153.3767   8.42 2453157.50000   52.1504 02:01   5
  48.0798   0.1217   2.8056 107.1508 320.6643 165.0884   8.21 2453157.50000   53.7752 02:01   5
  47.6508   0.2753  23.7433 100.2769  66.4650 266.8009   7.78 2453157.50000   51.7443 02:01   4
  47.5903   0.2724  12.8253 158.9197 297.4776 108.2167   8.55 2453157.50000   54.3681 02:01   4
  47.7756   0.1976   5.7254 275.7147 162.7634 306.3323   7.96 2453157.50000   43.6118 02:01   4
  47.7929   0.3687  12.6378  58.6680 122.0164 160.7418   7.95 2453157.50000   64.8823 02:01   1
  47.6025   0.2913   4.4091   2.6774 140.0611 277.9780   8.24 2453157.50000   49.6588 02:01   4
  47.6324   0.2200  16.8290  15.1769 332.2031 169.2109   7.86 2453157.50000   57.9864 02:01   4
  48.0643   0.2081   8.9706 207.7957 213.8072  64.5696   8.51 2453157.50000   45.6693 02:01   2
  47.6737   0.2636   2.2934  52.6339  51.4980  30.3702   8.25 2453157.50000   38.0608 02:01   1
  47.7588   0.3299   5.2166 222.2248 337.4475 340.5903   6.75 2453157.50000   33.9002 02:01   1
  47.7988   0.1538  17.1778  39.0139 313.2634 188.3859   8.04 2453157.50000   55.0905 02:01   5
  47.8554   0.1568   2.0134 126.6484  16.5776 305.0464   6.75 2453157.50000   44.4436 02:01   5
  47.6034   0.2103   9.0289 222.5739 189.7279 317.2419   8.63 2453157.50000   41.4802 02:01   4
  47.5418   0.1176  31.9761 236.0620 127.4475 143.3309   7.73 2453157.50000   52.2309 02:01   3
  47.4986   0.2138   3.7221 117.9334 129.0558 161.6476   7.96 2453157.50000   57.3016 02:01   2
  47.7772   0.3174  13.4140  70.8672 350.8425 142.4797   8.30 2453157.50000   61.0719 02:01   4
  47.6190   0.1531   3.9027 121.6306  76.7827 237.8269   7.65 2453157.50000   52.2078 02:01   4
  47.7647   0.3017   3.0788 105.7343 271.3835  65.5739   8.53 2453157.50000   45.9388 02:01   1
  47.6060   0.2365   5.6951 335.6273 334.3547  23.6741   6.99 2453157.50000   37.9100 02:01   5
  47.9290   0.3314   2.8636  80.1931 187.7250 198.0226   8.04 2453157.50000   63.3694 02:01   4
  47.7113   0.1084  10.7485 240.3708 199.1987 132.6140   7.73 2453157.50000   51.4838 02:01   4
  48.0496   0.2238   2.8116 305.4328  67.8168  98.1005   7.96 2453157.50000   51.7527 02:01   2
  47.8712   0.2992  12.6131 202.3147 333.7085 241.9409   8.10 2453157.50000   57.2684 02:01   4
  47.5283   0.1590   9.8312  40.7567  76.8636  70.8137   8.51 2453157.50000   46.1874 02:01   3
  47.8816   0.3451  11.9071 108.9899  42.9399 354.5224   7.86 2453157.50000   31.5347 02:01   1
  47.6039   0.3014   7.3688  74.3487 197.9705  88.2024   8.08 2453157.50000   51.2906 02:01   0
  47.6989   0.2255  10.1819 138.0484 210.7677  87.6870   7.20 2453157.50000   49.6391 02:01   1
  47.8725   0.1679   7.4390 102.3500 255.3353 186.2478   8.27 2453157.50000   55.8741 02:01   5
  47.6780   0.2910  16.0537 293.6852 138.8129 220.4121   8.29 2453157.50000   59.4871 02:01   1
  47.7167   0.1476   3.9340  57.0056 105.5165  27.8851   8.44 2453157.50000   41.7720 02:01   2
  48.0771   0.2766   8.7113 233.0621 245.8356 227.7903   8.62 2453157.50000   58.5511 02:01   2
  47.6930   0.0887  12.3259 294.2690 247.2977 280.4468   7.79 2453157.50000   47.2959 02:01   5
  47.7910   0.1983   3.1771 168.3140 334.1658 252.7443   8.58 2453157.50000   52.1436 02:01   3
  47.9040   0.1238  11.6837  92.6349 161.3636 355.9569   7.57 2453157.50000   41.9941 02:01   3
  47.6556   0.2793  15.5216 215.9816 149.1879 253.9262   7.62 2453157.50000   54.2973 02:01   1
  47.7930   0.0882  21.2582  41.1452 103.2081 350.3257   7.84 2453157.50000   43.6514 02:01   1
  47.9575   0.1245   6.3742 104.0604 329.7184 321.7605   8.17 2453157.50000   43.6000 02:01   5
  47.4791   0.1281  24.6678 257.6006 353.4843 294.2869   8.60 2453157.50000   45.6728 02:01   1
  47.7383   0.2400   2.3857  25.4567 275.7773 106.8462   8.53 2453157.50000   53.2727 02:01   1
  47.7774   0.1987   2.2860 122.9545 149.4827 200.8539   7.68 2453157.50000   56.8334 02:01   4
  48.0266   0.2079   1.1350 246.0740 174.4524 197.6370   8.32 2453157.50000   57.6872 02:01   0
  47.5716   0.2672  11.1850 117.3711   4.7542  31.9777   8.49 2453157.50000   38.1674 02:01   2
  47.6545   0.0866  16.9293 174.8749 106.1378 348.6688   8.58 2453157.50000   43.6260 02:01   3
  47.6516   0.1913  34.6094 339.4869 289.8680 336.9003   8.09 2453157.50000   39.6247 02:01   2
  47.6911   0.3110  12.5994 219.5214 142.7697 108.0147   7.23 2453157.50000   55.7603 02:01   2
  47.7404   0.2463   4.3417 131.5019 311.6367 321.4054   8.31 2453157.50000   40.0711 02:01   5
  47.7795   0.3339   2.1631 106.2581 286.1887 175.7725   8.32 2453157.50000   63.7084 02:01   5
  47.7710   0.2202   3.5993 270.7774   9.8402 294.5665   7.87 2453157.50000   45.5415 02:01   1
  47.8170   0.2825   7.2616  64.1900  30.7547 241.1499   7.88 2453157.50000   56.6898 02:01   2
  47.9253   0.2452   8.1816   8.5838  31.1858  34.6866   7.90 2453157.50000   39.5485 02:01   0
  47.7811   0.2512   2.5959 125.4734 159.5494 283.0093   8.42 2453157.50000   48.0696 02:01   1
  47.6151   0.2971  14.8839 161.2569 111.1614 219.2300   7.37 2453157.50000   59.7944 02:01   5
  47.6588   0.2778   1.9185 148.7841 205.1638 186.1174   6.07 2453157.50000   60.8542 02:01   5
  47.7348   0.1375  10.9335  77.3756 108.0080  27.5239   8.56 2453157.50000   42.1486 02:01   3
  47.7108   0.2456  10.9375  12.1979  14.7560 343.5311   8.35 2453157.50000   36.8217 02:01   5
  47.7766   0.1260  19.5452 163.3770 156.3252 247.8000   7.40 2453157.50000   50.6524 02:01   0
  47.5402   0.2711  13.5772 306.3857 235.2241  66.4089   7.58 2453157.50000   45.6980 02:01   4
  48.0455   0.3097  12.2604  74.2659 256.2179 200.3326   8.56 2453157.50000   62.3769 02:01   5
  47.7201   0.2737  14.2672 230.8741 176.3021 321.1150   8.09 2453157.50000   39.5163 02:01   4
  47.7750   0.2185  15.6609 114.2269 274.1193 179.5275   8.23 2453157.50000   58.2154 02:01   5
  47.5502   0.2389  26.8314 209.8566 325.1858  76.2493   8.35 2453157.50000   47.5378 02:01   4
  47.9624   0.1753   1.0534 202.8050 122.7039 182.3623   8.36 2453157.50000   56.3643 02:01   4
  47.7935   0.1102  10.1388 329.8237 123.4226 124.0833   7.86 2453157.50000   51.1071 02:01   4
  47.6955   0.2379  17.9163 189.5530 253.2332 143.0900   8.41 2453157.50000   57.5158 02:01   5
  47.5045   0.2267  12.1791  42.9119   4.2297  57.3546   8.56 2453157.50000   43.7371 02:01   1
  47.9070   0.3092   2.0103 177.4331  90.8336 186.5805   8.03 2453157.50000   62.6649 02:01   3
  47.6780   0.2052   6.2673 106.2781  63.7711 177.0600   7.83 2453157.50000   57.4526 02:01   1
  47.7121   0.2281   1.0267 344.6452 152.7829 280.8808   7.99 2453157.50000   48.1263 02:01   4
  47.7012   0.3102  20.3384 264.0556 303.4128 262.6792   8.21 2453157.50000   53.6253 02:01   5
  47.7799   0.2873  12.5927 301.4885 263.6368  76.9296   8.62 2453157.50000   48.5848 02:01   5
  47.5774   0.3337  12.3488 154.1409 158.8223 198.2006   8.16 2453157.50000   63.0039 02:01   5
  47.7959   0.3086  11.7286  59.7674   9.0113 142.1502   8.32 2453157.50000   60.6706 02:01   5
  47.7713   0.3335   4.6381 123.7939  92.1834 147.7744   8.28 2453157.50000   62.2868 02:01   1
  47.7509   0.3300  18.4514 330.2049  43.0655  66.8348   8.43 2453157.50000   46.5668 02:01   1
  47.7922   0.3059  13.1535 165.7556 104.3395 107.0452   8.27 2453157.50000   55.5242 02:01   1
  47.8609   0.3330  18.4765 153.1793 297.9574 209.0792   8.27 2453157.50000   62.6450 02:01   1
  47.7717   0.1220  19.2612   8.9411  55.3298 231.3360   8.11 2453157.50000   51.8009 02:01   1
  47.7950   0.2434  11.5969  47.4153 148.4962 340.6333   8.20 2453157.50000   37.2805 02:01   1
  47.5412   0.2533   3.2678  78.8145 344.2765 272.5655   7.45 2453157.50000   49.9722 02:01   3
  47.6670   0.2574   9.3370  80.8050 323.9232 317.0979   6.96 2453157.50000   40.6256 02:01   4
  47.7244   0.0764  28.1470  76.7451 141.4809  20.1685   8.50 2453157.50000   44.3377 02:01   3
  47.6502   0.1778   1.7606 123.8377 258.2603 155.2558   8.52 2453157.50000   55.5559 02:01   4
  47.7375   0.1468   3.9691 221.8564  86.3767 166.7426   7.34 2453157.50000   54.6044 02:01   3
  47.7016   0.1983   6.1870  24.2584 268.3518 319.2509   8.32 2453157.50000   41.5431 02:01   2
  47.6377   0.0816   4.7305  20.3838 130.3102 215.0583   6.39 2453157.50000   50.9135 02:01   2
  47.8273   0.2528  16.6036 246.5467 225.4999  17.5329   6.63 2453157.50000   36.7165 02:01   1
  48.0081   0.3325  17.1944 339.0729 359.0612 113.8487   7.60 2453157.50000   57.9913 02:01   2
  47.7396   0.2056  10.4690 345.1451 178.7701 210.5400   8.41 2453157.50000   56.6012 02:01   2
  47.5125   0.0919  24.7620 258.7048 296.4169  58.9707   8.46 2453157.50000   45.5772 02:01   4
  47.5304   0.1669  11.0582 340.1795 169.6628 153.1248   8.43 2453157.50000   54.8283 02:01   0
  47.7673   0.2131  14.7683 202.5804 178.6362 324.0825   8.66 2453157.50000   40.5031 02:01   4
  47.7300   0.2087  15.9366 336.9664 267.6337  54.2279   7.66 2453157.50000   43.5320 02:01   5
  47.6337   0.2210  20.3832 208.6774  24.6394 302.4976   7.57 2453157.50000   43.9215 02:01   0
  47.7020   0.1917  15.3083  86.8328 254.8167 121.8217   8.23 2453157.50000   53.6043 02:01   2
  47.6511   0.2906  13.5106 118.5955 276.3346  56.1288   8.59 2453157.50000   43.3629 02:01   1
  47.4928   0.2864   1.0369 245.1202  74.0703  94.9987   8.66 2453157.50000   52.2288 02:01   1
  47.6683   0.2864   5.9292 280.4147  18.8688  91.3988   7.94 2453157.50000   51.6781 02:01   1
  47.7308   0.2394  13.5545 201.4609 236.3790  66.2066   8.12 2453157.50000   45.6881 02:01   2
  47.5638   0.2120   6.0580 258.2402   1.0296 142.1829   8.65 2453157.50000   56.1651 02:01   2
  47.7238   0.2818  18.0438  64.4691 165.1594 140.0389   8.51 2453157.50000   59.1874 02:01   1
  47.9375   0.3239  21.7766 139.3267  33.7236 271.1080   7.83 2453157.50000   52.3926 02:01   5
  47.7235   0.2379   2.6939  68.3053 351.7876 222.0987   7.87 2453157.50000   57.0927 02:01   1
  47.7858   0.1530   2.5659 151.6451 143.1390 338.1907   8.06 2453157.50000   41.1919 02:01   3
  47.7873   0.0867   1.9594 200.4845 231.2182 288.4925   8.37 2453157.50000   46.8087 02:01   3
  47.7836   0.1926  17.6670  30.8281  12.6161 285.6645   8.53 2453157.50000   47.0348 02:01   3
  47.6335   0.2605   9.9670  69.4770 229.5006 224.9781   8.33 2453157.50000   57.6495 02:01   5
  47.7915   0.2328  15.7878 114.8151 136.1811 296.4342   8.47 2453157.50000   45.2014 02:01   1
  47.7574   0.2690  13.5003  90.7323  86.2737 252.5095   8.08 2453157.50000   54.3236 02:01   4
  47.9144   0.2409   4.3718 270.0864 344.2373 194.0882   8.63 2453157.50000   59.2289 02:01   3
  47.7536   0.2788  14.8130 163.8508 350.3175  91.4691   8.12 2453157.50000   51.5937 02:01   4
  47.7777   0.2933  10.3852  30.8035 341.2694  43.8156   7.03 2453157.50000   40.3687 02:01   0
  47.6342   0.2507  13.5789  86.4323 170.8233 145.2204   6.84 2453157.50000   58.1762 02:01   2
  47.5400   0.3239   4.3930 137.6014   9.3074 106.6173   8.12 2453157.50000   55.7694 02:01   5
  47.6037   0.2365   9.1454 176.2669 335.0190 355.6225   7.34 2453157.50000   36.4010 02:01   1
  47.6255   0.2302   4.1892 274.4408 200.1036 298.2400   8.00 2453157.50000   44.6897 02:01   5
  47.6460   0.1780  17.9175  18.3278 181.7487  43.4758   8.64 2453157.50000   42.3610 02:01   3
  47.6310   0.2435   7.2604  51.2505 136.7686  72.7755   8.65 2453157.50000   46.9645 02:01   4
  47.9533   0.2612   4.0000 150.0817 173.6423 296.9105   8.32 2453157.50000   45.2875 02:01   2
  47.7299   0.3164   6.2340 107.3698 222.1635 286.0873   8.48 2453157.50000   48.2651 02:01   2
  47.6480   0.2645  18.0031 172.7730 353.1681  93.7278   8.62 2453157.50000   51.5699 02:01   5
  47.7776   0.1916   7.4557 320.0174 153.3691 272.0116   8.45 2453157.50000   49.1839 02:01   4
  47.7102   0.3077  13.8149  18.5311 342.4467 253.0125   7.70 2453157.50000   55.4788 02:01   1
  47.5878   0.2927  20.1804  24.5586 220.0868 309.4614   7.33 2453157.50000   41.8869 02:01   1
  47.8604   0.2811  12.1270 354.2318  55.6191 164.4047   8.44 2453157.50000   61.0082 02:01   5
  47.7203   0.2426   4.4098 227.7963  61.5297  26.2904   8.54 2453157.50000   38.1320 02:01   4
  47.7171   0.0852   2.6936 103.4290 154.3715   2.5063   7.66 2453157.50000   43.6540 02:01   3
  47.8430   0.2687   4.2722 191.7263 320.4773  51.7674   8.05 2453157.50000   42.5753 02:01   3
  47.9631   0.2705   2.8157  97.6769  42.4539 180.6958   7.24 2453157.50000   60.9346 02:01   1
  47.7905   0.2301  14.8678 168.7687 276.9288 294.6809   8.63 2453157.50000   45.5465 02:01   4
  48.0412   0.2342   6.4177 262.2094 356.1325 114.8324   7.70 2453157.50000   54.6102 02:01   1
  47.6660   0.2809   9.0831 119.5002 327.9327  10.6985   7.93 2453157.50000   34.7197 02:01   0
  47.6660   0.2958   9.4348 138.9053 295.6318  32.0118   8.36 2453157.50000   37.4765 02:01   1
  47.7834   0.2167  18.4806 256.9356 146.7691 285.1906   8.08 2453157.50000   47.2796 02:01   3
  47.6752   0.3289  10.8684  21.5214 289.5347  23.1578   8.44 2453157.50000   34.6112 02:01   5
  47.6352   0.2602   9.7329 120.9043 291.2358  57.9889   6.40 2453157.50000   43.8425 02:01   1
  47.7851   0.2037  19.3161 313.4596 273.8709  53.5873   8.00 2453157.50000   43.5307 02:01   4
  47.7769   0.1864   8.8953   2.3058 300.5416 282.6620   7.97 2453157.50000   47.4682 02:01   1
  48.0223   0.2428  14.5716  18.3001 346.5555 346.3763   7.98 2453157.50000   36.9287 02:01   4
  47.6869   0.2806  11.9275  79.7160 337.7356 151.7618   8.40 2453157.50000   60.0780 02:01   5
  47.6676   0.1199  28.6042  18.0448 244.6945  53.6289   7.10 2453157.50000   44.7713 02:01   5
  47.6468   0.3377  15.8146 298.4515 138.5215 316.8032   7.83 2453157.50000   39.5879 02:01   5
  47.7982   0.1591   8.2333 110.1632 188.6798   8.6359   8.37 2453157.50000   40.3158 02:01   4
  47.7795   0.2269  16.1085 303.7235 227.4063  84.1140   8.60 2453157.50000   49.1035 02:01   4
  47.8814   0.3053   5.1837 214.6638 242.9779  12.9887   7.15 2453157.50000   34.0227 02:01   1
  47.7095   0.3625  12.5008 189.3521 155.3266 242.3559   8.38 2453157.50000   59.4763 02:01   0
  47.6086   0.2504   6.3353 264.7476 179.9412 215.3702   8.17 2453157.50000   58.0814 02:01   1
  47.7912   0.1177  12.1988  48.4051 320.1278 256.4471   8.29 2453157.50000   49.7052 02:01   1
  47.7164   0.3051   3.8045 136.5516 339.4803 255.6318   8.55 2453157.50000   54.9005 02:01   3
  47.6554   0.1767   4.8766 253.8157  77.3889 196.6699   8.60 2453157.50000   55.8186 02:01   5
  47.7169   0.3426   4.4827   6.2098 304.3604 213.9923   7.07 2453157.50000   62.4676 02:01   5
  47.7122   0.2601   1.5203 356.8979   3.5047 116.1405   8.31 2453157.50000   55.3354 02:01   2
  47.6836   0.1516  13.5805  72.7459 315.8610  88.9507   8.57 2453157.50000   48.6346 02:01   2
  47.7304   0.2757   5.7577 292.7926  63.2067   5.1896   8.64 2453157.50000   34.6760 02:01   5
  47.5858   0.2841  20.7596 299.7251  78.4389 232.0368   8.03 2453157.50000   57.7416 02:01   1
  47.7087   0.3155   0.5674  66.6854 102.5554 350.4089   7.42 2453157.50000   33.0992 02:01   1
  47.7422   0.1666  10.2165  25.8696 154.9727 181.2701   8.30 2453157.50000   55.6957 02:01   2
  47.5726   0.2189   0.4274 299.3502 185.4673  87.7694   8.57 2453157.50000   49.4022 02:01   4
  47.7208   0.2346  11.2827 170.2286 146.3920 354.2594   7.89 2453157.50000   36.6226 02:01   4
  47.7530   0.2983  12.6837  27.4853 269.6189 100.4456   8.08 2453157.50000   53.9607 02:01   1
  47.6168   0.1882  13.1612 120.3395 121.3136  59.3174   7.95 2453157.50000   44.4654 02:01   5
  48.0141   0.2674   3.9661  62.2644 329.5045 344.5586   8.17 2453157.50000   36.0199 02:01   5
  47.7619   0.2883  19.8689  52.7860 118.4227 269.7645   8.04 2453157.50000   51.5813 02:01   5
  47.7477   0.0877   2.1032 137.2831 220.7907 353.6330   8.50 2453157.50000   43.5899 02:01   4
  47.7849   0.3038  20.6290 249.1180 143.6001 158.5746   8.16 2453157.50000   61.7054 02:01   5
  47.9463   0.2871  14.0108 164.5968 196.6012 344.6643   7.68 2453157.50000   35.1221 02:01   4
  47.5547   0.2086   4.4005 133.1869 148.9977 165.3065   7.97 2453157.50000   57.2524 02:01   3
  48.0296   0.3292  10.7230 269.2459  13.4563 214.6651   8.54 2453157.50000   62.2032 02:01   5
  47.8954   0.2715   1.5079  35.3060 135.9939 344.3258   7.95 2453157.50000   35.7809 02:01   1
  48.0627   0.1782   1.3267 187.6698 312.6861  97.6675   7.26 2453157.50000   50.6250 02:01   4
  47.7941   0.2230   1.0189 145.6246  27.8331  96.2358   7.61 2453157.50000   51.1514 02:01   5
  47.7417   0.1319   3.5056  98.3109 197.5962  13.5839   7.67 2453157.50000   41.6776 02:01   4
  47.7231   0.1447  17.2575  48.3092 292.0662 253.6285   8.39 2453157.50000   50.5256 02:01   1
  48.0839   0.2871   1.6204 105.7279 324.5118 318.2870   8.49 2453157.50000   40.2102 02:01   4
  47.8401   0.3017   0.7470 347.2081 133.7727 107.8366   8.39 2453157.50000   55.5784 02:01   4
  47.7941   0.2210   3.7213 326.9472 129.2745 118.8200   8.53 2453157.50000   54.4002 02:01   4
  47.8217   0.3887   1.6153 129.8368  93.1697 250.2294   7.78 2453157.50000   59.1242 02:01   5
  48.0573   0.2509   8.5363 218.5120   0.0552 328.2409   8.37 2453157.50000   38.9892 02:01   1
  48.0323   0.0787  33.9033 151.3213 221.3004 340.1500   8.06 2453157.50000   44.5138 02:01   4
  47.6875   0.2069  21.0917 220.0299 115.9441  71.4794   8.30 2453157.50000   46.5279 02:01   0
  47.6907   0.2942  15.6404  54.3241 294.5898 184.0132   7.66 2453157.50000   61.7013 02:01   5
  47.7460   0.3124  12.9894 109.0947 337.0054 132.8439   8.20 2453157.50000   59.7357 02:01   5
  47.6437   0.1424  17.2853 240.3144 178.2442  34.3961   8.60 2453157.50000   42.4164 02:01   1
  47.6501   0.2941  17.4682 144.3426   4.5230 355.7246   7.95 2453157.50000   33.7130 02:01   1
  47.6366   0.2001   3.4361 130.7989  15.4694 260.7249   8.47 2453157.50000   50.9043 02:01   4
  47.7596   0.2090   3.7142 324.5241 337.0984 293.7094   7.81 2453157.50000   45.6849 02:01   1
  47.7094   0.3557   8.3475  49.9618  49.4833 303.5780   8.32 2453157.50000   43.6656 02:01   4
  47.7182   0.1858  13.6114 323.1415 285.2204 285.1931   8.39 2453157.50000   47.0100 02:01   0
  47.6629   0.2759   4.3506 107.1616  88.4488  71.3825   6.97 2453157.50000   47.0134 02:01   4
  47.5169   0.2823  10.6023  81.6651  87.3402 157.7900   7.05 2453157.50000   60.3205 02:01   1
  47.8553   0.2537   7.6327 248.1358 242.4881  21.0930   6.73 2453157.50000   37.1248 02:01   1
  47.7123   0.3390   6.3282  57.1521  99.5233  87.1270   7.63 2453157.50000   52.1204 02:01   4
  47.7798   0.2866  16.2317 281.3316 153.3641 123.3534   7.87 2453157.50000   57.4566 02:01   4
  47.6459   0.2488  10.7497  37.0040  60.9427 203.4768   8.42 2453157.50000   58.8613 02:01   1
  47.7839   0.2450   8.0842 137.7701 146.8379 309.1161   7.75 2453157.50000   42.5489 02:01   2
  47.5607   0.1906  15.8092  96.8522  56.8163 195.0224   8.49 2453157.50000   56.4081 02:01   2
  47.7634   0.2176   2.0967  42.0668   2.4317 144.2581   8.50 2453157.50000   56.8016 02:01   4
  47.8356   0.1554   6.2062 274.9348  52.0597 174.9153   8.06 2453157.50000   55.2468 02:01   4
  47.5819   0.2692  23.5517  56.9359 335.2054 243.6150   8.48 2453157.50000   55.5487 02:01   1
  47.5818   0.2783   8.3436  68.1242  51.2419 214.5935   8.22 2453157.50000   59.3506 02:01   2
  47.8486   0.3013   5.8660 284.8209 254.3532 333.9945   8.04 2453157.50000   36.2160 02:01   1
  47.5764   0.2901   2.6171 343.2093 197.6691 160.0498   8.64 2453157.50000   60.8766 02:01   1
  47.7170   0.2771   3.4356  38.2413 115.7934 288.0788   8.56 2453157.50000   47.2066 02:01   5
  47.7293   0.2505  11.8134  70.9742 243.2311 163.0588   6.61 2453157.50000   59.3525 02:01   3
  47.7885   0.2067   1.7921  95.3938  21.8772   8.9735   7.96 2453157.50000   38.1015 02:01   1
  47.4555   0.2941  16.6045 180.8056 170.7475 178.4283   8.52 2453157.50000   61.4084 02:01   4
  47.7197   0.2159   2.5923 103.4701 218.3236 159.7353   8.23 2453157.50000   57.5870 02:01   3
  47.6785   0.1162   4.8117 103.6065 325.7040  23.4309   8.63 2453157.50000   42.7151 02:01   0
  47.7925   0.3218  24.9627  19.0200  84.0306 103.9040   8.51 2453157.50000   55.4564 02:01   4
  47.5750   0.3006   3.2728 155.1625 252.9558 350.4599   8.47 2453157.50000   33.6757 02:01   5
  47.7371   0.2864   6.2505  12.8903 164.9016  76.5199   8.57 2453157.50000   48.4307 02:01   4
  47.7965   0.1738   2.5741  52.4955 195.6076 111.4228   8.37 2453157.50000   51.9552 02:01   0
  48.0632   0.3272  10.4540 242.1731 105.6146 268.4607   7.87 2453157.50000   53.2449 02:01   1
  47.9274   0.2205   3.6362 113.6414 229.3815 179.9764   8.03 2453157.50000   58.4946 02:01   4
  47.6446   0.2993   4.4440 299.1157 216.0678  15.8710   8.03 2453157.50000   34.4594 02:01   2
  47.6634   0.2960   6.7945   2.2900 110.2205 298.9224   7.62 2453157.50000   44.6444 02:01   5
  47.6313   0.2215  16.0770 332.6905 144.5279  53.8339   8.55 2453157.50000   43.2341 02:01   2
  47.7118   0.2930  12.4825 355.0627  73.1865  20.9855   7.87 2453157.50000   35.5046 02:01   0
  47.7026   0.1357  11.9285 179.2818 291.4281 278.5873   8.41 2453157.50000   47.6105 02:01   4
  47.7635   0.2618  14.3520  57.4417 178.3024 227.4496   8.14 2453157.50000   57.5920 02:01   4
  48.0643   0.2926  18.5026 202.5272   8.8055 140.8407   8.02 2453157.50000   60.1683 02:01   1
  47.7285   0.2678   6.7634 131.8102 344.5685 199.3296   8.07 2453157.50000   60.0558 02:01   1
  47.6373   0.3709   2.7474 197.3277  35.3454  60.2852   7.38 2453157.50000   44.9620 02:01   5
  47.6336   0.2653  21.3257  65.5387 253.4660 268.1650   8.57 2453157.50000   51.2042 02:01   1
  47.5779   0.2216  10.8844 135.4734 297.5016 106.2929   7.96 2453157.50000   52.4543 02:01   3
  48.0640   0.2624   1.5096  25.4703 171.7404 166.9075   7.94 2453157.50000   60.4707 02:01   1
  47.7408   0.2094   9.8861  87.9502 222.0984 295.5290   8.65 2453157.50000   45.3425 02:01   2
  47.6793   0.2779   9.9986 199.1042  69.5572 226.4520   7.07 2453157.50000   58.2747 02:01   5
  47.6703   0.2235  19.7261 353.1931 147.9038 276.9395   6.46 2453157.50000   48.7473 02:01   4
  47.7480   0.1791   5.3538 143.9934  99.8236 333.4669   8.66 2453157.50000   40.4927 02:01   2
  47.7345   0.3281  22.7820  82.7345 282.7694 175.3815   8.27 2453157.50000   63.3687 02:01   5
  47.7821   0.2301  19.9912  17.2460   7.3741  57.0005   7.82 2453157.50000   43.9023 02:01   1
  47.5740   0.2047   2.9927  78.5705  67.1334   9.6398   8.63 2453157.50000   38.0529 02:01   1
  47.6056   0.0797  19.7991 299.4313 248.8334 230.2041   6.98 2453157.50000   50.1983 02:01   3
  47.7263   0.2958   9.6671 249.0370 293.6262 151.2297   8.54 2453157.50000   60.7866 02:01   1
  47.5944   0.2648   3.1179 102.5725   8.5989 118.4317   7.78 2453157.50000   55.7039 02:01   4
  47.6298   0.2765  14.1035 213.1555  18.5890 312.1253   8.10 2453157.50000   41.4147 02:01   1
  47.8537   0.2969  16.1295  67.0160  66.4001 251.2081   8.29 2453157.50000   55.6037 02:01   3
  47.7748   0.2352  28.4514  44.5306 335.0534 300.4413   8.35 2453157.50000   44.3779 02:01   3
  47.6174   0.3285   9.9858 298.2749 101.8149 267.4393   8.57 2453157.50000   53.0245 02:01   2
  47.7768   0.2384  21.5906 160.1401  62.3114 333.1438   6.69 2453157.50000   38.4019 02:01   1
  47.7202   0.2011   8.1640 267.6160 312.8929 137.4206   8.66 2453157.50000   55.4997 02:01   1
  47.4586   0.1875  15.7836 183.1659 229.2628 252.0088   8.47 2453157.50000   51.5691 02:01   2
  47.5316   0.2343  10.3527 258.0731 333.7741 164.8458   7.78 2453157.50000   58.4121 02:01   2
  47.7411   0.3467  17.2089 205.2298 266.0611 294.6547   7.93 2453157.50000   46.3384 02:01   4
  47.7044   0.2804  11.4427 307.9997  19.3485 275.2029   8.10 2453157.50000   50.1615 02:01   1
  47.7336   0.3226  13.4441 357.7505 290.2823 218.8637   8.58 2453157.50000   61.1111 02:01   5
  47.6561   0.1229  11.8649  32.3838 112.0832 358.5691   7.98 2453157.50000   41.8016 02:01   1
  47.7623   0.1476   3.5237 340.6985 307.5016 188.2661   8.35 2453157.50000   54.7549 02:01   4
  47.7293   0.2347   7.6809 333.5001 169.2721 173.7405   7.28 2453157.50000   58.8857 02:01   1
  47.7572   0.1622   6.0645 329.5794 154.4518 197.8949   6.87 2453157.50000   55.2237 02:01   1
  47.8917   0.1500   0.9180 125.9487 315.7426 306.0111   7.37 2453157.50000   44.4683 02:01   4
  47.6582   0.2827   9.4398  12.1000 178.9722 255.2732   8.35 2453157.50000   54.1699 02:01   4
  47.7830   0.2491   3.2331  87.7397 300.2620  59.3524   7.40 2453157.50000   44.3031 02:01   1
  47.7759   0.2707   4.5255  95.2594 320.8928  37.0593   8.15 2453157.50000   39.2429 02:01   1
  47.9617   0.2103  17.3687   3.1439  59.9655 138.5426   8.59 2453157.50000   56.2643 02:01   4
  47.6990   0.2880   4.5646 123.9429  82.7812 266.9144   7.58 2453157.50000   52.1074 02:01   5
  47.7232   0.3117  21.1036 352.6869 270.1030 302.5682   8.61 2453157.50000   43.7865 02:01   1
  47.7781   0.1321   3.5393 112.5705 262.5075 178.5082   8.38 2453157.50000   54.0872 02:01   5
  47.5722   0.3316  12.8056 343.7081  76.3366 276.9628   7.91 2453157.50000   50.7576 02:01   3
  47.6455   0.1876  15.0054 196.3267  79.5075 128.0928   8.29 2453157.50000   54.0326 02:01   1
  47.7073   0.2696  15.1047 213.4949  38.8413  45.3403   8.64 2453157.50000   40.9888 02:01   4
  47.7679   0.2632   5.3924   8.8555  36.9061 327.1698   7.07 2453157.50000   38.5937 02:01   4
  47.7498   0.3132  18.9708  85.2581 104.0774  80.3124   8.38 2453157.50000   49.8512 02:01   5
  47.5793   0.2226   9.4936  11.7496 261.3495 107.1144   7.58 2453157.50000   52.6063 02:01   1
  47.7931   0.3269  15.1905  10.2220 200.0426 140.0020   8.64 2453157.50000   61.2549 02:01   1
  47.8826   0.1023  19.4296  56.5499   2.3796 246.4500   8.15 2453157.50000   50.2350 02:01   2
  47.9270   0.2261   5.0385 204.4128 214.1777 322.8313   8.49 2453157.50000   40.4793 02:01   4
  47.7583   0.2847  15.7455 323.1738 144.3204 113.2603   8.09 2453157.50000   55.8265 02:01   4
  47.7989   0.1665   2.7490 150.0758 342.1676  56.7707   8.10 2453157.50000   44.4921 02:01   3
  47.8908   0.2519   3.7621 197.5517  51.0872 222.7137   7.74 2453157.50000   57.8293 02:01   4
  47.7192   0.3335   4.5770 304.6945  70.0915  53.9259   8.64 2453157.50000   42.8305 02:01   1
  47.6983   0.2115   0.8054 150.2163 341.9953 293.7450   8.24 2453157.50000   45.6204 02:01   5
  47.6004   0.1728  14.9347 125.4076 246.8007  59.3343   6.44 2453157.50000   44.5924 02:01   1
  47.7624   0.2693   1.9978 122.7149 107.0843 344.6261   8.42 2453157.50000   35.7442 02:01   2
  47.8361   0.2755  22.2184 231.5235 328.2926   7.3775   8.57 2453157.50000   34.8632 02:01   2
  47.5367   0.3145  11.3048 358.2803 349.9527 103.6934   8.03 2453157.50000   54.8743 02:01   2
  47.9829   0.2189  10.9313 226.4737 228.3635  80.8025   8.57 2453157.50000   48.5920 02:01   3
  47.6436   0.3213  17.5391 136.0680 326.6047 197.6842   8.66 2453157.50000   62.5318 02:01   1
  47.7956   0.3156  16.5601 203.2004  84.7214 202.1331   8.52 2453157.50000   62.2313 02:01   4
  47.7846   0.3128   6.6748 189.9382 342.3713 169.6933   8.57 2453157.50000   62.5912 02:01   1
  47.6530   0.2893  15.4082 246.8414  87.2772 261.5603   8.22 2453157.50000   53.1790 02:01   1
  47.7248   0.3220  15.0768 194.3043 115.6143 296.8563   8.37 2453157.50000   45.4227 02:01   2
  47.9514   0.2461   2.8360  93.0509  72.6839  57.3281   8.01 2453157.50000   44.0374 02:01   3
  47.6988   0.1844   5.8410 268.8232  70.5309 161.9544   7.43 2453157.50000   56.1822 02:01   4
  47.6649   0.1496   2.4574  87.7282  68.5681 107.0911   8.43 2453157.50000   50.6638 02:01   5
  47.5623   0.2479   6.5225 111.6289 297.3424 115.9874   8.53 2453157.50000   54.7051 02:01   3
  48.0368   0.2704  17.7730 156.7192 262.1941 137.1155   8.62 2453157.50000   58.7824 02:01   4
  47.8344   0.2149   7.7309 147.8740 118.6473 281.8741   8.25 2453157.50000   47.9133 02:01   0
  47.4960   0.2976  14.0387  71.7141 132.9832 173.1046   8.09 2453157.50000   61.5696 02:01   2
  47.5999   0.2293  22.4870 174.2732  59.2499 116.8296   8.64 2453157.50000   54.2110 02:01   0
  47.5751   0.2767  15.2172 286.7566 134.4529  41.8678   8.36 2453157.50000   39.9917 02:01   1
  48.0290   0.2627   2.5669   0.7913 162.5728 230.1531   7.92 2453157.50000   57.6386 02:01   3
  47.6105   0.3049   1.5144 355.9919  30.3160  69.3396   8.51 2453157.50000   46.7955 02:01   1
  47.7752   0.3036   3.8583 169.5192 241.4816 228.0737   8.64 2453157.50000   59.2832 02:01   1
  47.7875   0.3177  17.1170 309.9572 314.2089 300.1570   7.47 2453157.50000   44.5332 02:01   1
  47.7011   0.3289  21.0020 196.5925 204.5702 173.7942   8.49 2453157.50000   63.3357 02:01   5
  47.7642   0.3328   7.4411 241.0882  26.0981 292.9013   8.33 2453157.50000   46.6895 02:01   1
  47.6876   0.3222   1.9454 150.8402 349.1756 107.8653   7.82 2453157.50000   56.1236 02:01   5
  47.8326   0.2792  20.1505 112.6886 181.5945 103.3790   7.75 2453157.50000   54.0129 02:01   1
  47.6397   0.2061  18.0740 118.4228 307.7924  27.7220   8.00 2453157.50000   39.5393 02:01   1
  47.7612   0.3389   3.3834 354.1339 359.1284 248.8450   8.61 2453157.50000   57.4385 02:01   1
  47.7129   0.1930  19.4390 224.6962 304.8979 337.1512   8.38 2453157.50000   39.5844 02:01   1
  47.9482   0.2680  10.7591 230.4759 327.2747 248.2284   7.10 2453157.50000   55.2162 02:01   4
  48.0465   0.2122  17.5868 147.7042 312.2728 218.5225   7.87 2453157.50000   56.6884 02:01   2
  47.6654   0.3274   3.0866 128.2655 240.6733 313.4174   8.25 2453157.50000   40.6649 02:01   3
  48.0166   0.2751   3.1275 162.1139  19.8539 264.0670   7.58 2453157.50000   52.6800 02:01   5
  47.7517   0.2179  13.9560 222.4432 302.8018 104.5804   8.51 2453157.50000   52.2821 02:01   5
  48.0491   0.2637   1.2653 191.0828 137.6707 269.1130   8.16 2453157.50000   51.4235 02:01   1
  47.6139   0.2986  27.7075  88.7450 271.7590  21.0775   7.83 2453157.50000   35.2386 02:01   5
  47.7018   0.2900  14.2471 124.2825 278.8677 144.0408   7.91 2453157.50000   59.9023 02:01   4
  47.8144   0.3760   1.3671  50.7141 335.6000 334.2035   8.44 2453157.50000   33.9407 02:01   4
  47.9707   0.0965   9.2165 132.4888 177.3970 294.1176   8.42 2453157.50000   46.4720 02:01   2
  47.6303   0.1514  19.5480  84.5432  64.6047 180.0016   8.28 2453157.50000   54.8412 02:01   1
  47.6574   0.2374  22.6188 222.1069 165.6120  73.3179   8.51 2453157.50000   47.0458 02:01   1
  47.6784   0.3042  19.4041   8.7164 154.3566 256.0912   8.06 2453157.50000   54.7410 02:01   4
  47.6439   0.2738  14.4765 327.5876 316.0043 221.3908   8.29 2453157.50000   58.5989 02:01   5
  47.9136   0.1433  23.4651 272.2206 137.2830 216.8289   8.20 2453157.50000   53.7075 02:01   1
  47.7437   0.3394  16.2586 328.6617 335.2686  95.3552   8.54 2453157.50000   54.1325 02:01   1
  47.6377   0.3056  17.2151 228.0061  33.2120 230.3099   8.38 2453157.50000   58.9144 02:01   5
  47.7919   0.2534   4.8720 218.1694 300.9276 214.7797   7.69 2453157.50000   58.4889 02:01   2
  47.7615   0.3179  10.5007  47.5220  68.8085  20.5790   8.54 2453157.50000   34.5537 02:01   1
  47.6297   0.1803  27.2738 171.7105 170.9913  69.7944   8.38 2453157.50000   46.1336 02:01   1
  47.7092   0.2898   3.4719 243.5767  17.0867  55.0812   8.66 2453157.50000   43.1528 02:01   5
  47.5042   0.3277  19.8012 161.5344 242.2631 160.5156   8.55 2453157.50000   62.5589 02:01   5
  47.4702   0.1764  11.4230 120.2018  54.4017 336.4310   8.51 2453157.50000   40.1009 02:01   1
  47.6118   0.2062  15.7772 235.0418 142.3715 303.4434   8.44 2453157.50000   43.8495 02:01   3
  47.7662   0.2642  27.5850 147.8490 222.0197  65.9821   8.09 2453157.50000   45.7768 02:01   1
  47.7934   0.3213   6.0132 258.4920 171.3436  31.1352   7.58 2453157.50000   36.7297 02:01   1
  47.6804   0.3410  34.3409   8.4614 331.1315 351.6815   8.58 2453157.50000   31.8128 02:01   4
  47.7580   0.2595  16.8198 110.2246 262.3008 129.1510   7.46 2453157.50000   57.1018 02:01   3
  47.7737   0.2305   8.9922 327.5639 269.0227 304.2862   7.50 2453157.50000   43.6407 02:01   1
  47.5990   0.2983  20.9466 353.9132  42.8783 330.8833   8.14 2453157.50000   36.7439 02:01   4
  47.7575   0.2952  18.9860 154.2858  58.9898 216.6959   8.13 2453157.50000   60.1355 02:01   3
  47.7529   0.2480   1.4638  78.1067 108.6077 207.6282   7.58 2453157.50000   58.7130 02:01   3
  47.7278   0.3236  29.0303 100.7868 235.7010 252.0211   8.36 2453157.50000   56.2414 02:01   1
  47.6669   0.2592   5.3446 119.0301 193.0213  19.3262   8.00 2453157.50000   36.5401 02:01   5
  47.6981   0.2348  25.2651 100.8720  54.3162  83.3628   8.22 2453157.50000   49.0090 02:01   4
  47.5233   0.3439  13.5914 209.3255  73.9872 216.3394   8.63 2453157.50000   62.0453 02:01   5
  47.7619   0.2856  10.5670  13.7966 289.7610  28.7588   8.01 2453157.50000   37.1712 02:01   5
  47.5697   0.2086  15.3212 231.5345 188.1605 295.8423   7.83 2453157.50000   45.1257 02:01   3
  47.6827   0.2547  24.0019  10.5797  92.0387  14.8412   8.05 2453157.50000   36.2547 02:01   1
  47.4969   0.1788  26.7846 117.2147 106.7199 213.5233   8.42 2453157.50000   54.9505 02:01   3
  47.9224   0.3771   7.1151 350.0897  29.8606 234.8130   7.89 2453157.50000   61.6201 02:01   1
  47.5501   0.2469   6.7493 316.1237 214.1740 349.9291   8.47 2453157.50000   36.1263 02:01   1
  47.7394   0.2900   1.5966  42.5130 321.8247 320.2879   8.56 2453157.50000   39.4029 02:01   3
  47.9130   0.3102   6.0614 340.6944 226.8196  70.8725   7.75 2453157.50000   47.5611 02:01   5
  47.5970   0.2722   4.6254 114.4525 114.1496  13.2672   8.13 2453157.50000   35.2849 02:01   3
  47.8143   0.2702   1.4399 111.4359 318.4439  86.5019   8.05 2453157.50000   50.4270 02:01   3
  47.7536   0.1848  11.7557 175.9221 115.8497  52.4657   8.66 2453157.50000   43.5826 02:01   5
  47.4782   0.3122   8.7847 317.1758 110.4727 318.2456   8.14 2453157.50000   39.3409 02:01   4
  47.6723   0.2282  15.3295 251.6154 220.0090  18.4068   8.12 2453157.50000   37.7059 02:01   1
  47.6010   0.2824   1.5942 236.8693  10.4291 226.1660   8.33 2453157.50000   58.4004 02:01   4
  47.7734   0.1380  10.2077 325.8956 235.3349  80.1328   7.88 2453157.50000   47.5475 02:01   5
  47.6616   0.1344  35.3510 121.3497 223.2907 318.5761   8.62 2453157.50000   43.2979 02:01   3
  47.6254   0.2858   2.1430 122.9928 329.4049 247.5162   8.12 2453157.50000   55.5800 02:01   2
  47.7156   0.0904   1.9297 248.8687 198.8046 227.5651   8.13 2453157.50000   50.8198 02:01   2
  48.0308   0.1143   1.6367 283.1973 196.7282 263.2541   8.56 2453157.50000   49.2772 02:01   3
  47.7762   0.2883   2.2812 138.7235 308.6752   9.5503   7.52 2453157.50000   34.3761 02:01   0
  47.7766   0.2659   4.3696 101.6390 342.6231  82.4380   7.57 2453157.50000   49.4442 02:01   3
  47.9769   0.1229  26.9317  48.7639 161.9722  23.5139   7.91 2453157.50000   42.7086 02:01   3
  47.8707   0.2002   8.1265 280.6703 149.5127 128.7704   8.46 2453157.50000   54.8390 02:01   4
  47.6725   0.2060   0.9033  69.9645 242.9621 274.6465   8.43 2453157.50000   48.8802 02:01   1
  47.6570   0.2514  12.8482 270.3977 355.0386 291.8391   8.42 2453157.50000   46.0805 02:01   1
  47.5920   0.2394  16.1156  32.6997  72.2021  21.5712   7.57 2453157.50000   37.5328 02:01   1
  47.7747   0.1795   2.2984  57.5927  86.1741 255.0676   8.48 2453157.50000   51.3039 02:01   4
  47.6360   0.2658   2.6002 357.4435 132.8633 352.6210   7.75 2453157.50000   35.1673 02:01   0
  47.7573   0.1567  13.6599 212.3745  20.5703  21.0967   8.40 2453157.50000   40.9697 02:01   3
  47.7492   0.2689  15.8750 277.1196 210.9376   7.6278   8.16 2453157.50000   35.1224 02:01   1
  47.6628   0.2150   3.1063 192.6997 201.9591  73.1321   8.36 2453157.50000   46.8429 02:01   2
  48.0993   0.2981   2.2490 124.8504 129.8226 315.4203   7.82 2453157.50000   40.7707 02:01   1
  47.7086   0.1701   8.2059 231.1879 296.5520 284.5019   7.82 2453157.50000   47.0312 02:01   5
  48.0854   0.3084  17.6848 356.7116 193.1765 184.4796   7.79 2453157.50000   62.8903 02:01   2
  47.7714   0.3207   4.5661 134.2183 300.8275 261.6850   8.32 2453157.50000   54.2378 02:01   3
  47.6415   0.3415  15.1744 197.0258 157.8558 339.5965   8.43 2453157.50000   33.5901 02:01   4
  47.7344   0.2911   1.7187 216.0609 229.5569 111.9624   7.50 2453157.50000   55.8107 02:01   4
  47.6658   0.2779  16.7506 220.2259 138.0658 167.0318   7.50 2453157.50000   60.7067 02:01   4
  47.7925   0.2412  15.9423  84.1839 237.3591 102.0655   8.64 2453157.50000   52.5967 02:01   1
  47.7352   0.2333  24.7176 160.4033 313.3457 288.1302   8.15 2453157.50000   46.8015 02:01   4
  47.9131   0.1703   7.9218 202.6728  15.7565 133.9301   8.49 2453157.50000   54.1801 02:01   1
  47.7880   0.1931  16.9775 207.0606  26.7018 219.1990   8.34 2453157.50000   55.5152 02:01   4
  47.7648   0.0996  13.7504  78.6245  64.9939  17.0506   8.29 2453157.50000   43.2619 02:01   2
  47.7316   0.2807   2.5217 163.9932 181.6433 161.2519   8.38 2453157.50000   60.6950 02:01   4
  47.5889   0.2664   1.7721 157.2608 142.9175  93.9560   8.30 2453157.50000   51.5989 02:01   1
  47.7595   0.3289  18.0459 158.1972  93.4531 300.3938   8.30 2453157.50000   44.5048 02:01   1
  47.7468   0.2860  15.7080 145.5614 336.9487 112.7778   7.77 2453157.50000   55.7801 02:01   4
  47.9292   0.2540   9.0890 150.5195   4.5685 264.1417   8.65 2453157.50000   52.0073 02:01   4
  47.8427   0.2313  23.8916 290.9531  27.1015 285.8868   6.77 2453157.50000   47.3310 02:01   1
  47.6806   0.2082  10.8764 273.7781 185.1466 131.7508   8.31 2453157.50000   55.2305 02:01   5
  47.9919   0.0835   2.0489 353.5628  78.8357 239.1262   8.15 2453157.50000   50.2797 02:01   2
  47.7548   0.1202  10.6981 275.6056 102.4564 338.3330   8.41 2453157.50000   42.5329 02:01   4
  47.5795   0.2302   9.7808 302.4357 110.2673 310.1910   8.62 2453157.50000   42.3346 02:01   4
  47.7178   0.1854   7.9616 342.0697 177.8882 279.9761   7.95 2453157.50000   47.8177 02:01   5
  47.6408   0.3589   5.1207  90.1980  31.0739 181.5598   7.88 2453157.50000   64.7341 02:01   1
  47.7475   0.1616   9.7576  54.4386 291.7085 183.3535   8.04 2453157.50000   55.4559 02:01   5
  47.7687   0.1194   0.7361  98.4280 220.8310 174.8154   8.47 2453157.50000   53.4540 02:01   4
  47.7007   0.0730   4.5606  12.2259  72.9945 270.0686   8.20 2453157.50000   47.9501 02:01   3
  47.7221   0.2903   8.3685 327.9994 174.0414 291.3187   8.45 2453157.50000   46.5762 02:01   5
  47.7894   0.3524   4.5973 325.1760 204.4294 342.5269   7.89 2453157.50000   32.7155 02:01   1
  47.5129   0.2359  23.6895  15.5779 316.0510  69.6305   8.37 2453157.50000   46.1560 02:01   0
  47.9335   0.3167  26.7319  88.2825  45.9754 192.2885   7.61 2453157.50000   62.9144 02:01   1
  47.6414   0.2113  14.3844 289.8403 302.4135 245.6764   7.56 2453157.50000   53.3167 02:01   5
  47.6891   0.2103  20.0571 245.8277  80.7091  94.4341   8.52 2453157.50000   50.4562 02:01   1
  47.6216   0.2950  15.9322 186.5035  32.7653 313.5494   8.49 2453157.50000   40.8694 02:01   1
  47.7453   0.3172   7.8677   6.5034  48.2273 226.7258   8.26 2453157.50000   59.9920 02:01   1
  48.0672   0.2303  17.5169  98.0360 188.9882  28.7382   8.44 2453157.50000   39.1824 02:01   4
  47.5815   0.2465  22.3151  43.6980 240.9986 357.1719   8.61 2453157.50000   35.8783 02:01   3
  47.7252   0.3053   4.9818  90.7995 102.5052 152.1303   8.26 2453157.50000   61.2864 02:01   1
  47.6522   0.1303  19.3562 260.4763 109.6928 253.1859   8.49 2453157.50000   50.1424 02:01   1
  47.5682   0.2652  14.0567 292.1487 101.7186 277.3144   8.26 2453157.50000   49.2668 02:01   2
  47.6218   0.2592  19.2171 311.5256 255.4954 350.1597   8.19 2453157.50000   35.6070 02:01   2
  47.7767   0.2938  10.4561 119.0105  93.2093  81.9495   7.30 2453157.50000   49.8751 02:01   5
  47.7408   0.3588  22.6356 160.7473 301.9465 211.5524   8.21 2453157.50000   63.4633 02:01   1
  47.6129   0.2893   1.2758  90.4332  69.8557 188.8842   8.35 2453157.50000   61.2870 02:01   2
  47.5885   0.3037   6.1275  36.4047  26.8056 310.5238   7.59 2453157.50000   41.5455 02:01   4
  47.5900   0.2441   3.6380 145.2517  61.3510  64.8629   7.71 2453157.50000   45.2882 02:01   4
  47.6272   0.0879   4.3673 166.7359   6.6794 207.7708   8.32 2453157.50000   51.4035 02:01   2
  47.9886   0.2829   3.2737  75.4261  31.7916 301.2365   7.03 2453157.50000   44.3317 02:01   5
  47.7137   0.2413  13.1975 189.8007 157.1313 255.6194   8.65 2453157.50000   52.8929 02:01   1
  47.7880   0.2116   2.4738 106.0262 211.6308 101.2235   7.60 2453157.50000   51.6453 02:01   1
  47.7327   0.2417   7.9787  95.6710 273.7779 327.1883   8.60 2453157.50000   39.1726 02:01   4
  47.6051   0.3220   8.5781  30.1038 245.2796 131.3207   8.27 2453157.50000   59.7742 02:01   2
  47.9790   0.2641   1.3973 193.4991 152.0217  78.6877   7.81 2453157.50000   48.8161 02:01   1
  47.7104   0.3127  17.4675 325.3032 166.1652 100.9239   8.48 2453157.50000   54.4621 02:01   4
  47.7693   0.3291  15.4735 244.5413 128.3126 351.1617   8.60 2453157.50000   32.4598 02:01   5
  47.7512   0.1409   5.7328 319.2252 100.9388 224.7874   8.20 2453157.50000   52.9335 02:01   1
  47.5582   0.2789  14.9200 163.2938 247.1943 219.7695   8.30 2453157.50000   58.8737 02:01   1
  47.6493   0.2881  11.4878 331.8786 294.4819 109.6409   8.40 2453157.50000   55.2114 02:01   1
  47.7898   0.2629  12.9516 258.7227   0.3841   4.6131   8.66 2453157.50000   35.2997 02:01   3
  47.7253   0.2720   9.2069 241.8583 228.1162  25.5202   8.57 2453157.50000   37.0032 02:01   1
  47.6693   0.2778  10.7718 134.5617 227.9606 170.1259   7.94 2453157.50000   60.7938 02:01   4
  47.5327   0.2903   1.6953 137.0312  63.0608  51.4722   8.49 2453157.50000   42.0870 02:01   4
  47.6424   0.2910   2.5279 299.1411 150.1918 127.8159   7.93 2453157.50000   58.0724 02:01   4
  47.7538   0.2979  21.4865 185.8468   5.8766 254.2841   8.63 2453157.50000   54.9600 02:01   4
  47.6151   0.3320   4.6699   9.0227 194.7239 259.8152   8.16 2453157.50000   54.8192 02:01   5
  47.8651   0.2775  20.2495 225.2349 358.6883 249.4799   8.29 2453157.50000   55.2434 02:01   5
  47.7954   0.2069   8.3927 140.1012 129.1494 166.2090   8.08 2453157.50000   57.4891 02:01   3
  47.7660   0.2491   2.1447 118.3559 241.7990 159.9372   7.82 2453157.50000   59.1978 02:01   4
  47.7131   0.1278  16.0645  53.2369  64.1986  62.8072   7.37 2453157.50000   45.5951 02:01   3
  47.6436   0.3140  30.2413  70.4918   9.7375  38.7192   7.16 2453157.50000   38.6626 02:01   1
  47.7098   0.3294   2.3083  89.4590 192.4521  51.4910   8.65 2453157.50000   42.1100 02:01   5
  47.7064   0.1981   6.5152 313.2059  67.7930 353.0036   8.15 2453157.50000   38.3658 02:01   5
  48.0144   0.1594   1.4637 109.7964  18.9895 200.3859   8.41 2453157.50000   55.3067 02:01   1
  47.7184   0.2823   6.5565 335.9068  67.6509 323.8164   8.16 2453157.50000   38.7493 02:01   4
  47.6751   0.2592   6.4504  73.1937  23.0108  37.5127   8.02 2453157.50000   39.5126 02:01   1
  47.8442   0.1939  16.5089 192.8986 298.3853  87.6746   7.09 2453157.50000   49.2403 02:01   4
  47.7654   0.2818   7.8911 325.9111  86.8407 333.2209   8.34 2453157.50000   36.9257 02:01   5
  47.5209   0.2531   4.5347 128.3381 201.9804 188.7767   8.55 2453157.50000   59.4572 02:01   4
  47.7015   0.1403   9.4785 209.2829 184.7313 144.3837   8.37 2453157.50000   53.4116 02:01   4
  47.6335   0.0821   2.4218 323.0943  61.4059 146.1140   6.86 2453157.50000   50.9694 02:01   4
  47.5037   0.2422  11.2610   2.0559  73.4731  37.9303   6.65 2453157.50000   39.8483 02:01   1
  48.0521   0.0797   4.5452 212.9447  63.9272 307.5196   7.00 2453157.50000   45.9271 02:01   1
  47.7983   0.2764   3.5598 115.5815 167.0873  28.1224   8.00 2453157.50000   37.3659 02:01   4
  47.6512   0.1573  12.6378 189.6434 146.5999   6.2074   8.18 2453157.50000   40.2190 02:01   4
  47.7565   0.2495   8.4668 163.5334 354.7392  45.3063   8.56 2453157.50000   41.3261 02:01   3
  47.7334   0.3753   2.7054 164.7561  27.8321 342.5381   8.21 2453157.50000   31.8199 02:01   1
  47.5236   0.2501   8.8750 258.5551 152.3698  47.2196   7.54 2453157.50000   41.5051 02:01   1
  47.7412   0.1715  18.4702 190.2375 182.7558  93.7657   7.88 2453157.50000   49.6281 02:01   2
  47.7703   0.2404  10.5888 323.7874 163.0214 217.0008   8.25 2453157.50000   57.7050 02:01   2
  47.7917   0.1729   2.5779  49.0696 292.0687 296.4619   6.55 2453157.50000   45.3775 02:01   2
  47.8995   0.1666  28.6770 216.3515  26.2541 212.6428   7.98 2453157.50000   54.9361 02:01   4
  47.7536   0.3349   4.1575 258.1237  17.4888  41.0396   8.10 2453157.50000   39.0814 02:01   5
  48.0693   0.1874   9.1626 221.4973 121.0466 134.2970   7.88 2453157.50000   55.0734 02:01   3
  47.7926   0.0860  16.8922 235.2447 286.5487 168.1166   7.60 2453157.50000   51.8258 02:01   1
  47.9060   0.3354   5.9376 292.2740  91.7030 240.8814   8.43 2453157.50000   58.8925 02:01   1
  47.6100   0.2777   2.6308  99.4712 315.2883  44.5262   7.51 2453157.50000   40.6084 02:01   1
  47.7709   0.2830   5.1079  90.0281 285.6216 160.1582   7.05 2453157.50000   60.7981 02:01   4
  47.6576   0.2359  20.6918  36.2293 238.9788 301.6095   7.55 2453157.50000   44.0316 02:01   1
  47.7292   0.3125   9.6058 327.9916  37.9191  60.2976   8.45 2453157.50000   44.5769 02:01   1
  47.5443   0.0958   4.6493 131.0354 333.0307 317.0818   8.37 2453157.50000   44.4339 02:01   5
  47.6030   0.0975  44.7910  43.9633 126.9193 151.6840   8.31 2453157.50000   51.7795 02:01   0
  47.7447   0.3186  16.4910  26.0411 337.7226 349.5394   7.00 2453157.50000   33.0715 02:01   4
  47.7952   0.1456   8.1786 100.4449 303.9966 272.1895   8.22 2453157.50000   48.5352 02:01   2
  47.7776   0.3081   2.2215  65.1386 301.9942 164.4343   8.01 2453157.50000   62.1823 02:01   4
  47.6725   0.3186  11.6432 228.8555 256.6443 289.1267   7.85 2453157.50000   47.4401 02:01   4
  47.7822   0.2981   1.1522 309.1489 232.2987 332.9239   8.24 2453157.50000   36.4768 02:01   1
  47.7856   0.1669  14.1126  11.3601 348.3775 346.8106   8.26 2453157.50000   40.1128 02:01   4
  47.7651   0.2289   4.0216 132.8236 265.7881 229.4273   7.65 2453157.50000   56.0349 02:01   1
  47.7823   0.0717   2.4704 106.7892 220.5227 181.9352   8.33 2453157.50000   51.2087 02:01   4
  47.7347   0.2196   3.2410  16.1985 287.3561 276.3452   7.72 2453157.50000   48.8610 02:01   1
  47.7129   0.3111   8.2943 105.9108 297.2607 154.1272   8.47 2453157.50000   61.6776 02:01   5
  47.5847   0.2702   2.0308 298.0747 115.5126 237.7555   8.57 2453157.50000   56.4301 02:01   1
  47.6187   0.0811   4.1649 189.9269  29.4731 194.3130   7.25 2453157.50000   51.3791 02:01   3
  47.7997   0.2457   1.3399 159.6028  26.5740 159.0521   7.91 2453157.50000   59.0393 02:01   1
  47.5623   0.3014  12.9337 111.0390 127.5443 129.1605   7.64 2453157.50000   58.5791 02:01   1
  47.6990   0.3293  11.9578 103.6355 267.7968  67.0109   7.60 2453157.50000   46.5562 02:01   1
  47.7475   0.0852  12.3829 264.2937 114.0199 272.5375   8.62 2453157.50000   47.9135 02:01   2
  47.6480   0.2380   2.6584  38.2092 343.0204  43.2680   7.54 2453157.50000   41.0377 02:01   0
  47.8510   0.0742  19.9595 328.9777 173.1718  71.3996   7.61 2453157.50000   46.9628 02:01   3
  47.5821   0.2223  15.8897  25.9557 312.9916  80.1037   8.10 2453157.50000   48.1036 02:01   1
  47.6767   0.3348  10.2976 217.3521 164.5685 104.3681   7.94 2453157.50000   55.8586 02:01   2
  47.7002   0.3235   9.1490 259.3857 118.6816 311.1239   8.32 2453157.50000   41.3699 02:01   3
  48.0505   0.2863   4.5512 270.4511 205.8681  62.8389   7.11 2453157.50000   45.4109 02:01   3
  47.5842   0.1237  18.7731 332.3834  10.6362 227.9215   8.25 2453157.50000   51.8828 02:01   0
  47.8155   0.2269   3.1497  37.1071 272.8043 205.8043   7.95 2453157.50000   57.9363 02:01   5
  48.0365   0.0934   8.0950 267.5924 356.0615 204.1947   7.53 2453157.50000   52.1929 02:01   4
  47.9602   0.2776   6.0221  49.5460 358.1569 321.2345   7.13 2453157.50000   39.6088 02:01   4
  48.0350   0.1031  30.6485 187.6014 176.0008 287.3918   8.44 2453157.50000   47.0385 02:01   2
  47.6868   0.2839  28.1059 130.9810 188.1623 179.3481   8.65 2453157.50000   61.2244 02:01   4
  47.8178   0.3249   2.6864 260.3618  28.0604 209.1717   8.30 2453157.50000   62.2079 02:01   4
  47.4811   0.2523  14.1179 166.7044 335.1449  11.2110   8.26 2453157.50000   35.9050 02:01   1
  47.5999   0.1298  24.5191 166.8443 218.1880  54.6821   8.20 2453157.50000   44.6233 02:01   1
  47.7446   0.2508  16.6247 234.8211  90.3627   4.5130   8.56 2453157.50000   35.8352 02:01   4
  47.6680   0.3042   9.3250  24.9873  49.4578 133.0606   6.63 2453157.50000   59.3175 02:01   4
  47.7442   0.3022  13.0449  44.5751 150.7243  76.3187   8.38 2453157.50000   48.6500 02:01   4
  47.7726   0.2462  13.1782 294.4128 280.8365 310.2383   7.04 2453157.50000   42.2953 02:01   0
  47.7634   0.3276  29.6199 221.6444  63.8454 106.1243   7.71 2453157.50000   56.0651 02:01   1
  47.9937   0.2023   1.7602  94.9075 188.7886   1.4382   6.98 2453157.50000   38.2907 02:01   3
  47.7272   0.1743  16.0080 112.2940  16.3734 106.5925   8.28 2453157.50000   51.3210 02:01   4
  47.6785   0.2818  21.3201  69.3422 267.6203 279.7209   8.16 2453157.50000   49.1583 02:01   1
  47.7638   0.2637  16.2835 337.0819 109.6186 207.7380   8.56 2453157.50000   59.4376 02:01   1
  47.6151   0.1286  23.0982 276.4983 339.3744 311.7042   8.39 2453157.50000   44.0409 02:01   1
  47.7553   0.3036   3.9818 192.5149 103.5401  29.9703   7.82 2453157.50000   36.8949 02:01   5
  47.8632   0.2060   2.1581  63.5583  76.0156 250.9145   8.54 2453157.50000   52.6994 02:01   3
  47.6500   0.2563  15.7617 177.8848 246.2532 310.6989   7.61 2453157.50000   41.9742 02:01   4
  47.7739   0.2983   3.2258  84.1833   1.4985 316.8236   8.33 2453157.50000   40.1395 02:01   5
  47.7542   0.1843   6.4545 110.1792 264.1796 152.5084   7.22 2453157.50000   55.8374 02:01   4
  47.8284   0.2545   1.3156  36.1124 313.8684  79.3387   7.83 2453157.50000   48.6542 02:01   1
  47.9678   0.3020  17.9390 219.8458 169.1250 340.8323   7.61 2453157.50000   35.0633 02:01   5
  47.7803   0.3394   1.8638 173.7925 141.9894 165.4325   8.42 2453157.50000   63.7031 02:01   3
  47.7820   0.2912  30.0519 347.0714 142.9389 187.0114   8.48 2453157.50000   61.6334 02:01   1
  47.6027   0.3484  11.3825  76.0702  94.2720 345.1291   8.60 2453157.50000   32.2823 02:01   1
  47.7269   0.2472   2.0805 337.5183  33.7372 149.7419   8.40 2453157.50000   58.4700 02:01   4
  47.8295   0.3249   1.5963   1.7153 323.4551 196.6163   8.05 2453157.50000   62.9954 02:01   5
  47.8617   0.2156  17.2395 205.2363 102.4399 304.6245   7.90 2453157.50000   43.7838 02:01   2
  47.7759   0.2169   9.6442 266.4278  90.9132 352.7535   8.53 2453157.50000   37.5477 02:01   4
  47.8119   0.3022  14.2968 294.3013 206.3429  83.5948   8.07 2453157.50000   50.4733 02:01   4
  47.8124   0.2821   3.2293 159.3462  85.3359 224.4348   8.47 2453157.50000   58.8415 02:01   4
  47.6570   0.2573  13.6370 264.4344  93.5024 246.2592   8.27 2453157.50000   54.8151 02:01   1
  47.9208   0.3508  17.6113 334.8665  90.7308 139.0928   8.64 2453157.50000   62.3836 02:01   4
  48.0515   0.2640   1.7203  74.0575 185.8085 221.2031   8.57 2453157.50000   58.6932 02:01   4
  47.6409   0.3035   1.1256  42.2168 200.3567  55.4947   8.42 2453157.50000   43.1815 02:01   5
  47.7607   0.2806  15.0432 227.3767   6.0055  53.8444   6.97 2453157.50000   42.9224 02:01   4
  47.8311   0.3134  18.1204 242.7040 172.9657 148.6054   7.89 2453157.50000   61.5199 02:01   5
  48.0480   0.2623   1.9913 328.1485 102.7793 320.8809   8.37 2453157.50000   40.0746 02:01   5
  47.7619   0.2321  16.3561 223.0787 299.9653 193.3343   8.45 2453157.50000   58.6484 02:01   2
  47.7530   0.1183  17.0727  36.6085 143.2957 283.0099   8.40 2453157.50000   47.1358 02:01   5
  47.7306   0.3274   2.6037   2.2334 274.1813 343.8737   8.35 2453157.50000   33.4169 02:01   3
  48.0802   0.2834  15.1518 139.8730 234.1347  68.6648   8.57 2453157.50000   46.8535 02:01   1
  47.6903   0.2473  11.5686 183.7641 165.1634 249.2027   8.40 2453157.50000   54.0645 02:01   1
  47.7829   0.3188   3.9041 173.9550 329.3729 281.0585   7.89 2453157.50000   49.6582 02:01   4
  47.9648   0.3269   8.3873 158.5633 120.9562 206.4467   8.60 2453157.50000   62.6961 02:01   4
  47.7681   0.3062  12.5144   2.2029 163.3261 349.6676   7.89 2453157.50000   33.6263 02:01   1
  47.5435   0.2796  26.0313  20.1220  99.7188 109.9707   8.55 2453157.50000   54.8520 02:01   4
  47.7125   0.3028   9.5900 319.0303   5.1829 258.7874   8.37 2453157.50000   54.2078 02:01   1
  47.7677   0.2765   3.6335 134.0385  38.1725 348.0877   7.87 2453157.50000   35.0974 02:01   1
  47.5875   0.0957  16.7596 115.4318 209.3029  80.5628   7.32 2453157.50000   47.2725 02:01   1
  47.8970   0.1593   4.3887  53.4963 117.2645 330.0518   7.86 2453157.50000   41.6631 02:01   0
  47.6166   0.2667   7.8864 104.0949 232.8038 279.1491   8.64 2453157.50000   48.9536 02:01   1
  47.6784   0.1251  16.8991   1.5820 281.4710 222.6399   7.60 2453157.50000   52.3672 02:01   5
  47.7572   0.3106   9.9231   0.9940 320.5639 282.5844   8.53 2453157.50000   49.0863 02:01   1
  47.6914   0.2867   7.7691 316.4574  82.9814 158.5026   8.66 2453157.50000   60.7853 02:01   5
  47.6604   0.3382   9.9737 294.5807 311.2656 178.7433   8.31 2453157.50000   63.7791 02:01   3
  48.0980   0.1708   2.1210 163.2503 255.0172 225.4774   7.38 2453157.50000   54.4561 02:01   1
  47.7235   0.0936  17.7193   3.7429 350.2961 118.5360   8.51 2453157.50000   50.1579 02:01   2
  47.7857   0.3287  23.8734 132.7353  40.8681 354.0995   7.39 2453157.50000   32.2626 02:01   1
  47.6180   0.2901  21.1744  87.3477 301.1091 226.4848   6.70 2453157.50000   58.7105 02:01   1
  47.7285   0.1844   2.8989 154.5692 244.3409 204.7975   8.28 2453157.50000   55.9457 02:01   0
  47.6565   0.2107  13.2728 213.2108 335.9326 204.7875   7.77 2453157.50000   57.0572 02:01   3
  48.0034   0.2376   8.4659 325.8687 350.8279 109.6223   7.45 2453157.50000   53.9235 02:01   1
  47.7638   0.3226  10.2605 165.2136 122.6568  28.9905   7.49 2453157.50000   36.1616 02:01   4
  47.7202   0.3041   7.3374 263.7404  77.5688 239.8003   7.26 2453157.50000   57.6082 02:01   0
  48.0711   0.3023   4.9070  65.6490 326.7339  52.6989   8.30 2453157.50000   42.8287 02:01   1
  47.6633   0.3097   2.3310 107.1790  35.8870 242.1301   8.53 2453157.50000   57.3894 02:01   3
  47.6492   0.2589  26.3736  81.6914 219.5684 296.8050   7.36 2453157.50000   45.0187 02:01   1
  47.5747   0.2336   2.2184 111.0536 258.9720 355.8802   7.91 2453157.50000   36.5103 02:01   5
  47.9540   0.1892   5.2162 116.5799 306.7629 255.2825   8.40 2453157.50000   51.7278 02:01   2
  47.7417   0.2935  19.3604  50.2155 259.5629  27.7654   7.87 2453157.50000   36.7222 02:01   5
  47.7277   0.1696   4.9736 278.0584 341.0868 218.5841   8.44 2453157.50000   54.4970 02:01   4
  47.6979   0.2945   1.4733 102.3202 351.5253  20.1517   8.41 2453157.50000   35.3059 02:01   1
  47.7443   0.3503  19.1768 126.2591  11.9153  97.6978   7.88 2453157.50000   55.0145 02:01   4
  47.6671   0.2356  23.7948   4.3536  86.6089 204.6791   7.35 2453157.50000   58.2167 02:01   1
  47.7299   0.3208  21.3166  66.4532 239.3114 314.2296   8.41 2453157.50000   40.5411 02:01   2
  47.7466   0.1377  22.1136 302.0547 181.5663 230.2690   8.20 2453157.50000   52.4184 02:01   2
  47.7387   0.2768  19.2212 268.9293 329.8466  40.0050   8.52 2453157.50000   39.7135 02:01   4
  47.6477   0.2079  21.9218 102.9836  26.8647 298.9724   8.20 2453157.50000   44.6491 02:01   5
  47.5923   0.2009  12.6626 171.0818 127.7166   8.6592   8.47 2453157.50000   38.1995 02:01   4
  47.7571   0.3293  34.1838 169.3386 270.7540  25.5570   7.58 2453157.50000   35.1772 02:01   1
  47.7102   0.1338   9.6270 223.1769  54.1282 221.6098   7.57 2453157.50000   52.8090 02:01   5
  47.7949   0.3395   6.3688 269.0641   2.4883  41.2640   8.01 2453157.50000   39.1260 02:01   5
  47.6961   0.3129   9.7853  19.3949 243.9486  26.2398   8.48 2453157.50000   35.7843 02:01   4
  47.7934   0.3160  14.7151 315.0013 331.8408 213.3952   8.01 2453157.50000   61.4169 02:01   5
  47.7733   0.3533   2.5091   9.4186 351.6203 162.0270   7.72 2453157.50000   64.1999 02:01   4
  47.8158   0.2523   1.2995 186.3927 247.9203 213.1724   8.23 2453157.50000   58.5957 02:01   1
  47.5362   0.3375   5.4199 160.5526  26.2896 335.3118   8.37 2453157.50000   34.5678 02:01   1
  47.7913   0.1692  18.0076 172.4344  48.0851 150.4009   6.70 2453157.50000   55.0944 02:01   1
  47.7387   0.2510   1.6511 350.8529  46.3627 244.9129   7.62 2453157.50000   54.8894 02:01   1
  47.7924   0.2942  16.4432 129.3283 159.7672  93.6443   8.60 2453157.50000   52.4918 02:01   0
  47.8869   0.1067   5.9988  25.0075 210.3292 183.9115   8.65 2453157.50000   52.9871 02:01   3
  47.6094   0.3762  13.8407 331.5763 217.8478 153.4420   8.55 2453157.50000   64.5019 02:01   1
  47.6880   0.2771   4.7838 232.0716 153.0638 108.7058   8.29 2453157.50000   54.7205 02:01   3
  47.6370   0.0934  13.1984  71.3499 320.4720 122.8285   6.73 2453157.50000   50.3208 02:01   3
  47.7786   0.2654  11.7350 352.6926 328.6474 353.1061   8.52 2453157.50000   35.2650 02:01   4
  47.7393   0.2959  15.3212 209.7624 153.3090 234.8121   8.19 2453157.50000   58.0369 02:01   0
  47.5412   0.2283  16.0585  26.2132 339.1785 353.7677   6.67 2453157.50000   36.7934 02:01   5
  48.0649   0.3184   3.3130 123.5974 103.9023 233.8937   8.01 2453157.50000   59.4822 02:01   4
  47.6596   0.1550   7.5724 194.8780  37.3088 248.7302   7.91 2453157.50000   51.2461 02:01   5
  47.9673   0.1190  14.7431 332.2016 298.9099 193.1475   7.65 2453157.50000   53.5541 02:01   4
  47.8673   0.2868   0.6469 131.7572 122.5479 317.7882   8.36 2453157.50000   40.1510 02:01   1
  47.6034   0.2089  20.3912 103.2117   8.4804  93.9338   8.28 2453157.50000   50.2548 02:01   4
  47.5911   0.1798  12.9916 129.1725 351.0554 173.0643   8.61 2453157.50000   56.1037 02:01   0
  47.7438   0.1992  13.7159  16.8716 214.9541  47.9800   7.82 2453157.50000   42.6500 02:01   4
  47.6075   0.1254   2.9736  58.6404 255.4533  17.0300   8.65 2453157.50000   41.9780 02:01   4
  47.7691   0.2376   9.0216 227.6427  49.7749 197.8558   8.51 2453157.50000   58.7577 02:01   4
  47.7853   0.3119  15.2964  37.6107 335.2881 240.9185   8.29 2453157.50000   57.8143 02:01   1
  47.7168   0.3357   4.4208  24.4804 308.6594 335.2085   8.14 2453157.50000   34.7793 02:01   3
  47.7448   0.3100   8.9044 335.5098   1.1039 271.2244   8.57 2453157.50000   51.7889 02:01   1
  47.5824   0.2028   7.8316 333.9575 160.5166  45.6387   7.78 2453157.50000   42.0723 02:01   2
  47.9748   0.3039   4.1152  82.4800 264.9928 353.4710   8.09 2453157.50000   33.5911 02:01   4
  48.0723   0.3023  12.3155 305.5469 140.9793 120.5134   8.32 2453157.50000   58.0125 02:01   4
  47.6932   0.2816  11.6468 265.2771 315.9784 131.1882   6.60 2453157.50000   58.1724 02:01   1
  47.7887   0.2698   4.4388 124.1113 275.6749 150.7110   8.57 2453157.50000   59.6415 02:01   4
  47.6547   0.3562  24.0565 205.9007 110.0568 196.3159   8.64 2453157.50000   64.2546 02:01   4
  47.7220   0.3234   7.9167  48.2422  54.4474 205.6631   6.79 2453157.50000   62.2726 02:01   1
  47.6803   0.2148  11.1232  75.9496 287.4272 358.9639   8.16 2453157.50000   37.4411 02:01   5
  47.9780   0.2599  16.7750  57.6973 234.8289 288.7873   8.63 2453157.50000   47.1233 02:01   1
  47.7075   0.1000   1.4437 225.7890 173.1297  79.6341   8.54 2453157.50000   47.3203 02:01   2
  47.7769   0.2710  14.9242 358.5220  75.2728 211.6645   6.82 2453157.50000   59.5054 02:01   1
  47.7070   0.2047   5.9002 172.7767 273.6406 203.3991   7.86 2453157.50000   56.9155 02:01   1
  47.7822   0.3032  15.0085 352.1290  81.9031 125.9450   8.38 2453157.50000   58.4887 02:01   4
  47.6861   0.2689  12.2805  49.2631 155.1364  47.6043   8.18 2453157.50000   41.4877 02:01   4
  47.8053   0.3500   5.9582  39.4098 103.7320 108.9554   7.69 2453157.50000   57.4782 02:01   5
  47.6640   0.2396  28.5404 144.5361 117.1425 204.2616   8.08 2453157.50000   58.4203 02:01   4
  47.6822   0.2533   9.9354 126.3928 166.5129 207.2970   8.33 2453157.50000   58.8913 02:01   4
  47.7832   0.1630  27.5336 294.5996 155.5974 247.3351   8.19 2453157.50000   51.7595 02:01   2
  47.7121   0.2917  14.9726  44.4955 190.2570 222.8578   8.32 2453157.50000   59.3015 02:01   4
  47.7036   0.2565   0.8066 175.1267  15.2363 264.9781   8.64 2453157.50000   51.6720 02:01   5
  47.7343   0.3006  20.8851 286.1546 252.6593 163.3593   8.11 2453157.50000   61.7237 02:01   1
  47.6044   0.2503   4.0978 200.0625 138.0580  68.6538   7.64 2453157.50000   46.1287 02:01   0
  47.5919   0.3205   6.8169  60.4538 291.5224 177.6238   8.52 2453157.50000   62.8388 02:01   4
  47.6955   0.2215   1.6677 110.9541 359.0478 103.4408   8.57 2453157.50000   52.1523 02:01   4
  47.6183   0.2537  12.5349   2.0843 319.1313 190.1431   8.39 2453157.50000   59.5785 02:01   4
  47.5460   0.2543  15.7073  26.8849 148.1246 272.5534   8.50 2453157.50000   50.0009 02:01   5
  47.9340   0.1450  13.3614   7.7774 264.0719  25.5429   6.16 2453157.50000   41.8943 02:01   4
  47.6388   0.2774   5.0696  48.2284 196.5185 319.3509   7.96 2453157.50000   39.7612 02:01   1
  47.6902   0.1551   4.4681 102.7703  93.3051 340.2825   8.20 2453157.50000   40.8911 02:01   1
  47.6975   0.2704  17.1786  91.2184  84.7614 343.7472   8.06 2453157.50000   35.7466 02:01   1
  47.6913   0.2808  17.7080 311.8911  45.8557 174.6010   7.10 2453157.50000   61.0460 02:01   4
  47.6849   0.2947   1.9951 122.4402 177.4878 101.5746   8.00 2453157.50000   53.9911 02:01   1
  47.7285   0.2249   9.2892 202.5616  95.5549 200.8448   8.59 2453157.50000   57.9905 02:01   4
  47.7492   0.0941   4.4840 125.4984  72.1478  82.8479   8.38 2453157.50000   47.6109 02:01   5
  47.7265   0.2707   9.7247 193.6716  87.6616  32.7903   7.84 2453157.50000   38.3493 02:01   4
  47.6616   0.3190  19.7732 289.0976  96.1608  51.3250   8.17 2453157.50000   42.0421 02:01   1
  47.7962   0.3013   2.3169 207.0942 114.5849 166.0033   8.01 2453157.50000   61.9454 02:01   4
  48.0639   0.1441   3.1045 355.3632 209.1989 236.7515   7.80 2453157.50000   52.4787 02:01   4
  47.6667   0.1731  13.2655 322.5190  23.9023 160.9866   8.61 2453157.50000   55.5885 02:01   4
  48.0649   0.3038  16.9157 262.8621  48.9410 200.5439   7.60 2453157.50000   62.1154 02:01   5
  47.7221   0.3470   0.4434  66.7280  95.2360 348.9371   8.43 2453157.50000   31.8687 02:01   1
  47.6403   0.2219  11.5688  48.8034 336.7624 143.3840   8.60 2453157.50000   56.7773 02:01   4
  47.7977   0.3075   2.3828 146.0862 132.8567 109.3966   8.23 2453157.50000   56.0183 02:01   1
  47.7041   0.2431  13.1205 109.6607 185.9127 300.5077   8.57 2453157.50000   44.2743 02:01   1
  47.9031   0.3240   9.3028 212.2342 225.0157  30.5109   8.25 2453157.50000   36.5929 02:01   1
  47.7465   0.2638   7.1115 252.8891  55.8032  13.1356   7.47 2453157.50000   35.7522 02:01   4
  47.6331   0.2047  13.2997 245.3128 212.9807 201.3570   7.43 2453157.50000   56.9165 02:01   1
  47.5331   0.2025   9.4755 322.9047  14.7821 182.3405   7.51 2453157.50000   57.1515 02:01   4
  47.6443   0.2228  15.9879 355.5250 280.0844  99.4687   7.92 2453157.50000   51.5098 02:01   0
  47.7706   0.2263   4.7928  44.8551 188.2676 115.6108   6.10 2453157.50000   54.1395 02:01   0
  47.5866   0.2551   9.8528  66.1608 275.0076 262.1684   8.42 2453157.50000   52.0235 02:01   1
  47.5905   0.3073  11.5210 341.0892 338.6619 203.6103   8.59 2453157.50000   61.4887 02:01   5
  47.6728   0.1225   7.7988 132.9615 286.4299 283.1380   8.30 2453157.50000   47.0462 02:01   3
  47.8208   0.2035   6.4497 126.5778 266.8904  74.1015   8.32 2453157.50000   47.0960 02:01   2
  47.5846   0.3586   5.9761  72.7408 287.4660 358.9077   7.81 2453157.50000   30.5274 02:01   5
  47.7391   0.1915   7.6500 249.7934 209.9531 219.8123   7.65 2453157.50000   55.3427 02:01   2
  47.7064   0.1673  11.0966  25.2457 249.6560  86.8386   7.83 2453157.50000   48.5915 02:01   0
  47.6592   0.2866  16.2765 234.4024  29.0824 307.3473   7.92 2453157.50000   42.5120 02:01   1
  47.6590   0.2183  16.3983 348.6442 317.9987  91.2322   8.63 2453157.50000   50.0710 02:01   1
  48.0662   0.1673   5.9693 231.6609 314.2377   0.1301   8.35 2453157.50000   40.0232 02:01   2
  47.7240   0.1495  15.9418 326.2272  54.3480 165.6896   7.49 2453157.50000   54.6924 02:01   5
  47.7051   0.2101   0.7892 301.5180 121.3676 321.7534   8.33 2453157.50000   40.8772 02:01   4
  47.7480   0.2254   7.7373 288.7238 344.3607 199.5379   8.24 2453157.50000   58.0936 02:01   4
  47.9621   0.1785  11.6161 353.9345 193.0085 226.1436   8.20 2453157.50000   54.5555 02:01   3
  47.7051   0.2038   6.4467  96.5522 210.2850 189.9153   6.88 2453157.50000   57.3284 02:01   4
  47.7450   0.2528  22.3293  97.2073 170.4727 314.1265   8.58 2453157.50000   41.3819 02:01   1
  47.7022   0.1808   7.8210  74.7603 321.7370 280.6199   8.01 2453157.50000   47.6626 02:01   3
  47.5754   0.2503  20.1577 126.1969 142.3500 124.7674   6.80 2453157.50000   55.9854 02:01   1
  47.5862   0.2908   2.8573  72.3782 267.4447 252.4916   8.03 2453157.50000   54.8546 02:01   1
  47.7607   0.1285  12.0497 108.7417 262.8952 259.8212   8.46 2453157.50000   49.5760 02:01   1
  47.7108   0.2737  21.9710 229.1125  85.4519 275.6468   7.65 2453157.50000   49.9348 02:01   1
  47.5775   0.0764   6.7237  65.2082  12.6001 230.6946   8.34 2453157.50000   50.0336 02:01   2
  47.7675   0.2566  20.9781   6.9631 282.5603 209.1206   7.96 2453157.50000   59.0241 02:01   4
  47.7276   0.1305   8.3079 212.8006  78.8242 198.7762   7.12 2453157.50000   53.6945 02:01   4
  48.0667   0.2195   9.7794 297.7946 335.0473 294.1142   7.44 2453157.50000   45.9084 02:01   1
  47.5808   0.3404   4.5089  38.6765 225.9169  48.9741   7.36 2453157.50000   41.2303 02:01   5
  47.7342   0.2428  15.3480  18.9309  69.4126 292.1388   8.25 2453157.50000   46.0460 02:01   4
  48.0671   0.0831  21.1522  44.0686 112.7382  76.8003   8.08 2453157.50000   47.4774 02:01   4
  47.7738   0.2966  12.6552 197.2632 278.3993 185.6896   8.47 2453157.50000   61.9026 02:01   1
  47.6064   0.3045  31.2105 328.2238 356.9131 359.7014   7.92 2453157.50000   33.1087 02:01   4
  47.7129   0.3005  14.1408  74.7646  76.2269 276.6892   7.15 2453157.50000   50.2653 02:01   4
  47.6420   0.2177  12.5979  29.5528  79.6434 293.9114   7.57 2453157.50000   45.5393 02:01   4
  47.7769   0.3189  18.2026  76.9119 115.1528  41.3559   8.38 2453157.50000   39.3929 02:01   3
  48.0169   0.2972   7.7715 229.8084 281.1770 351.9240   8.58 2453157.50000   34.0320 02:01   1
  47.5881   0.2659   9.8965 127.5134 197.1201   7.8141   8.37 2453157.50000   35.1492 02:01   4
  47.7521   0.3382   0.4381  69.0172  76.4078 284.7652   7.01 2453157.50000   49.0337 02:01   5
  47.9365   0.2684  14.7421   1.2507 164.6957 267.1389   7.87 2453157.50000   51.8105 02:01   4
  47.5946   0.1810   5.8572  20.3062  23.8631 312.8214   7.85 2453157.50000   42.7454 02:01   4
  47.5525   0.1662  14.2300 188.5427  26.4963  91.4442   7.49 2453157.50000   49.0331 02:01   5
  47.8850   0.2888   1.9218 139.5263 128.6106 307.9982   8.10 2453157.50000   42.5400 02:01   1
  47.7627   0.2072  20.1062 188.8074 302.4386 260.0737   8.54 2453157.50000   51.3105 02:01   3
  47.7417   0.3555   3.8478  27.1765 277.1422 269.4726   8.59 2453157.50000   53.4650 02:01   1
  47.9306   0.3202  12.8133  44.3648  55.2889   1.2780   8.08 2453157.50000   32.5933 02:01   0
  47.6648   0.2577  19.4611 161.6210  43.3938  50.1270   8.57 2453157.50000   42.1492 02:01   4
  47.7255   0.3093  16.3756 179.6074 140.1674  90.6089   8.36 2453157.50000   52.1654 02:01   1
  47.6132   0.2433   0.3652 183.4787  11.5389  14.5659   8.50 2453157.50000   36.6710 02:01   2
  47.5117   0.1776   9.6133  51.3406 107.2696 260.3254   7.76 2453157.50000   50.2987 02:01   4
  47.7864   0.2152   5.7369 217.8082 180.8914 346.7121   8.59 2453157.50000   37.9453 02:01   5
  47.7787   0.2574  19.0910 217.1793 222.4204 126.3283   8.16 2453157.50000   56.6986 02:01   4
  47.5953   0.1532   3.5750 119.4503  22.8082 172.3470   7.53 2453157.50000   54.8402 02:01   1
  47.9837   0.2753   3.0991  14.5804 244.1244 291.5385   8.04 2453157.50000   46.6379 02:01   1
  48.0805   0.2990  14.4675 142.4753 185.8117  89.9461   7.73 2453157.50000   52.1363 02:01   1
  47.6616   0.2852   9.8765 348.6160   9.1509 171.1321   8.60 2453157.50000   61.1576 02:01   4
  47.7370   0.2631  12.9050 195.7058 157.8434 323.1341   8.52 2453157.50000   39.3458 02:01   3
  47.6189   0.2228   2.8356 217.3497 164.6639 252.8940   8.39 2453157.50000   52.6540 02:01   1
  47.6467   0.3116   6.6088 249.8525  73.5539 190.2787   7.76 2453157.50000   62.3527 02:01   4
  47.7611   0.3099  14.8700 110.7946   9.5209 288.5047   8.54 2453157.50000   47.5676 02:01   4
  47.6200   0.3151   5.5037 333.3309 171.4132  99.2324   8.06 2453157.50000   54.0852 02:01   4
  47.7514   0.3401  18.9766 164.4942  49.4326 139.9664   8.15 2453157.50000   61.7849 02:01   1
  47.7264   0.2267   3.3383 229.7226 326.7366 213.9017   8.49 2453157.50000   57.2924 02:01   3
  47.7228   0.1571  15.4132 113.4767 304.7527 329.9602   8.61 2453157.50000   41.5973 02:01   5
  47.7161   0.3051  21.8602 222.3293 176.4370 346.9221   8.55 2453157.50000   33.9232 02:01   5
  47.7425   0.3252   4.1678 120.0106 144.4234 215.7985   7.41 2453157.50000   61.5429 02:01   4
  47.6982   0.1895   4.3752 351.8269 290.9114 319.3993   8.32 2453157.50000   41.7408 02:01   2
  47.8898   0.2262   9.2225 219.2293 269.4810 358.1032   8.36 2453157.50000   37.0663 02:01   1
  47.5632   0.2625  10.4029 239.8574 224.9346  10.5609   8.43 2453157.50000   35.4611 02:01   1
  47.5101   0.2174   9.1249 220.1701 231.9124  93.4063   8.05 2453157.50000   50.2562 02:01   3
  47.7310   0.3161  13.7542 182.4635 251.9767 314.5406   8.57 2453157.50000   40.4977 02:01   4
  48.0108   0.1503   0.8975 190.2051 184.5496 280.8968   7.38 2453157.50000   47.7223 02:01   2
  47.7908   0.2074  10.7594 359.2457 243.2559 128.4028   7.38 2453157.50000   54.9899 02:01   1
  47.6858   0.2820   4.4929 279.4471 320.2575  14.6236   8.52 2453157.50000   35.0649 02:01   3
  47.7603   0.1303  17.8024  37.5607  65.7512 197.3232   8.43 2453157.50000   53.7593 02:01   1
  47.7783   0.1450  15.3661  50.4002 303.0137 270.5120   7.29 2453157.50000   48.7095 02:01   1
  47.7988   0.2970   5.5596  20.6534 132.3163 164.8739   8.64 2453157.50000   61.7014 02:01   1
  47.5866   0.0945   1.8049  80.0557 203.9151 105.7527   7.47 2453157.50000   49.1850 02:01   1
  47.9314   0.1331   5.8904 283.7829 129.0614 297.5953   8.52 2453157.50000   45.7029 02:01   3
  47.7055   0.2281   9.4868  13.2731  43.7899  57.5929   6.81 2453157.50000   43.9594 02:01   1
  47.7011   0.2807  24.0577 132.6302 350.0376 104.4063   8.49 2453157.50000   54.0984 02:01   4
  48.0752   0.2610  17.5468 134.3317 161.7344  92.1327   8.23 2453157.50000   51.6342 02:01   1
  47.6723   0.2557  22.1512 112.2099 123.9864 164.3089   7.16 2453157.50000   59.5731 02:01   2
  47.4899   0.3185   8.5220 152.8826 112.8663  43.3836   7.48 2453157.50000   39.7065 02:01   5
  47.7033   0.2356   2.1703 108.1464 217.2017 100.0442   8.40 2453157.50000   52.0070 02:01   1
  47.5313   0.2828   2.4658 116.4725 100.3062 169.3988   8.37 2453157.50000   60.8314 02:01   2
  47.6689   0.1692   5.2505 322.8507 354.3974  13.2408   8.48 2453157.50000   39.9101 02:01   4
  47.7381   0.2493  16.9037 281.2612 116.5991 349.2242   7.69 2453157.50000   36.2041 02:01   5
  47.9142   0.3238  18.9033  51.7056  16.8800 263.9889   7.77 2453157.50000   53.9955 02:01   3
  47.9454   0.2918  11.4089 175.3030 314.5702 115.6212   8.13 2453157.50000   56.6886 02:01   5
  47.5851   0.3092   9.2396 181.8798 158.9166 265.4099   8.44 2453157.50000   52.8862 02:01   1
  47.6626   0.2047  14.7398  95.1617  27.5985 170.3600   7.42 2453157.50000   57.3249 02:01   0
  47.7469   0.2915  16.3382  52.0473 310.7638 229.5953   8.36 2453157.50000   58.5512 02:01   0
  47.9145   0.2615   5.9762 135.1552  49.0661 157.7402   7.02 2453157.50000   59.8485 02:01   1
  47.7879   0.2962   7.1763  64.4374  43.6687 118.1113   8.13 2453157.50000   57.0618 02:01   4
  47.6837   0.3461   2.9839 115.7180 167.1284 210.1247   8.58 2453157.50000   62.9271 02:01   4
  47.7838   0.0728  16.3358 333.9230 286.5562 171.6457   7.99 2453157.50000   51.2321 02:01   3
  47.6574   0.1395  14.7307 112.7522 107.3133  22.5363   8.61 2453157.50000   41.6832 02:01   3
  48.0940   0.3353   6.7991  57.3549  58.3141 184.9288   8.43 2453157.50000   64.1841 02:01   1
  47.7691   0.2903   3.7885  55.1878 184.3629  58.3941   7.33 2453157.50000   44.0435 02:01   5
  47.7955   0.2389   2.0596  69.2715 116.5690 330.6021   7.68 2453157.50000   38.7723 02:01   1
  47.7667   0.3078   6.1964 145.9187 239.4744 154.6886   8.13 2453157.50000   61.6318 02:01   4
  48.0109   0.2445   9.3665 142.3339 178.8695 192.0883   7.74 2453157.50000   59.5811 02:01   4
  47.7286   0.1385   1.7328  46.3796  57.9797 188.4459   8.50 2453157.50000   54.2838 02:01   1
  47.7840   0.2553  10.0333 105.3589  33.8019 168.0748   8.60 2453157.50000   59.8139 02:01   0
  47.7866   0.2361  11.1090 235.4280 285.6154 156.4057   7.95 2453157.50000   58.4427 02:01   0
  47.7777   0.2787  23.5109  36.7167  34.2511 314.2089   7.58 2453157.50000   41.0317 02:01   4
  47.7986   0.2753   2.4755 131.6931 341.2733 192.0573   7.92 2453157.50000   60.7789 02:01   1
  48.0668   0.3272  10.2177 284.9249 355.1559 181.5708   7.75 2453157.50000   63.7912 02:01   3
  47.6669   0.0826   8.8068 210.8782 291.6578 174.4319   8.14 2453157.50000   51.5892 02:01   1
  47.7535   0.3004   7.9037 119.4132 131.3770 220.4262   7.21 2453157.50000   59.9937 02:01   4
  47.8446   0.1569   6.7542 305.9222 297.8345 203.5674   7.79 2453157.50000   54.8775 02:01   3
  47.7593   0.2307   1.5738  92.6112 308.8301  69.1347   8.64 2453157.50000   46.2700 02:01   2
  47.7422   0.3096  18.1239 322.8109   1.2569  76.6078   7.88 2453157.50000   48.8498 02:01   0
  47.4965   0.3201   2.7619  88.2791  52.1886  58.3272   7.83 2453157.50000   43.8525 02:01   3
  47.6773   0.2703  14.6168  44.1476 107.9718 273.7473   6.70 2453157.50000   50.2312 02:01   4
  47.9148   0.2150   6.7513 247.9153 210.8080 103.5185   8.08 2453157.50000   52.2201 02:01   4
  47.7212   0.1472  19.1952 207.9049 164.7938 148.9048   7.29 2453157.50000   53.9660 02:01   4
  47.6787   0.2200   4.1201 156.9967 217.7154 334.2424   6.67 2453157.50000   38.8340 02:01   4
  47.7293   0.3128   8.3631  13.7806 111.6394 287.1429   6.59 2453157.50000   47.9323 02:01   4
  47.7571   0.2992  18.3791 164.9756 184.1582 358.4562   7.71 2453157.50000   33.4785 02:01   4
  47.8927   0.3350   3.0647  82.8209 294.0797 347.6643   8.50 2453157.50000   32.6677 02:01   5
  47.5645   0.3477  15.1281 198.4542  55.6181 309.2359   8.65 2453157.50000   41.7494 02:01   1
  47.8575   0.3403  22.5588 173.9271 334.8469 185.1868   8.53 2453157.50000   64.1048 02:01   1
  47.5781   0.2515   1.4741 181.9278 181.2995 141.3926   8.62 2453157.50000   57.8167 02:01   3
  48.0042   0.3106   9.1644 175.6174  40.3193  59.1314   8.40 2453157.50000   44.5062 02:01   4
  47.6535   0.2441  10.9542 160.2337 183.7835 242.5634   8.63 2453157.50000   54.8769 02:01   0
  48.0756   0.2490  18.2633  67.1270 247.5910 182.8114   8.20 2453157.50000   60.0378 02:01   4
  47.6604   0.2451   2.5527 111.9497 151.3572  35.0639   8.37 2453157.50000   39.4002 02:01   4
  47.6894   0.2896   7.8460 103.4664 248.3419 327.4264   7.10 2453157.50000   37.7753 02:01   3
  47.9645   0.3432  14.9720 229.2071 207.7590 212.9761   7.66 2453157.50000   62.9155 02:01   1
  47.6860   0.2758   8.4774 338.8847 223.8979 335.7319   8.54 2453157.50000   36.6344 02:01   1
  47.6638   0.2104   6.1703 255.1258 310.2957 224.3608   8.32 2453157.50000   55.6620 02:01   4
  47.6955   0.2673  11.7936  53.7322 254.0058  97.7204   8.61 2453157.50000   52.4558 02:01   1
  47.5311   0.2472  14.9261 240.8658 355.7691 113.8385   8.45 2453157.50000   54.3348 02:01   0
  47.6241   0.2421   4.7206  95.4462 231.7227  91.3396   8.55 2453157.50000   50.5610 02:01   1
  47.6736   0.2900   0.4403 106.9248 202.0883 194.8627   8.40 2453157.50000   61.2196 02:01   4
  47.7052   0.3190   2.7855 320.2304 329.3212 101.6673   8.64 2453157.50000   54.8108 02:01   1
  47.8824   0.1922  13.6095 104.8722  82.6389  75.8946   8.64 2453157.50000   47.3836 02:01   4
  47.5782   0.2442   4.3613 127.3079 273.2274  43.8093   7.85 2453157.50000   40.9673 02:01   1
  47.6484   0.2691   7.2885 246.3758 354.6878  64.3786   7.89 2453157.50000   45.3205 02:01   5
  47.6951   0.2039   9.1971 258.3951 211.4643  32.8196   8.56 2453157.50000   40.2874 02:01   1
  47.7003   0.3124  13.9919 319.3638 179.6106 350.5452   7.55 2453157.50000   33.2211 02:01   1
  47.5890   0.2904  16.4681 351.1826 160.5666 350.4337   7.67 2453157.50000   34.1487 02:01   1
  47.7051   0.1266  21.9364  70.7779 326.5142  32.2773   8.51 2453157.50000   42.8559 02:01   0
  47.6535   0.3022   3.7235  46.3549 143.3095 171.1609   7.90 2453157.50000   61.9552 02:01   1
  47.6364   0.3292  16.2800 125.3012 343.4523 278.4188   7.44 2453157.50000   50.4003 02:01   4
  47.7734   0.2048   6.3989 211.7379 138.2972 126.8450   8.25 2453157.50000   54.7076 02:01   3
  47.6434   0.2650  21.9415  65.3450 213.2801 269.3895   8.63 2453157.50000   50.9662 02:01   0
  47.7908   0.3430   6.4267  29.3016 179.6145 146.4626   8.06 2453157.50000   62.6265 02:01   1
  47.8451   0.2368  11.5236 274.2282  23.7185 112.7572   7.98 2453157.50000   54.1802 02:01   1
  47.7178   0.2474  10.9851 212.0612  16.4642 131.9562   8.64 2453157.50000   56.8789 02:01   1
  47.7943   0.2128  13.9233 350.0659 245.3258 352.5300   8.18 2453157.50000   37.7606 02:01   2
  47.6502   0.2941   4.6014 290.4206 342.7021  27.5302   7.00 2453157.50000   36.5878 02:01   4
  47.5950   0.3647  14.6908  11.0359  89.1233 209.1713   7.86 2453157.50000   63.7455 02:01   1
  47.5765   0.2294  10.4423 176.8275 267.4360 103.8323   8.10 2453157.50000   52.3047 02:01   4
  47.7870   0.3069  14.2574  16.0955  69.0994 115.2396   7.97 2453157.50000   57.0003 02:01   4
  47.9879   0.2793  12.6551 211.5137 346.3458 326.2747   8.27 2453157.50000   38.5180 02:01   1
  47.7252   0.1976   3.1160 143.8526  58.0194 256.8647   8.28 2453157.50000   51.4871 02:01   5
  47.7429   0.2230  17.7461  22.0445 256.6609 131.8246   7.44 2453157.50000   55.9013 02:01   2
  47.8694   0.2538   3.1134  44.2933 145.5259 341.1739   7.83 2453157.50000   36.8541 02:01   1
  47.7296   0.2858  19.1798  97.1124 186.9142 288.5926   7.49 2453157.50000   47.1989 02:01   1
  47.8711   0.3182  12.4273  33.4041 186.8498 136.7624   8.16 2453157.50000   60.6129 02:01   1
  48.0933   0.2150   1.0434  42.5226 167.0357 331.8402   8.29 2453157.50000   39.6503 02:01   1
  47.7017   0.2327  12.6904  48.2357 187.2037 237.1069   8.33 2453157.50000   55.2278 02:01   5
  47.8965   0.3121   4.2065 178.8339  98.7351 288.2845   7.76 2453157.50000   47.7907 02:01   1
  47.6726   0.0763  12.7182 148.9152 122.6698 290.8510   6.60 2453157.50000   46.6292 02:01   1
  47.7497   0.1384  12.3535 108.5433 160.6593 196.6941   7.86 2453157.50000   54.1420 02:01   4
  47.6996   0.2513   1.0374  37.0645 260.1407  16.8180   8.10 2453157.50000   36.6065 02:01   4
  47.6086   0.1315   6.9247 272.7775 128.0201 334.0709   6.70 2453157.50000   42.1662 02:01   5
  47.6466   0.3406   8.8623 237.5073 257.0031 266.4486   8.52 2453157.50000   53.6440 02:01   4
  47.6063   0.1847   1.3790  65.0689 315.8081 316.7800   7.42 2453157.50000   42.1324 02:01   4
  47.7898   0.1507   8.0127 120.6095 209.8207  54.8705   7.82 2453157.50000   44.4676 02:01   0
  47.7012   0.1668  13.9201 277.3279  41.5757 307.1062   7.99 2453157.50000   43.8776 02:01   2
  48.0247   0.1712   2.1232 182.8363  38.5786  62.6416   8.47 2453157.50000   45.4799 02:01   4
  48.0397   0.2414  16.6009  76.7074 337.4297 319.3424   8.12 2453157.50000   40.8176 02:01   4
  47.6676   0.1941   1.9640 185.6366 230.7835 254.1384   7.73 2453157.50000   51.7043 02:01   2
  47.9061   0.1580   7.6895 299.9945 294.7082 165.8580   8.10 2453157.50000   55.3046 02:01   2
  47.7354   0.2063   3.2911 112.2223  43.6024 195.7619   7.92 2453157.50000   57.3284 02:01   2
  47.7242   0.2081   2.7791 121.0802 282.4159  88.1112   8.35 2453157.50000   49.4251 02:01   2
  47.6258   0.3024  10.5128 214.9983  92.7758 110.9302   8.27 2453157.50000   55.9075 02:01   1
  48.0619   0.2588  28.1195 148.2526 144.1699 294.5442   7.99 2453157.50000   45.9152 02:01   1
  47.9008   0.2513   4.1989 259.4464 268.0014 167.8966   8.44 2453157.50000   59.7647 02:01   1
  47.7051   0.2410  14.4371 276.5947 105.8337 337.7592   8.45 2453157.50000   37.6423 02:01   4
  47.5750   0.3150  17.0938  13.8434  93.2224 227.0611   8.12 2453157.50000   59.6417 02:01   2
  47.7535   0.2727  21.5570  99.2621 304.6776 222.3628   7.46 2453157.50000   58.5895 02:01   1
  47.6495   0.3139   1.0362  56.5734 294.9764 245.8126   7.60 2453157.50000   56.9205 02:01   1
  47.7099   0.3190   8.1381 202.5251 168.4286  50.7145   8.46 2453157.50000   41.9138 02:01   0
  47.7170   0.2252  16.2256 170.0501  22.4858 259.0506   7.72 2453157.50000   51.8874 02:01   5
  47.7658   0.2510   6.4946  26.3211 185.9561  61.0306   8.41 2453157.50000   44.6459 02:01   4
  47.9139   0.1505   8.6454 223.7131 121.2907 135.1661   8.61 2453157.50000   53.4887 02:01   3
  47.7843   0.2880  12.8129 154.3767 179.1828 355.5792   8.54 2453157.50000   34.1031 02:01   4
  47.6970   0.2913  20.0220 138.7199 217.5609 327.3998   8.62 2453157.50000   37.7431 02:01   3
  47.5777   0.3184  14.5930 290.0046  42.3689 195.1063   7.31 2453157.50000   62.4219 02:01   5
  47.9643   0.2200   1.0792 210.3938  32.7384 141.8408   8.07 2453157.50000   56.9576 02:01   1
  47.6483   0.2618   0.9025 313.0460 258.2215 326.1911   6.56 2453157.50000   38.7181 02:01   1
  47.5720   0.3181   4.7056 130.4769  94.6896 243.7233   8.38 2453157.50000   57.3375 02:01   5
  47.7661   0.2376   7.0327 155.0993 112.1681 105.6332   8.16 2453157.50000   53.0402 02:01   0
  47.7109   0.2682   2.9521 323.8626 110.5892 321.0000   8.02 2453157.50000   39.6467 02:01   5
  47.9033   0.2298  18.0403 269.4288 106.9466  75.0989   8.44 2453157.50000   47.5685 02:01   1
  47.7274   0.2871   1.6632  36.6169 136.2235 252.2977   8.25 2453157.50000   54.9257 02:01   4
  47.9935   0.0838   7.6401 292.3382 230.4201 347.1062   8.06 2453157.50000   44.0898 02:01   1
  47.7071   0.2254  15.9882 145.4128 213.7056 299.5303   6.60 2453157.50000   44.5287 02:01   3
  47.7983   0.2138   1.2768 113.6180  56.5327 175.4513   8.64 2453157.50000   57.9947 02:01   1
  47.7265   0.2966   5.7339 215.7794 255.4178 135.5686   8.47 2453157.50000   59.3581 02:01   5
  47.8356   0.3480  20.1869 282.7678 199.6729  34.2321   8.59 2453157.50000   36.9938 02:01   2
  47.9914   0.3065   5.5706 318.6330 147.5917 305.9976   7.97 2453157.50000   43.0965 02:01   5
  48.0164   0.1532  14.1117 121.7102 311.0114  33.1501   7.37 2453157.50000   42.2700 02:01   1
  47.9205   0.1503  19.0283  63.8391 190.2141 229.4537   8.32 2453157.50000   53.1415 02:01   5
  47.7259   0.3036  12.2972  29.6095 154.3938  90.5179   8.18 2453157.50000   51.9961 02:01   5
  47.8164   0.2251   1.7022 158.2999 266.1681  23.9072   7.75 2453157.50000   38.5356 02:01   0
  47.6570   0.1193   4.2658 132.0298  88.8907 128.7577   6.55 2453157.50000   51.5861 02:01   0
  47.7432   0.2809  19.3746 120.5198 357.7942 186.0306   8.38 2453157.50000   61.1113 02:01   1
  47.7387   0.2730   5.8941 255.0087  10.5744 297.7277   8.45 2453157.50000   44.9281 02:01   1
  47.7666   0.2596  14.8417 186.6807 342.0765 269.4884   6.82 2453157.50000   50.9520 02:01   4
  47.6013   0.2915   2.0475  68.8903 335.8482  69.0498   7.99 2453157.50000   46.5624 02:01   2
  47.7697   0.2545  21.7071 276.0835 259.7756 186.1148   8.04 2453157.50000   59.8829 02:01   2
  47.8078   0.2300  11.8484 276.9879 221.4081   9.2097   7.89 2453157.50000   37.0512 02:01   1
  47.6787   0.2723   5.7219  98.7800  46.1533 103.9846   7.59 2453157.50000   53.7298 02:01   5
  47.7693   0.1664   7.2626 116.7615 320.8968 302.3051   8.49 2453157.50000   44.5917 02:01   4
  47.7770   0.2226  20.5133 150.9416  77.3590  53.0770   8.37 2453157.50000   43.2149 02:01   4
  47.6050   0.2554  20.7241 141.1997  31.9931  45.9215   8.49 2453157.50000   41.2319 02:01   3
  48.0412   0.2142   9.6406 163.8232 121.2419 225.3724   8.04 2453157.50000   56.1666 02:01   5
  47.6675   0.3217  22.2002 359.0494 179.7611 157.5231   8.60 2453157.50000   62.3268 02:01   1
  47.6687   0.2999  13.0945 147.7079 133.9446 193.7156   6.72 2453157.50000   61.7238 02:01   4
  47.7379   0.1997   7.7561 164.7140 207.1129 171.0452   7.57 2453157.50000   57.1898 02:01   5
  48.0772   0.2547  13.6821 266.4327 219.8403 250.6287   7.42 2453157.50000   54.5244 02:01   3
  47.5639   0.2239  21.6035 221.2195 263.3035 301.9515   7.99 2453157.50000   43.9409 02:01   5
  47.7696   0.2883  13.3982  85.5199  57.6871 292.7020   8.65 2453157.50000   46.2625 02:01   5
  47.7135   0.2675  16.8835  80.7001 156.6365 226.6627   8.52 2453157.50000   57.8589 02:01   4
  48.0882   0.0852   2.2081 280.8255 154.4679 123.2081   8.14 2453157.50000   50.5585 02:01   4
  47.6428   0.2681  10.4020 359.3076  75.3980 213.7224   8.19 2453157.50000   59.0441 02:01   1
  47.5188   0.3171  15.2253 248.2516 124.9172  54.0969   7.85 2453157.50000   42.6894 02:01   1
  47.5039   0.1326   9.8978 119.4989 343.2047 188.5723   8.06 2453157.50000   53.7493 02:01   1
  47.5155   0.1896  12.4454 233.7923 168.0181 171.0783   8.31 2453157.50000   56.4452 02:01   5
  47.7667   0.2184   2.8576  89.8917  45.8844  13.9895   8.52 2453157.50000   37.8348 02:01   1
  47.7065   0.1896  30.7858 276.9579 278.5241 159.9443   8.66 2453157.50000   56.3601 02:01   1
  47.5315   0.3150   4.3744 186.6748  48.8435 306.4972   8.58 2453157.50000   42.5380 02:01   1
  47.7993   0.2197  20.2984  30.6211 300.6480 190.3938   8.07 2453157.50000   58.1853 02:01   5
  47.7416   0.2410  11.3528  99.6160  62.6054 355.3045   8.66 2453157.50000   36.3017 02:01   1
  47.6425   0.1333   7.6420 198.5439  65.0907 184.1732   8.54 2453157.50000   53.9795 02:01   3
  47.7095   0.3336   4.2338 160.8144  65.5205 247.6305   8.16 2453157.50000   57.4042 02:01   5
  47.9398   0.1274   1.6805 204.8938 320.0987 207.4945   8.49 2453157.50000   53.4991 02:01   2
  47.6462   0.3120   4.2648  27.0441 101.8116 201.2232   8.26 2453157.50000   61.9186 02:01   1
  47.7508   0.2494   3.7051  16.2725 185.8430  74.5633   8.18 2453157.50000   47.5122 02:01   5
  47.4980   0.2456   9.4614 231.0943 139.4088  79.5169   7.93 2453157.50000   48.2228 02:01   1
  47.7183   0.2856  15.1521  94.8774 345.8815 198.7071   8.57 2453157.50000   60.9057 02:01   0
  47.7432   0.3296  11.3020  79.8376 347.1678 322.3196   8.01 2453157.50000   38.2076 02:01   5
  47.5667   0.2313  11.2437 175.3690  17.1245  37.9517   8.47 2453157.50000   40.1723 02:01   3
  47.8174   0.2508   3.5322 157.1862 253.3865 224.6386   7.72 2453157.50000   57.5013 02:01   1
  47.5645   0.2923  12.2054 264.9000  92.8208 259.1629   8.16 2453157.50000   53.6381 02:01   1
  47.5004   0.1650   1.2715 144.8875  77.9461  31.7156   8.61 2453157.50000   41.2805 02:01   3
  47.7936   0.2896   6.1177   5.0680  23.4300 333.6224   7.99 2453157.50000   36.6205 02:01   4
  47.7681   0.1394  21.4681 202.1452 112.1995 153.9880   8.35 2453157.50000   53.9010 02:01   3
  47.8380   0.3021   0.4389 120.2617  97.3530 226.3670   8.14 2453157.50000   59.5074 02:01   4
  47.7620   0.3340  12.5290 321.3470 161.4992 294.5657   8.42 2453157.50000   46.2277 02:01   5
  47.5818   0.2912  15.7096 201.6212 148.3728  74.9409   8.42 2453157.50000   47.9737 02:01   1
  47.7709   0.3958   2.4480 168.9761 119.7603 109.6829   7.74 2453157.50000   59.3193 02:01   1
  47.6748   0.2938   8.1569   5.0912  96.9261  38.6609   7.84 2453157.50000   39.0338 02:01   2
  47.7367   0.2832   2.8234 359.9457 163.4242   1.5916   7.93 2453157.50000   34.2287 02:01   1
  47.7234   0.3587   9.9070 134.1595 322.0559 194.8802   7.48 2453157.50000   64.5296 02:01   1
  47.6180   0.3255   4.5125 344.7710 307.1397  92.3270   7.68 2453157.50000   52.8845 02:01   0
  47.6143   0.3233   3.9391 123.5812 110.9594  81.4567   8.41 2453157.50000   50.2129 02:01   5
  47.5866   0.2774   7.0325 237.5124 110.4687  86.8916   7.90 2453157.50000   50.4251 02:01   1
  47.5474   0.1473   2.3712  50.6628  90.3393 247.9481   8.56 2453157.50000   50.9865 02:01   3
  47.7598   0.2463   8.4498 100.6346 143.6908 314.5592   8.36 2453157.50000   41.4081 02:01   1
  47.6721   0.2809   2.3828 126.5318 138.9564  34.8535   7.50 2453157.50000   38.4593 02:01   4
  47.5065   0.2865   3.1372 121.8180  51.0675 235.6151   7.28 2453157.50000   57.2694 02:01   3
  47.6706   0.2829  23.9949 306.4341   8.9850  84.9923   8.10 2453157.50000   50.2219 02:01   1
  47.8820   0.2938  16.0833  75.0506  68.1518  48.5203   8.32 2453157.50000   41.6268 02:01   3
  47.8429   0.1860  20.2605 228.1771 340.4701 328.0263   8.40 2453157.50000   40.8899 02:01   1
  47.6443   0.3470  15.8805   4.7256 166.9364  54.5357   8.47 2453157.50000   42.9792 02:01   3
  47.5487   0.2286   4.6568 124.0619 115.9842  42.7887   8.13 2453157.50000   41.0508 02:01   4
  47.5969   0.2488  17.3571  99.7616  51.5488 178.9292   8.39 2453157.50000   59.4359 02:01   1
  47.9774   0.2640   3.4305  70.9213 300.8407   5.7316   8.65 2453157.50000   35.4270 02:01   5
  47.7897   0.2265   6.5022 192.4333 185.1625 357.6684   7.70 2453157.50000   36.9816 02:01   5
  47.5693   0.2204   2.0703 148.1322 227.1244 238.6147   7.93 2453157.50000   54.4383 02:01   1
  47.7397   0.1282  15.8624 243.9315 297.6066 212.6948   7.30 2453157.50000   53.0850 02:01   3
  47.5084   0.2280   9.1223 274.6075 319.1008  27.5964   7.28 2453157.50000   38.6464 02:01   3
  47.7563   0.1204   0.9798  93.9397 248.6805 142.8068   8.38 2453157.50000   52.5570 02:01   3
  47.6828   0.2589  26.5067 244.5604 245.8356 285.6419   8.25 2453157.50000   47.5085 02:01   4
  47.7737   0.1337  20.9541 172.3884 298.9695  25.0632   8.34 2453157.50000   42.1741 02:01   1
  47.8539   0.2238  24.8130  31.9343 120.8203   7.3735   8.63 2453157.50000   37.2903 02:01   1
  47.5515   0.2536   5.9145 252.2712 279.8901 342.9827   8.59 2453157.50000   36.4168 02:01   1
  47.7475   0.2166  13.7415 354.5092 319.7657 191.5982   8.51 2453157.50000   57.9466 02:01   4
  47.6560   0.2656   1.0422  98.9549   4.0109 299.6695   7.45 2453157.50000   44.3868 02:01   4
  47.6923   0.1891  10.5371 235.0793 244.2620  23.7019   8.40 2453157.50000   39.7989 02:01   1
  47.6684   0.2388  11.3576 297.4916  23.2927 198.8544   7.40 2453157.50000   58.6493 02:01   5
  47.7157   0.2038  15.8257 324.1861  63.8562 248.8784   8.07 2453157.50000   52.7423 02:01   1
  47.7789   0.1871  13.7177 221.7559 198.9623  93.0202   8.65 2453157.50000   49.8585 02:01   3
  47.8278   0.3485   2.1457 137.2440  39.7379 337.7162   8.48 2453157.50000   33.8844 02:01   1
  47.7142   0.2626  14.9598 238.0175 181.6716 326.8404   8.37 2453157.50000   38.6277 02:01   5
  47.7502   0.2274   2.4799  49.1071 222.3342 113.2847   7.61 2453157.50000   53.8331 02:01   1
  47.7879   0.1224   8.3265 353.1013 241.7352  65.5358   7.88 2453157.50000   46.0013 02:01   5
  47.5480   0.2777  14.5191 331.6555 277.2272 222.6413   8.25 2453157.50000   58.5199 02:01   4
  47.5507   0.1990  18.7094  81.5828 196.4353 211.6504   6.98 2453157.50000   56.0173 02:01   4
  48.0322   0.3080  22.9461  86.3488 168.4696  48.6830   8.19 2453157.50000   41.6929 02:01   5
  47.9814   0.3451   8.4278  49.4871 203.9022 224.7541   8.08 2453157.50000   61.7458 02:01   4
  47.9096   0.1666  13.1375 127.4654 230.5379 100.5651   7.73 2453157.50000   50.5826 02:01   2
  47.8498   0.2127   2.0509 223.6457 172.2925   0.9016   7.56 2453157.50000   37.6723 02:01   5
  47.7184   0.3072  10.3681 146.7741 278.4329  50.1555   8.22 2453157.50000   41.8188 02:01   1
  47.7245   0.1494  23.3857 193.3259 309.0605  31.6450   7.46 2453157.50000   42.0141 02:01   2
  47.7900   0.1718   3.6835 352.9494 202.5221 191.3554   8.61 2453157.50000   55.8820 02:01   2
  47.7713   0.2586   1.6994 137.7480 197.4851   1.6639   8.47 2453157.50000   35.4271 02:01   4
  47.8436   0.3166   2.7195  99.5080 284.0513 340.8276   8.62 2453157.50000   34.4144 02:01   4
  47.7711   0.2006   1.8542 174.1496 159.1339 100.1061   8.50 2453157.50000   51.1825 02:01   1
  47.6608   0.2704  12.0703 193.9766 241.4180 260.6966   8.09 2453157.50000   52.8019 02:01   3
  47.8297   0.1155   2.7563  25.7005  59.4789 309.0032   6.98 2453157.50000   44.7827 02:01   4
  47.6516   0.1469   8.6596 239.6308 239.3068 299.1971   8.13 2453157.50000   45.1025 02:01   5
  47.7242   0.0777   8.7539 120.8355 166.9820 325.0039   8.33 2453157.50000   44.7899 02:01   2
  47.9752   0.2968  19.1908 102.6146  45.4136 104.0795   8.18 2453157.50000   54.8704 02:01   5
  47.7277   0.1428   1.4814   0.7485 285.8053 177.3466   8.40 2453157.50000   54.5397 02:01   3
  47.5469   0.3087   5.7187 141.6795 170.8408  90.9502   8.32 2453157.50000   52.0328 02:01   1
  47.7781   0.2805   9.4417 171.5254 334.7663 163.1195   8.48 2453157.50000   60.8238 02:01   0
  47.7065   0.2084   6.7729  84.8231 143.5160 234.0536   8.20 2453157.50000   54.6717 02:01   4
  47.6355   0.2479  12.4931 353.9251  67.6757 309.4713   8.09 2453157.50000   42.3123 02:01   4
  47.6857   0.2896  13.4897  21.3408 343.7934 128.9287   7.23 2453157.50000   58.2146 02:01   3
  47.6604   0.2019   2.1237 185.5123 140.1482 353.9848   8.04 2453157.50000   38.1193 02:01   4
  47.6896   0.1161  24.9752 351.7345 205.0129 306.8819   8.15 2453157.50000   44.8231 02:01   0
  47.9803   0.1340   3.7587  44.0376 240.8193 304.3443   8.36 2453157.50000   45.0081 02:01   1
  47.6802   0.2308  13.3472  98.9341 133.8160  75.9914   8.17 2453157.50000   47.5296 02:01   5
  47.7856   0.1304  10.1758  94.8378  63.3516 173.9156   8.29 2453157.50000   53.9891 02:01   1
  47.6777   0.2122  25.3502 120.9837 323.4473 188.6258   7.49 2453157.50000   57.7169 02:01   0
  47.7317   0.1913  30.2979  89.0532  11.3806  21.9142   7.76 2453157.50000   39.5859 02:01   1
  47.8370   0.1735  13.3441 303.2021 334.5618 187.5774   7.84 2453157.50000   56.0840 02:01   4
  47.6168   0.2712  19.6989 155.1030 129.2097 186.9183   8.06 2453157.50000   60.4702 02:01   4
  47.7732   0.2508  14.3234 171.8734 235.8936 121.9243   8.32 2453157.50000   55.8718 02:01   4
  47.7954   0.2860  11.4949 207.4633 354.6403  56.5039   8.33 2453157.50000   43.5933 02:01   4
  47.6769   0.2295  20.4035 127.8564  93.0535 133.8510   8.35 2453157.50000   56.2919 02:01   1
  47.6085   0.1756   8.6852 222.5794 277.5255 283.4540   8.45 2453157.50000   47.1110 02:01   4
  47.8125   0.2412   1.7167 141.0032  34.9758 154.0872   8.25 2453157.50000   58.5829 02:01   1
  47.5978   0.1658  13.2855 338.8288 255.4631 308.0652   8.34 2453157.50000   43.6730 02:01   1
  47.6684   0.2916   5.9312  55.8463 300.4707 308.6401   8.28 2453157.50000   42.1717 02:01   3
  47.6237   0.2283  13.2808 187.5322 333.8812   9.2738   8.56 2453157.50000   36.9877 02:01   2
  47.5074   0.2406   4.5203 138.9825 246.2855 239.0408   8.19 2453157.50000   55.0539 02:01   1
  47.8745   0.2267   2.0277 238.9741 106.4594 257.9020   8.62 2453157.50000   52.2836 02:01   1
  47.7592   0.3321   3.7572 160.0990 242.9022  57.2111   7.88 2453157.50000   43.8266 02:01   1
  47.9395   0.2307   9.3119 187.2247 108.8925 103.6170   8.15 2453157.50000   52.7071 02:01   1
  47.6317   0.3054  10.1317  23.9871 335.3933  83.8676   8.36 2453157.50000   50.4178 02:01   1
  47.8208   0.2873   8.2290 217.1860 212.2549  45.5031   8.31 2453157.50000   40.8934 02:01   1
  47.7613   0.2003   2.3841  70.3726 355.6091  78.0565   8.28 2453157.50000   47.6830 02:01   2
  47.9680   0.1095   5.2465 350.9400  27.6296  75.3637   6.47 2453157.50000   47.1980 02:01   1
  47.6463   0.1396   2.9883 224.2280   7.4855 256.6038   7.53 2453157.50000   50.0163 02:01   5
  47.6798   0.3501  11.4935 196.0602  62.2655  42.7511   8.62 2453157.50000   39.3712 02:01   4
  47.7017   0.2433  12.0324 169.2684 168.3622 170.1409   8.32 2453157.50000   59.1962 02:01   4
  47.9922   0.2586  13.6208 170.0427 352.4691 178.0734   8.25 2453157.50000   60.3987 02:01   1
  47.7582   0.1545  13.9524 127.1923 235.2897 164.7361   8.40 2453157.50000   54.9426 02:01   4
  47.7597   0.2488   4.2304 120.4646 107.3678 302.3773   8.61 2453157.50000   43.9127 02:01   0
  47.6076   0.2454   3.0168 182.4530 258.1297  30.4086   7.31 2453157.50000   38.5698 02:01   1
  48.0206   0.1397  11.6343  59.0670 356.4667 124.8263   8.16 2453157.50000   52.4101 02:01   4
  47.7320   0.2600   7.7148 330.5208 129.5725 130.9125   8.50 2453157.50000   57.2951 02:01   5
  47.5327   0.2247  13.6638 284.8425 303.8054   7.6933   6.46 2453157.50000   37.0129 02:01   3
  47.6728   0.3285   8.2989 208.6915  21.4626 309.1304   8.11 2453157.50000   41.8990 02:01   1
  47.6593   0.2857  18.1368 107.2524  64.9716 141.5824   8.39 2453157.50000   59.4277 02:01   0
  47.6802   0.3058   4.9001 186.3211 295.2105   9.4621   8.61 2453157.50000   33.5049 02:01   1
  47.6383   0.3770   3.3972 171.8525 240.5289 221.1269   8.32 2453157.50000   63.1525 02:01   1
  47.6798   0.2204  23.3037 125.8448 209.0449 296.0909   8.35 2453157.50000   45.1680 02:01   2
  47.5666   0.2459  17.1404 237.5254 235.0559  12.7161   8.12 2453157.50000   36.3679 02:01   1
  47.7888   0.2516   3.6618 165.7285 211.4495 329.4390   8.15 2453157.50000   38.5495 02:01   4
  47.6387   0.2235  21.8389 289.5349 353.7887 207.5065   8.51 2453157.50000   57.4698 02:01   4
  48.0031   0.2022   9.2950 226.6476  35.5397 269.9318   8.15 2453157.50000   49.9249 02:01   0
  47.7719   0.3371  22.2540 116.8512 244.1067 170.0631   8.12 2453157.50000   63.7401 02:01   4
  47.9019   0.3203   7.2277  68.1930 272.3534 245.2531   8.46 2453157.50000   57.5591 02:01   0
  47.6410   0.1096   5.0142 280.4168 168.9917  56.8566   6.86 2453157.50000   45.2233 02:01   2
  47.7641   0.2578  16.9112 177.2143 270.7483  60.4845   8.30 2453157.50000   44.5220 02:01   2
  47.7299   0.2243   3.9262 108.1694 173.9320 297.4332   8.64 2453157.50000   44.9553 02:01   1
  48.0579   0.1740   9.0486 329.6370 203.3110 224.1870   8.46 2453157.50000   54.6429 02:01   3
  47.6680   0.2361  10.7956 331.5380 307.4430  10.4310   8.20 2453157.50000   36.7301 02:01   4
  47.6747   0.2766   4.5865  62.3701 106.6520  78.1357   8.12 2453157.50000   48.5828 02:01   4
  48.0135   0.3343  10.0492 298.0359 214.7093  47.8055   8.11 2453157.50000   41.2787 02:01   3
  47.9146   0.2206  10.0912 275.9138 141.8759  94.1197   8.00 2453157.50000   50.8733 02:01   3
  47.8252   0.2346   2.5403 130.8929 220.6705 275.4235   7.49 2453157.50000   49.3658 02:01   2
  47.5770   0.2416   5.5861 105.1884 149.0494 119.9524   8.59 2453157.50000   55.0390 02:01   1
  47.7684   0.2636  12.4666 118.0308  90.1035 236.0135   8.28 2453157.50000   56.6271 02:01   4
  47.7146   0.2057  16.3284  96.5887 339.5464  42.4192   8.46 2453157.50000   41.6272 02:01   1
  47.9279   0.1755  14.4536 252.9532 107.9825 113.4251   8.59 2453157.50000   52.3792 02:01   2
  47.6439   0.2854  15.3083 281.2960 222.8439  30.8776   8.05 2453157.50000   37.5033 02:01   2
  47.9078   0.3062  16.8113  43.2633 147.5044 148.6911   8.45 2453157.50000   61.2967 02:01   1
  47.6286   0.2692  13.5834 210.4929 322.2977 168.6727   7.53 2453157.50000   60.2959 02:01   1
  47.7346   0.2176  24.1051 161.7248 350.7156 253.7280   8.65 2453157.50000   52.5068 02:01   4
  47.7119   0.3520  17.2107  97.5262 331.3400 213.2261   8.56 2453157.50000   62.9594 02:01   1
  47.6779   0.2972  10.8684  12.1902  18.5123 167.2302   8.02 2453157.50000   61.6410 02:01   5
  47.6685   0.1382   3.0330 162.2479   9.0431  24.1125   8.32 2453157.50000   41.8419 02:01   2
  47.8306   0.2990  16.3182  46.4819  57.4018   8.5099   7.22 2453157.50000   33.8481 02:01   1
  47.5150   0.2292   1.9408  93.0882  96.4124 244.7026   7.98 2453157.50000   53.9072 02:01   4
  47.6567   0.3389  14.1945 176.4581 308.7064 275.6013   8.22 2453157.50000   51.3721 02:01   4
  47.6554   0.2930  10.0760 359.6147  28.8615 147.5463   7.71 2453157.50000   60.2817 02:01   4
  47.5726   0.2373  17.8041  68.2981 316.3380 163.5523   7.15 2453157.50000   58.5603 02:01   5
  47.7784   0.2534   2.6621 130.4056 296.8524 220.9636   8.31 2453157.50000   57.9267 02:01   1
  47.7484   0.2175  23.8607 244.6192 115.7677  83.5460   7.80 2453157.50000   48.8228 02:01   1
  47.9372   0.3074   2.3034 165.4976  88.4807 129.0511   7.04 2453157.50000   59.2736 02:01   1
  47.7414   0.1623   2.0690 149.9290 315.8398  94.4063   7.14 2453157.50000   49.5446 02:01   4
  47.6150   0.3343  13.0873  42.6811 257.1419 204.7420   8.64 2453157.50000   62.6972 02:01   5
  47.7733   0.3253   5.9492 318.6649 180.8027  45.9095   8.57 2453157.50000   40.5807 02:01   2
  47.7091   0.2943  16.6375 359.5762 135.3693 353.8389   7.82 2453157.50000   33.8303 02:01   1
  47.6562   0.3076   7.5663 357.6419 251.3931 232.7640   8.39 2453157.50000   58.6935 02:01   5
  47.7802   0.2571  10.0096 319.0612 184.3206 184.3923   7.84 2453157.50000   60.0429 02:01   1
  47.6493   0.1050  12.0261 140.7141 209.5832  61.8320   8.64 2453157.50000   45.7261 02:01   0
  47.7341   0.2552   2.4946  37.9003 300.7303 276.4112   7.70 2453157.50000   49.4438 02:01   1
  47.7009   0.1013  11.9916 266.2937 291.2681 144.2705   8.43 2453157.50000   51.7732 02:01   1
  47.6569   0.3066   2.9045  57.0519 145.6483 227.9897   8.02 2453157.50000   59.2757 02:01   4
  47.6415   0.1091  22.9984   9.5134 125.0437 193.3274   8.07 2453157.50000   52.7233 02:01   1
  47.5394   0.1571   3.0767 105.2521 215.7748  13.4472   8.66 2453157.50000   40.3571 02:01   4
  48.0570   0.3046  13.2309 269.6882 333.5836 288.3819   8.61 2453157.50000   47.8189 02:01   0
  47.7200   0.2756   7.7979 101.3081 139.4759 311.8456   7.95 2453157.50000   41.5682 02:01   1
  47.6410   0.2122  11.4723  42.7438   6.1803 331.2275   8.36 2453157.50000   39.4533 02:01   5
  47.5507   0.3325  18.4699 103.4897 219.1437 272.6660   8.50 2453157.50000   51.8235 02:01   1
  47.6675   0.2430   2.0433 349.9808 339.2150 201.7052   8.42 2453157.50000   58.7128 02:01   5
  47.7533   0.2145   3.8832 143.4718 277.4823 270.5424   7.43 2453157.50000   49.7955 02:01   3
  47.9967   0.2561   3.3495 180.5009 232.5351 149.6699   7.80 2453157.50000   59.2018 02:01   5
  47.7251   0.2921   1.6931 161.4619 237.5321 286.0110   8.55 2453157.50000   47.9012 02:01   3
  47.6509   0.1470  21.6834  51.5042 227.0206 222.6695   7.91 2453157.50000   53.2043 02:01   5
  47.5507   0.3415   2.7295  22.5418 312.8024 258.4126   7.42 2453157.50000   55.3581 02:01   1
  47.7943   0.1869  18.7659 238.2152  67.2372 145.6155   8.37 2453157.50000   55.5956 02:01   3
  47.5733   0.2827  10.3512  65.9871 254.8974 288.9473   7.53 2453157.50000   46.9240 02:01   2
  47.5058   0.2762   3.9046 190.0773 220.6659  80.5680   7.53 2453157.50000   48.9455 02:01   2
  47.7320   0.1307  13.7786 156.1413  66.5595 140.2292   8.41 2453157.50000   52.8148 02:01   1
  48.0042   0.2195   0.5597 294.3142 208.0229 251.0954   7.93 2453157.50000   53.2433 02:01   3
  47.7435   0.1138  13.8598 101.2090 292.3044  91.2630   8.54 2453157.50000   48.4738 02:01   2
  47.9165   0.3219   4.7924 235.4159 221.6635  69.8050   7.19 2453157.50000   47.4424 02:01   3
  47.6777   0.2951   1.1623 115.3505 144.0196 118.2023   7.98 2453157.50000   56.9012 02:01   1
  47.5946   0.3716  15.5543 200.8195  91.0313 279.6611   7.99 2453157.50000   51.0369 02:01   1
  47.6350   0.2657  11.5733   6.7266 142.7399 338.7780   8.64 2453157.50000   36.5106 02:01   0
  47.7055   0.2390  18.0553   6.2258 162.6760 171.6018   8.15 2453157.50000   59.0294 02:01   1
  47.7771   0.0882  13.8253   1.9106 202.0122  91.0270   7.33 2453157.50000   48.2211 02:01   5
  47.8226   0.2775  22.6388 147.7588 101.1854 294.5773   8.64 2453157.50000   45.7771 02:01   0
  47.8465   0.2686   3.2157 215.9542 325.6217  97.8566   7.08 2453157.50000   52.6850 02:01   5
  47.6204   0.1716  14.8195 292.4637 233.7533 181.2151   8.59 2453157.50000   55.7931 02:01   1
  47.6971   0.3182  12.3245 336.4296 241.3171 134.0183   8.04 2453157.50000   60.0644 02:01   1
  47.6772   0.2113  15.9595 279.8113 359.8807 222.2599   8.61 2453157.50000   55.9027 02:01   5
  47.5950   0.2424  19.7381 257.5819 279.6199 214.5533   8.10 2453157.50000   57.7776 02:01   3
  47.6010   0.1361  17.3534  38.9176 287.4097 182.2597   7.13 2453157.50000   54.0761 02:01   4
  47.7702   0.2238   1.7562 344.6741 130.2800 131.8006   8.01 2453157.50000   55.9657 02:01   5
  47.7070   0.2964  22.1835 115.9889  95.0328 161.5579   7.94 2453157.50000   61.4136 02:01   1
  47.5609   0.2435   2.0406 175.8871  42.4104 240.3216   7.59 2453157.50000   55.0553 02:01   4
  47.6472   0.2512  11.7405 158.8304 318.3102 354.6282   7.64 2453157.50000   35.7699 02:01   0
  47.6404   0.3165  18.0735 343.6985  86.6690 206.4056   7.99 2453157.50000   61.7947 02:01   1
  47.6419   0.3458   5.0943 179.7155  70.0908  49.7469   8.60 2453157.50000   41.5063 02:01   5
  47.6913   0.3103   2.1099 157.9801 355.9547 102.9711   8.19 2453157.50000   54.7724 02:01   5
  47.5960   0.2700   8.1535  32.5251  33.7745 132.4633   7.27 2453157.50000   57.7216 02:01   4
  47.7559   0.1064  16.1861 358.7714 292.3717 120.5954   7.93 2453157.50000   50.7096 02:01   1
  48.0978   0.2092  12.3544 359.5086 299.1296 145.8841   8.06 2453157.50000   56.9485 02:01   2
  47.5550   0.2710  16.3588 237.2315 284.5781 336.0992   8.09 2453157.50000   36.6475 02:01   0
  47.4786   0.1087  25.2136 209.9421  72.2759 313.0619   8.32 2453157.50000   44.2904 02:01   2
  47.7715   0.1177   8.0786 127.6519 120.5954 210.2588   7.74 2453157.50000   52.7754 02:01   4
  48.0695   0.1545  14.1228  94.6150 187.5398 271.0608   8.31 2453157.50000   49.0663 02:01   0
  47.5548   0.1162   3.5693 112.9253  82.1298 322.3657   7.91 2453157.50000   43.4534 02:01   1
  47.7863   0.0850   2.6348  86.3135 346.7141  83.9847   7.67 2453157.50000   47.7050 02:01   3
  47.6989   0.1739  30.4627  48.6146  99.0066 336.1250   6.56 2453157.50000   40.4186 02:01   0
  47.9069   0.1306   7.0421 199.5829  66.9678 337.1855   8.10 2453157.50000   42.2878 02:01   2
  47.7434   0.2257   3.9478 156.5326 100.3540 326.3555   8.53 2453157.50000   39.7819 02:01   2
  47.6498   0.2856   2.1626 115.6325 277.0715 337.6435   7.82 2453157.50000   35.9517 02:01   4
  47.6852   0.3107   9.4707  54.8867  90.2655 164.8801   7.71 2453157.50000   62.2008 02:01   0
  47.7928   0.1157  19.4192 159.7222  85.0592 126.8670   8.48 2453157.50000   51.4792 02:01   1
  47.7726   0.2771   3.7281  93.2502 255.7343 258.1527   6.79 2453157.50000   53.5980 02:01   1
  47.9347   0.2505  17.7386 208.3269 174.1939 114.2677   8.34 2453157.50000   54.9742 02:01   3
  47.6016   0.2062   8.8213 234.0652 325.4684 328.7270   7.58 2453157.50000   39.9362 02:01   1
  47.7547   0.1406  12.9793 177.9006 337.3581 159.9200   7.44 2453157.50000   54.1514 02:01   0
  47.7223   0.3267  12.2740 306.3342  94.9587 156.4953   7.87 2453157.50000   62.5666 02:01   5
  47.7755   0.1822   5.5082  51.0999 246.3534 156.6817   7.93 2453157.50000   55.9654 02:01   3
  47.7565   0.2595  11.3963 159.0239  46.5197  68.9977   8.64 2453157.50000   46.4133 02:01   4
  47.8000   0.3159   2.4236  82.2893 354.8052 111.0222   8.64 2453157.50000   56.6170 02:01   4
  48.0969   0.3279  32.4697  69.4280 170.2092  43.8793   7.62 2453157.50000   40.2538 02:01   4
  48.0938   0.2376   7.4669 319.9146  88.1498 228.5188   7.91 2453157.50000   56.8730 02:01   1
  48.0102   0.2241  22.1493  71.0412 204.4428  42.4619   8.41 2453157.50000   41.4860 02:01   5
  47.7586   0.2244  20.6921 165.9045  22.1850  89.2535   8.36 2453157.50000   49.9572 02:01   5
  47.8899   0.2418  10.4239  89.9331 253.9089  68.5603   7.60 2453157.50000   46.3361 02:01   1
  47.7267   0.1992   8.4879 320.9360 163.8817 230.7442   8.61 2453157.50000   54.6841 02:01   2
  47.7761   0.2350  22.1864 132.6629  29.2542 103.5688   8.43 2453157.50000   52.6455 02:01   5
  48.0802   0.3681  18.1749 175.4862 104.9601 290.7307   7.74 2453157.50000   48.1913 02:01   1
  47.7411   0.2095  17.7114 322.1914 216.5188  26.7876   8.12 2453157.50000   39.3902 02:01   2
  47.6328   0.2576  20.7222  26.1777 110.9502 359.9206   8.38 2453157.50000   35.3629 02:01   1
  47.8492   0.2393   2.6946 299.4460 100.0782 228.9524   8.33 2453157.50000   56.6050 02:01   1
  47.5532   0.2164   2.6021  26.9582 277.9658 194.0169   8.65 2453157.50000   57.6336 02:01   4
  48.0624   0.3189  16.6827 164.4795 120.6469 209.8715   8.55 2453157.50000   62.1939 02:01   4
  47.7026   0.2331   2.5636 104.7762   3.8959  97.3764   8.49 2453157.50000   51.4935 02:01   4
  47.6135   0.3024  20.0344 205.2455  62.8695 141.4057   8.11 2453157.50000   60.0879 02:01   2
  47.7626   0.2306   6.5354 109.3946  45.4488  21.7665   7.19 2453157.50000   38.0324 02:01   2
  47.5024   0.2936   8.8430  10.7513 359.6721 347.9776   7.95 2453157.50000   34.1611 02:01   4
  47.6746   0.2444  16.9726  97.2879 358.8382 266.8538   8.59 2453157.50000   50.9974 02:01   3
  47.6630   0.3137  10.8950 273.0652  98.6248 267.4148   7.11 2453157.50000   52.6603 02:01   2
  47.9664   0.1018   2.8501  49.8222 158.5928 246.8425   8.39 2453157.50000   50.2815 02:01   4
  47.7754   0.3162   0.8408 260.7337 332.9058 295.3052   6.21 2453157.50000   45.8460 02:01   0
  47.5905   0.2157  10.2272  94.8188 222.4942 101.1351   8.29 2453157.50000   51.5274 02:01   1
  47.7415   0.2383  15.3252 149.6093  34.2714 241.5465   8.52 2453157.50000   54.9107 02:01   4
  47.6759   0.2629   7.2294 206.5819  76.7630 148.8658   8.23 2453157.50000   59.0515 02:01   2
  47.9490   0.1983  15.4322 170.2190  21.8755 170.7248   7.13 2453157.50000   57.3729 02:01   1
  47.6597   0.2665  12.8731   4.2572  38.4049 234.4348   8.55 2453157.50000   56.8194 02:01   1
  47.7416   0.2610   0.6174 235.0970 263.5615  97.7099   8.15 2453157.50000   52.3324 02:01   4
  47.6916   0.2720  13.8962 100.0040 195.3851 303.4560   8.53 2453157.50000   43.5338 02:01   2
  47.5326   0.3003   9.0999 142.5244 141.3829 287.7006   8.43 2453157.50000   47.4093 02:01   1
  47.7539   0.3461   1.9178 203.9751 299.4803 275.1154   7.38 2453157.50000   51.7856 02:01   4
  47.7397   0.1486   8.2901 266.0635 213.0638 208.0391   7.98 2453157.50000   54.1940 02:01   1
  47.8733   0.2533  15.6822  54.7743 348.1393  66.3997   8.45 2453157.50000   45.9185 02:01   1
  47.6909   0.2531  29.7456  25.2611 314.6169 165.3831   8.46 2453157.50000   59.5092 02:01   4
  48.0280   0.2603   3.9061  39.0014 235.1913 129.7650   7.60 2453157.50000   57.5289 02:01   1
  47.7685   0.3595   9.5162  53.0303 268.3190 279.4547   8.62 2453157.50000   50.9797 02:01   1
  47.5754   0.2621  24.7327  45.8890 153.8727 339.4017   6.72 2453157.50000   36.5189 02:01   1
  47.7486   0.2657  13.1876 174.1241 102.6492 277.9048   7.59 2453157.50000   49.3384 02:01   0
  47.7427   0.1524   7.9000 165.8614  79.3347 291.7186   7.52 2453157.50000   46.0791 02:01   0
  47.7249   0.2066  19.9042  56.2223  80.6151 230.8166   7.49 2453157.50000   54.9612 02:01   3
  47.9782   0.1397  21.9355 355.9941 334.4180 327.5762   7.83 2453157.50000   42.6432 02:01   3
  47.5319   0.2967   9.5450 255.0173   2.6509  38.0281   7.84 2453157.50000   38.7137 02:01   4
  47.5695   0.2581  14.2129 356.1145 115.5960 305.3793   8.48 2453157.50000   43.0435 02:01   5
  47.7785   0.2520  15.0443 292.5554  23.5796  32.6932   8.49 2453157.50000   38.8919 02:01   5
  47.7646   0.2533  11.5608 291.4271  41.7151  86.3143   7.62 2453157.50000   49.9864 02:01   1
  47.5167   0.2281   6.3622 187.9554 117.1575 191.0265   7.11 2453157.50000   58.2217 02:01   4
  47.7791   0.2547   1.8369  54.0977 105.5001 169.4568   7.63 2453157.50000   59.8170 02:01   1
  47.6898   0.2420  22.2121  25.0183 328.0513 164.3304   8.46 2453157.50000   58.9528 02:01   4
  47.7675   0.0920  11.0055 158.2642 124.6765 209.8991   8.44 2453157.50000   51.6661 02:01   4
  47.6811   0.0710   3.8529 174.4958 251.3290 143.3951   7.62 2453157.50000   50.4783 02:01   5
  47.7814   0.0804  11.5790 353.2074   3.2687 328.3866   8.11 2453157.50000   44.6026 02:01   4
  47.6149   0.1731   4.7605  70.6266  12.0068 238.8445   8.18 2453157.50000   52.7891 02:01   2
  47.7586   0.0993  10.0550 108.2318 274.3885 237.0633   8.03 2453157.50000   50.6432 02:01   1
  47.5987   0.1768  12.0001 171.5023 281.6555 181.5540   8.59 2453157.50000   56.0138 02:01   0
  47.5838   0.2389  11.1231 183.6548 148.4226 261.7162   8.06 2453157.50000   51.6676 02:01   1
  47.7768   0.3264  11.3996 278.5059  36.4240  19.6753   8.46 2453157.50000   34.0918 02:01   5
  47.7582   0.2683   4.8460  80.2603 297.4238 161.4788   8.30 2453157.50000   60.1571 02:01   4
  47.7121   0.2886   3.2218 150.2734 106.6503  30.9396   8.36 2453157.50000   37.4792 02:01   4
  47.7333   0.2379   9.9485 209.3783 246.3293  20.0751   8.50 2453157.50000   37.5342 02:01   1
  47.6020   0.2410   0.9193 268.2132 138.2331 209.3764   8.43 2453157.50000   58.0996 02:01   0
  47.7617   0.3125   2.4846 145.8740 161.8857 274.9824   8.17 2453157.50000   50.9927 02:01   1
  47.7269   0.2511   7.2012   2.0610 100.6844   2.8509   8.40 2453157.50000   35.7684 02:01   0
  47.7180   0.2788   3.8363  81.8286 106.9395 239.9243   7.91 2453157.50000   56.6140 02:01   4
  47.6564   0.3000  11.4351 134.3374 273.8656 222.1372   8.58 2453157.50000   59.6714 02:01   1
  47.5569   0.1878  10.2841 197.9448 102.9288 137.4864   8.12 2453157.50000   54.7660 02:01   2
  47.7285   0.2804  11.5570 302.8067   0.3946 155.1783   8.19 2453157.50000   60.3462 02:01   3
  48.0835   0.3356   7.9568 141.8711 301.2885 298.8636   8.36 2453157.50000   45.3032 02:01   4
  47.5559   0.3108  10.6540 265.0535 169.1658  31.2697   6.75 2453157.50000   36.8411 02:01   1
  47.7857   0.3778  11.7984 262.5216 302.2443 148.9627   7.74 2453157.50000   64.4438 02:01   1
  47.4642   0.1641   4.6000  63.9173  59.2837 106.2167   6.34 2453157.50000   50.7244 02:01   4
  47.5884   0.2708  17.9126  97.9284  95.2895  85.3336   8.61 2453157.50000   49.9566 02:01   5
  47.6850   0.0728  18.3944 102.7541 267.4522  86.5407   8.47 2453157.50000   47.7283 02:01   2
  47.4936   0.2399   4.3018  89.6356 319.7756 233.8042   7.79 2453157.50000   55.6601 02:01   1
  47.7227   0.3158   2.2078 295.5888 214.7459 281.7474   8.30 2453157.50000   49.3599 02:01   5
  47.5727   0.2735   2.4251  75.8637 223.5286  95.9440   7.69 2453157.50000   52.1534 02:01   1
  47.6927   0.1191   7.7931 212.8570 251.6272  53.5514   8.49 2453157.50000   44.8031 02:01   2
  47.8768   0.2910   0.1047 354.8524 167.1999   8.3150   7.46 2453157.50000   34.2322 02:01   2
  47.6280   0.2497  14.2819   4.7338 309.6569  95.2742   8.44 2453157.50000   51.4647 02:01   1
  48.0492   0.2361   9.8960 125.7762 351.4721 279.1101   8.66 2453157.50000   48.9153 02:01   4
  47.7534   0.2561  22.8318 149.7918 153.5090 198.6985   8.08 2453157.50000   59.5692 02:01   4
  47.7198   0.2436   0.6579  14.7884 127.0807 203.3937   8.20 2453157.50000   58.7174 02:01   2
  47.7041   0.2976  12.1513 155.2135 264.1291 216.2668   8.20 2453157.50000   60.2157 02:01   1
  48.0046   0.2912   2.9340 138.8089 285.6035 150.3246   8.24 2453157.50000   60.8589 02:01   5
  47.6827   0.3095  16.0863 355.9726 104.2265 116.9125   7.56 2453157.50000   57.2497 02:01   4
  47.6174   0.2350  17.2559  83.6599 204.6100 203.8033   8.29 2453157.50000   58.1773 02:01   4
  47.5443   0.3187  16.5751 267.0127 146.4123 329.3406   7.92 2453157.50000   36.4880 02:01   5
  47.7483   0.2248   7.6815 184.7310  85.5325 126.7031   8.28 2453157.50000   55.4320 02:01   1
  47.6846   0.3289   9.2749 192.3658 111.8548 263.6136   8.44 2453157.50000   53.9768 02:01   0
  47.8299   0.2702  14.8769  37.1919 102.9134 105.7236   8.53 2453157.50000   54.1427 02:01   5
  47.6153   0.2940   8.1525 133.9135 336.8941  30.5650   7.90 2453157.50000   37.1770 02:01   1
  47.6959   0.3100  17.1275   9.5162 175.5955 336.5223   7.69 2453157.50000   35.3247 02:01   1
  47.7672   0.2456   2.1324  97.3095 177.2483  52.3284   6.87 2453157.50000   42.8259 02:01   5
  47.6701   0.3043  25.7391  19.3499 287.9261 204.4020   8.36 2453157.50000   61.4054 02:01   5
  47.6942   0.3121   4.8921   8.3812 303.3436  81.0743   8.49 2453157.50000   49.9574 02:01   0
  48.0069   0.2713   1.3725 157.4445 152.0755 186.1629   7.01 2453157.50000   60.9867 02:01   4
  47.7390   0.2012  14.5202 182.3731  10.2409 168.7146   7.92 2453157.50000   57.2166 02:01   1
  47.6278   0.2772  22.9667 130.6840  80.0449 170.8360   8.04 2453157.50000   60.7273 02:01   2
  47.7427   0.2951   8.0369 175.5105 305.4097 358.0620   8.58 2453157.50000   33.6708 02:01   0
  47.6796   0.3277   2.7332  63.6203 165.2336 290.0369   8.22 2453157.50000   47.3349 02:01   0
  47.9344   0.2525  24.4571 216.6505 267.5113 357.5217   7.62 2453157.50000   35.8499 02:01   0
  47.9607   0.3212   9.0711 339.5771 166.5554 105.8091   7.96 2453157.50000   56.0111 02:01   5
  47.6129   0.2689  32.5433 150.8804 180.7993 186.0771   7.62 2453157.50000   60.3704 02:01   4
  47.7695   0.2280  18.0101 324.4081  39.0074 252.2528   8.66 2453157.50000   53.0762 02:01   1
  48.0317   0.3182  19.1897 157.3188 349.6678  43.9987   8.36 2453157.50000   40.3311 02:01   3
  47.7716   0.2741   7.2529 343.3834 235.8791  52.3032   7.63 2453157.50000   42.5989 02:01   4
  47.7806   0.2822  12.4284 239.8379 288.9556 273.7059   8.35 2453157.50000   50.6076 02:01   5
  47.6705   0.2844   7.9107 162.4533 217.4009 240.2485   8.02 2453157.50000   56.7206 02:01   1
  47.8194   0.2474   5.4613  68.8319 319.9763 336.5070   8.51 2453157.50000   37.6499 02:01   4
  47.5987   0.3948  11.8920  30.9585  34.0678 322.7124   6.88 2453157.50000   37.1042 02:01   5
  47.7365   0.2689   1.3398  66.6249   1.6770 149.1223   7.09 2453157.50000   59.4173 02:01   5
  47.7154   0.2438   9.3015 125.8660  71.2603 163.1412   7.37 2453157.50000   59.0252 02:01   1
  47.5917   0.2593  21.4309 155.1873 303.8515 101.1764   7.76 2453157.50000   52.7434 02:01   4
  47.6084   0.1002  13.2963 222.8458 135.2498 240.9955   8.65 2453157.50000   50.2592 02:01   1
  47.5413   0.2851  24.6535  25.8081  53.1228 131.2408   8.35 2453157.50000   58.1389 02:01   4
  48.0591   0.2106   4.8101  97.2163   8.0198 281.9823   8.64 2453157.50000   48.0740 02:01   4
  47.7072   0.0912   5.8630 345.2917 322.7833 180.5978   8.27 2453157.50000   52.0568 02:01   4
  47.9898   0.1546   7.0793 319.7062 327.4674  12.9066   8.59 2453157.50000   40.8309 02:01   4
  47.5653   0.3689  10.5391  19.4829 357.8095  71.5685   7.96 2453157.50000   48.3872 02:01   1
  48.0038   0.2489   2.9013 117.7112 107.8889 146.6280   8.45 2453157.50000   58.6571 02:01   1
  47.6628   0.1996   5.7985 325.9502  66.9479 237.5431   8.24 2453157.50000   53.9144 02:01   1
  47.7350   0.2612  15.5336 257.4800  48.1427 272.4018   7.46 2453157.50000   50.3744 02:01   1
  47.6639   0.2601  15.1143 312.7015 185.7021  99.9793   8.30 2453157.50000   52.6343 02:01   4
  47.9738   0.2410   6.8565 291.6151 284.4194  58.6666   8.18 2453157.50000   44.3593 02:01   4
  47.5909   0.2917  12.4450 229.9803 302.4058  87.0457   8.11 2453157.50000   50.7862 02:01   4
  47.5668   0.2796   8.9913   1.9781 219.8075 135.8935   8.48 2453157.50000   58.4682 02:01   1
  47.7529   0.2669  14.2027  89.3208 187.8121 109.7868   8.08 2453157.50000   54.6324 02:01   1
  47.5111   0.2938  11.0295  63.5549  78.5150 101.1149   8.45 2453157.50000   53.6775 02:01   4
  47.7438   0.3335  13.1332 336.3716   6.5209  81.4785   8.11 2453157.50000   50.5858 02:01   1
  47.7538   0.2862   8.4152  53.9282 338.1943 232.2905   8.62 2453157.50000   58.0016 02:01   1
  48.0795   0.3041   1.0133   2.1395  21.2086 239.7561   8.09 2453157.50000   58.0494 02:01   1
  47.6761   0.2453  14.5854 267.6426 179.0086 123.0846   8.60 2453157.50000   55.6968 02:01   4
  47.7175   0.2289  23.2571 144.0524 336.1129  47.9076   6.83 2453157.50000   42.1201 02:01   2
  47.7164   0.2784   8.1760  62.7529 259.7491 184.0128   8.59 2453157.50000   60.9801 02:01   4
  47.6151   0.2617  13.0040 207.8289 102.5920 280.9474   8.22 2453157.50000   48.4867 02:01   1
  47.6260   0.2312  30.1467  84.2466 352.2211  58.7664   7.91 2453157.50000   44.0983 02:01   2
  47.7468   0.1807   7.5098 116.9772 236.4863 114.8993   8.11 2453157.50000   52.5110 02:01   2
  47.6623   0.2943  24.1618 148.6495 318.8316 194.6860   7.89 2453157.50000   61.4144 02:01   1
  47.9861   0.3034  22.6043 222.8170 234.0879 310.5899   8.11 2453157.50000   41.8767 02:01   5
  47.6645   0.3335  18.7857 358.3062  67.1123 316.2687   6.93 2453157.50000   39.7967 02:01   4
  47.5789   0.1947   8.6935 118.6359  97.2761 246.6830   7.37 2453157.50000   52.5838 02:01   5
  47.7038   0.2121   1.1803  20.8844 207.4719  26.8756   6.98 2453157.50000   39.2782 02:01   3
  47.7073   0.3049  22.2160 107.3421 159.3774 293.2346   7.62 2453157.50000   46.2231 02:01   1
  47.7102   0.2039   8.0618 123.4052  40.3100 231.4423   7.52 2453157.50000   54.7749 02:01   3
  47.7999   0.3405  10.8213  22.0323 183.9697 162.0270   8.17 2453157.50000   63.6279 02:01   1
  47.4771   0.2729   5.9573 312.7770  25.5753 177.3874   8.10 2453157.50000   60.4267 02:01   4
  47.6552   0.2844   4.5217 293.8499 313.0692 237.9535   8.34 2453157.50000   57.0388 02:01   5
  47.7289   0.2291  21.3083 162.4532 114.2443 205.6901   8.56 2453157.50000   57.9391 02:01   4
  47.7301   0.2404  15.7947 334.1780 350.4608 132.4767   8.53 2453157.50000   56.6611 02:01   2
  48.0048   0.2178  23.8457  32.6293 278.9588 205.6887   7.87 2453157.50000   57.7537 02:01   5
  47.6906   0.2180   8.9738  99.2505  99.9182 263.0571   8.31 2453157.50000   51.0348 02:01   5
  47.7010   0.2928   7.2318  23.2571  32.4442  32.2647   8.08 2453157.50000   37.6364 02:01   1
  47.7622   0.3181   2.1858 225.9940 207.3375 145.2711   6.36 2453157.50000   61.3509 02:01   5
  47.8652   0.1882  10.0333 187.6442 104.0624 209.6813   7.97 2453157.50000   56.0223 02:01   5
  47.8978   0.2978  16.3437 288.6238 288.0326 323.4526   8.66 2453157.50000   38.6386 02:01   1
  47.7629   0.0746   8.4612  11.3173 253.3782   0.4382   7.92 2453157.50000   44.1978 02:01   3
  47.7051   0.1998   4.2029 276.2603 149.3336 319.4038   8.46 2453157.50000   41.4865 02:01   4
  47.7181   0.2508  14.9903 346.0672  97.0555 299.0933   8.62 2453157.50000   44.5747 02:01   4
  47.8531   0.2337  10.3851 197.7408 340.1062  92.9383   8.55 2453157.50000   50.9029 02:01   5
  47.5921   0.1977   9.9354 215.4180 355.1157 162.4093   8.64 2453157.50000   56.6932 02:01   1
  47.6841   0.0952  14.4909  89.9749  87.1407  70.6886   8.48 2453157.50000   46.5844 02:01   4
  47.4548   0.1282  19.4419  87.9312 132.3625 138.1924   7.18 2453157.50000   52.2891 02:01   1
  47.7140   0.2421  12.8265 115.5819 312.5917 210.5009   8.37 2453157.50000   58.2091 02:01   1
  47.7275   0.1771   5.8883 319.6768 147.4342 106.8264   8.19 2453157.50000   51.4272 02:01   4
  47.6709   0.2441  32.2090 232.6722 276.3908 185.3393   7.38 2453157.50000   59.2748 02:01   1
  47.6607   0.2945   8.6553 201.3881 152.2451 249.6668   7.42 2453157.50000   55.5660 02:01   1
  47.8269   0.2226  14.9072  15.6203 252.2660 290.7876   8.50 2453157.50000   46.3151 02:01   1
  47.6475   0.2061  14.2455 219.2960 299.2258 355.2210   7.75 2453157.50000   37.8804 02:01   1
  47.7412   0.3047  10.0585 263.6039 157.3307 218.3183   8.03 2453157.50000   60.3805 02:01   1
  47.6953   0.0843   4.0830 311.2791 105.6474 221.5362   8.20 2453157.50000   50.8405 02:01   1
  47.6665   0.2532  11.2551  11.6774  84.9954 192.8957   8.48 2453157.50000   59.5392 02:01   1
  47.7368   0.1406  16.7508 104.4275  80.7605 227.5215   7.54 2453157.50000   52.7148 02:01   3
  47.4968   0.1660  12.4293  46.6119 340.1535 244.9865   7.41 2453157.50000   51.7900 02:01   1
  48.0830   0.0771   9.3557 356.8748 324.4932  24.9008   8.28 2453157.50000   44.7757 02:01   5
  47.6602   0.1933  14.7350 217.9064  35.5891 230.6515   8.00 2453157.50000   54.3893 02:01   5
  47.7253   0.1677   2.3070 112.5047 242.0082 167.9949   8.62 2453157.50000   55.6018 02:01   4
  48.0968   0.1174  19.1080 194.2284 325.0621  16.7483   8.40 2453157.50000   42.7578 02:01   2
  47.6023   0.1960  11.4595 262.3232  86.0176  66.8355   8.19 2453157.50000   45.6326 02:01   1
  47.5018   0.2624  12.8244 215.5482 332.6907  82.1338   8.18 2453157.50000   49.0333 02:01   5
  47.6812   0.2364  13.0382 124.6777   9.3643 115.8836   8.56 2453157.50000   54.4226 02:01   5
  47.7204   0.1235  11.4791  16.5214 283.5469  85.8612   7.32 2453157.50000   48.0214 02:01   0
  47.9441   0.1562  10.4877 337.4541 118.7941 200.6254   7.74 2453157.50000   55.0732 02:01   1
  47.7589   0.3389  14.5324 314.6751 220.8505 254.9924   7.85 2453157.50000   56.2302 02:01   4
  47.4796   0.2626  13.7430 271.4226  49.7281 265.0682   8.54 2453157.50000   51.5684 02:01   1
  47.6229   0.3253  18.5129 314.1128 333.6265 215.2440   8.59 2453157.50000   61.4446 02:01   5
  47.9213   0.2464   1.1833  97.3952  56.1084 169.7875   8.42 2453157.50000   59.6091 02:01   1
  47.7990   0.3119   2.2277 147.1126  58.1319 248.8608   7.95 2453157.50000   56.4896 02:01   4
  47.7784   0.2390  16.7224 105.9147  68.8318  85.2049   8.24 2453157.50000   49.5126 02:01   4
  47.9549   0.1976  12.2866 112.7611 270.5942  64.5847   8.28 2453157.50000   45.5901 02:01   1
  47.6417   0.2639  14.3663  44.5036  71.3750   0.3056   7.67 2453157.50000   35.0713 02:01   0
  47.5818   0.3144   6.5763 227.4104 331.9241  69.5092   7.36 2453157.50000   46.9306 02:01   4
  47.6395   0.2703   8.3443 256.9969 272.8419 271.4223   8.11 2453157.50000   50.6732 02:01   5
  47.7069   0.3291   8.0635 130.2959 136.3380 296.3952   6.65 2453157.50000   45.6003 02:01   1
  48.0111   0.2165  15.8809  76.9141 338.4960 138.3793   7.98 2453157.50000   56.5674 02:01   4
  47.7454   0.2455  15.4309 102.6951 256.3725  67.8654   8.25 2453157.50000   46.0708 02:01   1
  47.6777   0.3023  11.9320 256.4449  33.3726  23.0436   6.99 2453157.50000   35.4961 02:01   4
  47.6179   0.2647  21.2740  12.1800  12.3854 208.2772   8.35 2453157.50000   59.2658 02:01   0
  47.8383   0.2481  12.4186 157.1918 150.4648  29.4052   8.63 2453157.50000   38.5097 02:01   5
  47.6047   0.2907   5.2734  65.2390 142.7704  72.1032   8.52 2453157.50000   47.3038 02:01   5
  47.7646   0.1545  14.6152 229.9098 274.8243 166.7228   8.15 2453157.50000   54.9937 02:01   0
  47.6826   0.3082  11.7902  66.8838 285.7219 351.7895   8.31 2453157.50000   33.3010 02:01   4
  47.7569   0.2779   7.6577 191.7572 267.3879 314.8673   6.87 2453157.50000   40.8710 02:01   5
  47.5918   0.1199  13.1635 243.1756 234.5596 212.0687   8.23 2453157.50000   52.5935 02:01   2
  47.5225   0.2773  12.1870 234.1981 200.9070 321.4720   8.09 2453157.50000   39.2015 02:01   5
  47.7802   0.3167  12.9340  19.7586 237.1708 294.0981   7.94 2453157.50000   46.1839 02:01   1
  47.8857   0.2687  23.1359 313.4920 256.9151  11.9795   8.28 2453157.50000   35.5354 02:01   3
  47.9837   0.1378   3.3764  78.7172 177.1840 108.7248   7.29 2453157.50000   50.8639 02:01   0
  48.0566   0.2293   3.4647 117.1180  14.7518 232.6440   8.66 2453157.50000   56.0367 02:01   3
  47.9398   0.1049  11.9959 354.5024 151.0187 254.7156   8.41 2453157.50000   49.7339 02:01   4
  47.7605   0.3371  15.3444 337.3634 311.1597 124.3042   8.20 2453157.50000   59.6070 02:01   2
  47.6525   0.1514  11.1997 134.7582 209.2757  88.2493   8.10 2453157.50000   48.5141 02:01   1
  47.9271   0.1720  11.3405 319.3579 135.3883  98.8741   8.46 2453157.50000   50.5056 02:01   4
  47.4890   0.0841   6.8274 186.9533 153.8676  93.9091   7.87 2453157.50000   48.0912 02:01   1
  47.7130   0.1530  12.4695  37.8886 329.7460 155.8863   7.38 2453157.50000   54.5315 02:01   4
  47.6881   0.1990  24.2368 301.8366 359.0365 264.1450   6.32 2453157.50000   50.4257 02:01   0
  47.7718   0.2234   1.1379 109.7214 283.4404 336.1693   7.00 2453157.50000   38.5552 02:01   4
  47.6689   0.2393   1.6669 257.6028 109.5796 342.0328   8.63 2453157.50000   37.2026 02:01   4
  47.7512   0.3325   7.6889 247.7331 338.0648  60.7553   6.96 2453157.50000   44.8539 02:01   4
  47.7704   0.0922   3.8963 270.9034 116.3211 251.2611   8.66 2453157.50000   49.5334 02:01   1
  47.7344   0.2735   2.6022  70.7042 343.1669 143.9778   8.05 2453157.50000   59.2018 02:01   4
#
# Total number of objects up to H =          8.66:         3200.
# Number of objects brighter than H_calib =  8.66:       3200
